date,MUTSCALM Index,FEDL01   Index
2000/1/4,0.03,5.38
2000/1/5,0.02,5.41
2000/1/6,0.02,5.54
2000/1/7,0.02,5.61
2000/1/8,NA,5.61
2000/1/9,NA,5.61
2000/1/10,NA,5.74
2000/1/11,0.02,5.63
2000/1/12,0.02,5.59
2000/1/13,0.02,5.58
2000/1/14,0.02,5.56
2000/1/15,NA,5.56
2000/1/16,NA,5.56
2000/1/17,0.02,5.56
2000/1/18,0.02,5.83
2000/1/19,0.02,5.47
2000/1/20,0.02,5.44
2000/1/21,0.02,5.36
2000/1/22,NA,5.36
2000/1/23,NA,5.36
2000/1/24,0.02,5.53
2000/1/25,0.02,5.46
2000/1/26,0.02,5.52
2000/1/27,0.02,5.61
2000/1/28,0.02,5.58
2000/1/29,NA,5.58
2000/1/30,NA,5.58
2000/1/31,0.02,5.87
2000/2/1,0.02,5.79
2000/2/2,0.02,5.64
2000/2/3,0.02,5.71
2000/2/4,0.02,5.7
2000/2/5,NA,5.7
2000/2/6,NA,5.7
2000/2/7,0.02,5.76
2000/2/8,0.02,5.67
2000/2/9,0.02,5.76
2000/2/10,0.02,5.79
2000/2/11,NA,5.71
2000/2/12,NA,5.71
2000/2/13,NA,5.71
2000/2/14,0.02,5.79
2000/2/15,0.02,5.85
2000/2/16,0.02,5.67
2000/2/17,0.02,5.66
2000/2/18,0.02,5.7
2000/2/19,NA,5.7
2000/2/20,NA,5.7
2000/2/21,0.02,5.7
2000/2/22,0.02,5.81
2000/2/23,0.02,5.77
2000/2/24,0.02,5.76
2000/2/25,0.02,5.73
2000/2/26,NA,5.73
2000/2/27,NA,5.73
2000/2/28,0.28,5.81
2000/2/29,0.05,5.85
2000/3/1,0.02,5.78
2000/3/2,0.02,5.76
2000/3/3,0.02,5.72
2000/3/4,NA,5.72
2000/3/5,NA,5.72
2000/3/6,0.02,5.73
2000/3/7,0.02,5.68
2000/3/8,0.02,5.77
2000/3/9,0.02,5.79
2000/3/10,0.02,5.75
2000/3/11,NA,5.75
2000/3/12,NA,5.75
2000/3/13,0.02,5.81
2000/3/14,0.02,5.8
2000/3/15,0.02,5.9
2000/3/16,0.02,5.77
2000/3/17,0.02,5.76
2000/3/18,NA,5.76
2000/3/19,NA,5.76
2000/3/20,NA,5.82
2000/3/21,0.03,5.81
2000/3/22,0.02,6.02
2000/3/23,0.02,6.04
2000/3/24,0.02,5.98
2000/3/25,NA,5.98
2000/3/26,NA,5.98
2000/3/27,0.02,6.07
2000/3/28,0.02,6.02
2000/3/29,0.02,5.98
2000/3/30,0.02,6.11
2000/3/31,0.04,6.17
2000/4/1,NA,6.17
2000/4/2,NA,6.17
2000/4/3,0.02,6.15
2000/4/4,0.02,5.98
2000/4/5,0.02,6.08
2000/4/6,0.02,6.05
2000/4/7,0.02,5.95
2000/4/8,NA,5.95
2000/4/9,NA,5.95
2000/4/10,0.02,6.05
2000/4/11,0.02,5.97
2000/4/12,0.02,5.93
2000/4/13,0.02,5.97
2000/4/14,0.02,6.08
2000/4/15,NA,6.08
2000/4/16,NA,6.08
2000/4/17,0.02,6.18
2000/4/18,0.02,5.93
2000/4/19,0.02,5.93
2000/4/20,0.02,6.05
2000/4/21,0.02,5.94
2000/4/22,NA,5.94
2000/4/23,NA,5.94
2000/4/24,0.02,5.9
2000/4/25,0.02,5.99
2000/4/26,0.02,6
2000/4/27,0.02,6
2000/4/28,0.02,6.06
2000/4/29,NA,6.06
2000/4/30,NA,6.06
2000/5/1,0.02,6.17
2000/5/2,0.02,6.05
2000/5/3,NA,6.05
2000/5/4,NA,6.05
2000/5/5,NA,5.94
2000/5/6,NA,5.94
2000/5/7,NA,5.94
2000/5/8,0.03,6.01
2000/5/9,0.02,5.92
2000/5/10,0.02,5.95
2000/5/11,0.02,6.05
2000/5/12,0.02,6.11
2000/5/13,NA,6.11
2000/5/14,NA,6.11
2000/5/15,0.02,6.34
2000/5/16,0.02,6.13
2000/5/17,0.02,6.25
2000/5/18,0.02,6.49
2000/5/19,0.02,6.51
2000/5/20,NA,6.51
2000/5/21,NA,6.51
2000/5/22,0.02,6.52
2000/5/23,0.02,6.47
2000/5/24,0.02,6.48
2000/5/25,0.02,6.56
2000/5/26,0.02,6.4
2000/5/27,NA,6.4
2000/5/28,NA,6.4
2000/5/29,0.02,6.4
2000/5/30,0.02,6.71
2000/5/31,0.03,6.83
2000/6/1,0.03,6.65
2000/6/2,0.02,6.44
2000/6/3,NA,6.44
2000/6/4,NA,6.44
2000/6/5,0.02,6.51
2000/6/6,0.02,6.47
2000/6/7,0.02,6.5
2000/6/8,0.02,6.54
2000/6/9,0.02,6.47
2000/6/10,NA,6.47
2000/6/11,NA,6.47
2000/6/12,0.02,6.54
2000/6/13,0.02,6.46
2000/6/14,0.02,6.54
2000/6/15,0.02,6.7
2000/6/16,0.02,6.46
2000/6/17,NA,6.46
2000/6/18,NA,6.46
2000/6/19,0.02,6.51
2000/6/20,0.02,6.49
2000/6/21,0.02,6.47
2000/6/22,0.02,6.52
2000/6/23,0.02,6.51
2000/6/24,NA,6.51
2000/6/25,NA,6.51
2000/6/26,0.02,6.63
2000/6/27,0.02,6.56
2000/6/28,0.02,6.5
2000/6/29,0.02,6.76
2000/6/30,0.03,6.86
2000/7/1,NA,6.86
2000/7/2,NA,6.86
2000/7/3,0.02,7.03
2000/7/4,0.02,7.03
2000/7/5,0.02,6.52
2000/7/6,0.02,6.51
2000/7/7,0.02,6.42
2000/7/8,NA,6.42
2000/7/9,NA,6.42
2000/7/10,0.02,6.51
2000/7/11,0.02,6.39
2000/7/12,0.02,6.38
2000/7/13,0.02,6.5
2000/7/14,0.03,6.51
2000/7/15,NA,6.51
2000/7/16,NA,6.51
2000/7/17,0.02,6.58
2000/7/18,0.03,6.47
2000/7/19,0.02,6.45
2000/7/20,NA,6.52
2000/7/21,0.02,6.51
2000/7/22,NA,6.51
2000/7/23,NA,6.51
2000/7/24,0.02,6.52
2000/7/25,0.02,6.46
2000/7/26,0.02,6.49
2000/7/27,0.02,6.52
2000/7/28,0.02,6.44
2000/7/29,NA,6.44
2000/7/30,NA,6.44
2000/7/31,0.02,6.64
2000/8/1,0.02,6.51
2000/8/2,0.02,6.42
2000/8/3,0.02,6.45
2000/8/4,0.02,6.44
2000/8/5,NA,6.44
2000/8/6,NA,6.44
2000/8/7,0.02,6.46
2000/8/8,0.02,6.44
2000/8/9,0.02,6.48
2000/8/10,0.03,6.52
2000/8/11,0.04,6.5
2000/8/12,NA,6.5
2000/8/13,NA,6.5
2000/8/14,0.1,6.58
2000/8/15,0.22,6.63
2000/8/16,0.27,6.48
2000/8/17,0.28,6.47
2000/8/18,0.24,6.44
2000/8/19,NA,6.44
2000/8/20,NA,6.44
2000/8/21,0.25,6.48
2000/8/22,0.24,6.42
2000/8/23,0.25,6.5
2000/8/24,0.25,6.56
2000/8/25,0.25,6.54
2000/8/26,NA,6.54
2000/8/27,NA,6.54
2000/8/28,0.26,6.57
2000/8/29,0.25,6.51
2000/8/30,0.25,6.51
2000/8/31,0.25,6.65
2000/9/1,0.24,6.52
2000/9/2,NA,6.52
2000/9/3,NA,6.52
2000/9/4,0.25,6.52
2000/9/5,0.25,6.61
2000/9/6,0.24,6.56
2000/9/7,0.25,6.53
2000/9/8,0.25,6.5
2000/9/9,NA,6.5
2000/9/10,NA,6.5
2000/9/11,0.25,6.5
2000/9/12,0.25,6.47
2000/9/13,0.25,6.47
2000/9/14,0.24,6.5
2000/9/15,NA,6.55
2000/9/16,NA,6.55
2000/9/17,NA,6.55
2000/9/18,0.26,6.44
2000/9/19,0.25,6.4
2000/9/20,0.25,6.5
2000/9/21,0.25,6.53
2000/9/22,0.25,6.48
2000/9/23,NA,6.48
2000/9/24,NA,6.48
2000/9/25,0.25,6.54
2000/9/26,0.24,6.5
2000/9/27,0.24,6.5
2000/9/28,0.25,6.59
2000/9/29,0.28,6.6
2000/9/30,NA,6.6
2000/10/1,NA,6.6
2000/10/2,0.25,6.68
2000/10/3,0.24,6.46
2000/10/4,0.24,6.51
2000/10/5,0.25,6.54
2000/10/6,0.24,6.43
2000/10/7,NA,6.43
2000/10/8,NA,6.43
2000/10/9,NA,6.43
2000/10/10,0.25,6.57
2000/10/11,0.25,6.46
2000/10/12,0.25,6.47
2000/10/13,0.23,6.46
2000/10/14,NA,6.46
2000/10/15,NA,6.46
2000/10/16,0.26,6.59
2000/10/17,0.25,6.45
2000/10/18,0.25,6.53
2000/10/19,0.25,6.54
2000/10/20,0.25,6.5
2000/10/21,NA,6.5
2000/10/22,NA,6.5
2000/10/23,0.26,6.53
2000/10/24,0.25,6.49
2000/10/25,0.24,6.53
2000/10/26,0.25,6.53
2000/10/27,0.24,6.51
2000/10/28,NA,6.51
2000/10/29,NA,6.51
2000/10/30,0.25,6.59
2000/10/31,0.25,6.59
2000/11/1,0.25,6.61
2000/11/2,0.24,6.54
2000/11/3,NA,6.48
2000/11/4,NA,6.48
2000/11/5,NA,6.48
2000/11/6,0.25,6.49
2000/11/7,0.24,6.48
2000/11/8,0.25,6.51
2000/11/9,0.25,6.52
2000/11/10,0.24,6.48
2000/11/11,NA,6.48
2000/11/12,NA,6.48
2000/11/13,0.25,6.55
2000/11/14,0.24,6.52
2000/11/15,0.23,6.61
2000/11/16,0.25,6.55
2000/11/17,0.25,6.48
2000/11/18,NA,6.48
2000/11/19,NA,6.48
2000/11/20,0.25,6.52
2000/11/21,0.25,6.5
2000/11/22,0.25,6.58
2000/11/23,NA,6.58
2000/11/24,0.25,6.49
2000/11/25,NA,6.49
2000/11/26,NA,6.49
2000/11/27,0.25,6.5
2000/11/28,0.25,6.46
2000/11/29,0.25,6.5
2000/11/30,0.26,6.62
2000/12/1,0.25,6.6
2000/12/2,NA,6.6
2000/12/3,NA,6.6
2000/12/4,0.24,6.57
2000/12/5,0.25,6.51
2000/12/6,0.25,6.48
2000/12/7,0.25,6.49
2000/12/8,0.25,6.47
2000/12/9,NA,6.47
2000/12/10,NA,6.47
2000/12/11,0.25,6.49
2000/12/12,0.25,6.43
2000/12/13,0.24,6.47
2000/12/14,0.25,6.53
2000/12/15,0.25,6.58
2000/12/16,NA,6.58
2000/12/17,NA,6.58
2000/12/18,0.25,6.5
2000/12/19,0.22,6.47
2000/12/20,0.25,6.47
2000/12/21,0.24,6.48
2000/12/22,0.23,6.44
2000/12/23,NA,6.44
2000/12/24,NA,6.44
2000/12/25,0.24,6.44
2000/12/26,0.23,6.58
2000/12/27,0.23,6.53
2000/12/28,0.25,6.53
2000/12/29,0.2,5.41
2000/12/30,NA,5.41
2000/12/31,NA,5.41
2001/1/1,NA,5.41
2001/1/2,NA,6.67
2001/1/3,NA,6.35
2001/1/4,0.25,5.92
2001/1/5,0.25,5.83
2001/1/6,NA,5.83
2001/1/7,NA,5.83
2001/1/8,NA,5.98
2001/1/9,0.21,5.95
2001/1/10,0.24,6.06
2001/1/11,0.24,6.05
2001/1/12,0.25,5.98
2001/1/13,NA,5.98
2001/1/14,NA,5.98
2001/1/15,0.28,5.98
2001/1/16,0.25,6.2
2001/1/17,0.25,5.94
2001/1/18,0.24,5.93
2001/1/19,0.25,5.92
2001/1/20,NA,5.92
2001/1/21,NA,5.92
2001/1/22,0.28,6
2001/1/23,0.25,5.97
2001/1/24,0.25,6.05
2001/1/25,0.24,6.1
2001/1/26,0.24,5.96
2001/1/27,NA,5.96
2001/1/28,NA,5.96
2001/1/29,0.26,5.98
2001/1/30,0.25,5.9
2001/1/31,0.25,5.74
2001/2/1,0.24,5.57
2001/2/2,0.23,5.5
2001/2/3,NA,5.5
2001/2/4,NA,5.5
2001/2/5,0.25,5.52
2001/2/6,0.24,5.48
2001/2/7,0.24,5.5
2001/2/8,0.25,5.5
2001/2/9,0.25,5.44
2001/2/10,NA,5.44
2001/2/11,NA,5.44
2001/2/12,NA,5.48
2001/2/13,0.28,5.46
2001/2/14,0.24,5.5
2001/2/15,0.26,5.57
2001/2/16,0.24,5.46
2001/2/17,NA,5.46
2001/2/18,NA,5.46
2001/2/19,0.25,5.46
2001/2/20,0.25,5.57
2001/2/21,0.25,5.5
2001/2/22,0.25,5.52
2001/2/23,0.24,5.46
2001/2/24,NA,5.46
2001/2/25,NA,5.46
2001/2/26,0.25,5.55
2001/2/27,0.25,5.49
2001/2/28,0.26,5.59
2001/3/1,0.15,5.59
2001/3/2,0.14,5.52
2001/3/3,NA,5.52
2001/3/4,NA,5.52
2001/3/5,0.15,5.52
2001/3/6,0.14,5.39
2001/3/7,0.15,5.34
2001/3/8,0.15,5.46
2001/3/9,0.15,5.42
2001/3/10,NA,5.42
2001/3/11,NA,5.42
2001/3/12,0.16,5.5
2001/3/13,0.14,5.5
2001/3/14,0.14,5.48
2001/3/15,0.15,5.52
2001/3/16,0.14,5.4
2001/3/17,NA,5.4
2001/3/18,NA,5.4
2001/3/19,0.13,5.38
2001/3/20,NA,5.14
2001/3/21,0.06,5.05
2001/3/22,0.04,5.04
2001/3/23,0.03,4.94
2001/3/24,NA,4.94
2001/3/25,NA,4.94
2001/3/26,0.03,5.03
2001/3/27,0.03,5.04
2001/3/28,0.02,5.05
2001/3/29,0.02,5.19
2001/3/30,0.12,5.29
2001/3/31,NA,5.29
2001/4/1,NA,5.29
2001/4/2,0.07,5.3
2001/4/3,0.03,5.1
2001/4/4,0.03,5.01
2001/4/5,0.02,5.04
2001/4/6,0.02,4.94
2001/4/7,NA,4.94
2001/4/8,NA,4.94
2001/4/9,0.02,4.98
2001/4/10,0.02,4.96
2001/4/11,0.02,4.95
2001/4/12,0.01,5.02
2001/4/13,0.01,5.01
2001/4/14,NA,5.01
2001/4/15,NA,5.01
2001/4/16,0.02,5.17
2001/4/17,0.02,4.99
2001/4/18,0.02,4.67
2001/4/19,0.02,4.47
2001/4/20,0.01,4.38
2001/4/21,NA,4.38
2001/4/22,NA,4.38
2001/4/23,0.01,4.4
2001/4/24,0.01,4.41
2001/4/25,0.01,4.54
2001/4/26,0.01,4.57
2001/4/27,0.02,4.51
2001/4/28,NA,4.51
2001/4/29,NA,4.51
2001/4/30,NA,4.67
2001/5/1,0.01,4.61
2001/5/2,0.01,4.35
2001/5/3,NA,4.48
2001/5/4,NA,4.41
2001/5/5,NA,4.41
2001/5/6,NA,4.41
2001/5/7,0.01,4.47
2001/5/8,0.01,4.41
2001/5/9,0.01,4.43
2001/5/10,0.01,4.51
2001/5/11,0.01,4.47
2001/5/12,NA,4.47
2001/5/13,NA,4.47
2001/5/14,0.02,4.43
2001/5/15,0.16,4.22
2001/5/16,0.01,4.04
2001/5/17,0.01,4.04
2001/5/18,0.01,3.95
2001/5/19,NA,3.95
2001/5/20,NA,3.95
2001/5/21,0.01,4.02
2001/5/22,0.01,3.99
2001/5/23,0.01,3.97
2001/5/24,0.01,3.98
2001/5/25,0.01,3.94
2001/5/26,NA,3.94
2001/5/27,NA,3.94
2001/5/28,0.01,3.94
2001/5/29,0.01,4.09
2001/5/30,0.01,4.05
2001/5/31,0.03,4.24
2001/6/1,0.01,4.14
2001/6/2,NA,4.14
2001/6/3,NA,4.14
2001/6/4,0.01,4.03
2001/6/5,0.01,3.93
2001/6/6,0.01,3.91
2001/6/7,0.01,3.92
2001/6/8,0.01,4.02
2001/6/9,NA,4.02
2001/6/10,NA,4.02
2001/6/11,0.01,4.03
2001/6/12,0.01,3.98
2001/6/13,0.01,4.04
2001/6/14,0.01,4.03
2001/6/15,0.01,3.94
2001/6/16,NA,3.94
2001/6/17,NA,3.94
2001/6/18,0.01,3.91
2001/6/19,0.01,3.91
2001/6/20,0.02,3.98
2001/6/21,0.02,4.02
2001/6/22,0.03,3.98
2001/6/23,NA,3.98
2001/6/24,NA,3.98
2001/6/25,0.03,3.97
2001/6/26,0.02,3.75
2001/6/27,0.02,3.68
2001/6/28,0.04,3.86
2001/6/29,0.06,3.95
2001/6/30,NA,3.95
2001/7/1,NA,3.95
2001/7/2,0.02,4.11
2001/7/3,0.02,3.69
2001/7/4,0.01,3.69
2001/7/5,0.01,3.72
2001/7/6,0.01,3.6
2001/7/7,NA,3.6
2001/7/8,NA,3.6
2001/7/9,0.01,3.67
2001/7/10,0.01,3.71
2001/7/11,0.01,3.78
2001/7/12,0.01,3.78
2001/7/13,0.01,3.75
2001/7/14,NA,3.75
2001/7/15,NA,3.75
2001/7/16,0.02,3.82
2001/7/17,0.02,3.71
2001/7/18,0.01,3.73
2001/7/19,0.01,3.77
2001/7/20,NA,3.8
2001/7/21,NA,3.8
2001/7/22,NA,3.8
2001/7/23,0.02,3.82
2001/7/24,0.01,3.82
2001/7/25,0.01,3.89
2001/7/26,0.01,3.87
2001/7/27,0.01,3.75
2001/7/28,NA,3.75
2001/7/29,NA,3.75
2001/7/30,0.01,3.79
2001/7/31,0.02,3.82
2001/8/1,0.01,3.79
2001/8/2,0.01,3.68
2001/8/3,0.01,3.69
2001/8/4,NA,3.69
2001/8/5,NA,3.69
2001/8/6,0.01,3.73
2001/8/7,0.01,3.69
2001/8/8,0.01,3.75
2001/8/9,0.01,3.77
2001/8/10,0.01,3.7
2001/8/11,NA,3.7
2001/8/12,NA,3.7
2001/8/13,0.01,3.79
2001/8/14,0.01,3.76
2001/8/15,0.01,3.83
2001/8/16,0.01,3.75
2001/8/17,0.01,3.66
2001/8/18,NA,3.66
2001/8/19,NA,3.66
2001/8/20,0.01,3.64
2001/8/21,0.01,3.53
2001/8/22,0.01,3.51
2001/8/23,0.01,3.55
2001/8/24,0.01,3.51
2001/8/25,NA,3.51
2001/8/26,NA,3.51
2001/8/27,0.01,3.54
2001/8/28,0.01,3.5
2001/8/29,0.01,3.5
2001/8/30,0.01,3.58
2001/8/31,0.01,3.66
2001/9/1,NA,3.66
2001/9/2,NA,3.66
2001/9/3,0.01,3.66
2001/9/4,0.01,3.67
2001/9/5,0.01,3.49
2001/9/6,0.002,3.52
2001/9/7,0.002,3.44
2001/9/8,NA,3.44
2001/9/9,NA,3.44
2001/9/10,0.002,3.5
2001/9/11,0.003,3.5
2001/9/12,0.031,3.56
2001/9/13,0.003,3.31
2001/9/14,0.002,3.13
2001/9/15,NA,3.13
2001/9/16,NA,3.13
2001/9/17,0.003,2.13
2001/9/18,0.002,1.25
2001/9/19,0.002,1.19
2001/9/20,0.003,2.22
2001/9/21,0.002,3.11
2001/9/22,NA,3.11
2001/9/23,NA,3.11
2001/9/24,NA,3.31
2001/9/25,0.002,3.11
2001/9/26,0.002,2.96
2001/9/27,0.002,3.08
2001/9/28,0.003,2.75
2001/9/29,NA,2.75
2001/9/30,NA,2.75
2001/10/1,0.002,3.02
2001/10/2,0.001,2.35
2001/10/3,0.001,2.27
2001/10/4,0.001,2.45
2001/10/5,0.001,2.42
2001/10/6,NA,2.42
2001/10/7,NA,2.42
2001/10/8,NA,2.42
2001/10/9,0.003,2.5
2001/10/10,0.019,2.42
2001/10/11,0.009,2.42
2001/10/12,0.002,2.39
2001/10/13,NA,2.39
2001/10/14,NA,2.39
2001/10/15,0.002,2.51
2001/10/16,0.002,2.47
2001/10/17,0.002,2.51
2001/10/18,0.002,2.5
2001/10/19,0.002,2.47
2001/10/20,NA,2.47
2001/10/21,NA,2.47
2001/10/22,0.002,2.52
2001/10/23,0.002,2.48
2001/10/24,0.002,2.53
2001/10/25,0.002,2.54
2001/10/26,0.003,2.51
2001/10/27,NA,2.51
2001/10/28,NA,2.51
2001/10/29,0.003,2.55
2001/10/30,0.003,2.55
2001/10/31,0.003,2.66
2001/11/1,0.002,2.61
2001/11/2,0.002,2.43
2001/11/3,NA,2.43
2001/11/4,NA,2.43
2001/11/5,0.002,2.45
2001/11/6,0.002,2.13
2001/11/7,0.002,2.04
2001/11/8,0.002,2.03
2001/11/9,0.003,1.98
2001/11/10,NA,1.98
2001/11/11,NA,1.98
2001/11/12,0.004,1.98
2001/11/13,0.003,2.1
2001/11/14,0.003,2.16
2001/11/15,0.002,2.22
2001/11/16,0.002,1.98
2001/11/17,NA,1.98
2001/11/18,NA,1.98
2001/11/19,0.002,2.01
2001/11/20,0.002,1.97
2001/11/21,0.002,1.93
2001/11/22,0.002,1.93
2001/11/23,NA,1.88
2001/11/24,NA,1.88
2001/11/25,NA,1.88
2001/11/26,0.003,2.04
2001/11/27,0.003,2.01
2001/11/28,0.002,2.04
2001/11/29,0.003,2.09
2001/11/30,0.003,2.06
2001/12/1,NA,2.06
2001/12/2,NA,2.06
2001/12/3,0.002,2.05
2001/12/4,0.002,1.93
2001/12/5,0.002,1.89
2001/12/6,0.002,1.87
2001/12/7,0.002,1.92
2001/12/8,NA,1.92
2001/12/9,NA,1.92
2001/12/10,0.003,1.9
2001/12/11,0.002,1.8
2001/12/12,0.002,1.81
2001/12/13,0.002,1.86
2001/12/14,0.001,1.88
2001/12/15,NA,1.88
2001/12/16,NA,1.88
2001/12/17,0.002,1.93
2001/12/18,0.002,1.71
2001/12/19,0.002,1.71
2001/12/20,0.002,1.79
2001/12/21,0.002,1.78
2001/12/22,NA,1.78
2001/12/23,NA,1.78
2001/12/24,NA,1.68
2001/12/25,0.001,1.68
2001/12/26,0.001,1.89
2001/12/27,0.001,1.85
2001/12/28,0.002,1.54
2001/12/29,NA,1.54
2001/12/30,NA,1.54
2001/12/31,NA,1.52
2002/1/1,NA,1.52
2002/1/2,NA,1.92
2002/1/3,NA,1.72
2002/1/4,0.002,1.61
2002/1/5,NA,1.61
2002/1/6,NA,1.61
2002/1/7,0.001,1.61
2002/1/8,0.001,1.61
2002/1/9,0.001,1.74
2002/1/10,0.001,1.81
2002/1/11,0.002,1.71
2002/1/12,NA,1.71
2002/1/13,NA,1.71
2002/1/14,NA,1.78
2002/1/15,0.001,1.75
2002/1/16,0.001,1.69
2002/1/17,0.001,1.68
2002/1/18,0.001,1.71
2002/1/19,NA,1.71
2002/1/20,NA,1.71
2002/1/21,0.001,1.71
2002/1/22,0.001,1.84
2002/1/23,0.001,1.81
2002/1/24,0.001,1.8
2002/1/25,0.001,1.78
2002/1/26,NA,1.78
2002/1/27,NA,1.78
2002/1/28,0.001,1.79
2002/1/29,0.001,1.78
2002/1/30,0.001,1.78
2002/1/31,0.001,1.85
2002/2/1,0.001,1.77
2002/2/2,NA,1.77
2002/2/3,NA,1.77
2002/2/4,0.001,1.74
2002/2/5,0.001,1.64
2002/2/6,0.001,1.66
2002/2/7,0.001,1.74
2002/2/8,0.001,1.69
2002/2/9,NA,1.69
2002/2/10,NA,1.69
2002/2/11,NA,1.76
2002/2/12,0.001,1.72
2002/2/13,0.001,1.75
2002/2/14,0.001,1.81
2002/2/15,0.001,1.73
2002/2/16,NA,1.73
2002/2/17,NA,1.73
2002/2/18,0.001,1.73
2002/2/19,0.001,1.77
2002/2/20,0.001,1.76
2002/2/21,0.001,1.77
2002/2/22,0.001,1.71
2002/2/23,NA,1.71
2002/2/24,NA,1.71
2002/2/25,0.001,1.8
2002/2/26,0.001,1.77
2002/2/27,0.001,1.76
2002/2/28,0.001,1.83
2002/3/1,0.001,1.78
2002/3/2,NA,1.78
2002/3/3,NA,1.78
2002/3/4,0.001,1.68
2002/3/5,0.001,1.63
2002/3/6,0.002,1.71
2002/3/7,0.002,1.77
2002/3/8,0.002,1.69
2002/3/9,NA,1.69
2002/3/10,NA,1.69
2002/3/11,0.002,1.75
2002/3/12,0.002,1.68
2002/3/13,0.002,1.73
2002/3/14,0.002,1.79
2002/3/15,0.002,1.8
2002/3/16,NA,1.8
2002/3/17,NA,1.8
2002/3/18,0.002,1.71
2002/3/19,0.002,1.67
2002/3/20,0.001,1.78
2002/3/21,NA,1.74
2002/3/22,0.001,1.68
2002/3/23,NA,1.68
2002/3/24,NA,1.68
2002/3/25,0.001,1.75
2002/3/26,0.001,1.71
2002/3/27,0.001,1.69
2002/3/28,0.001,1.77
2002/3/29,0.012,1.74
2002/3/30,NA,1.74
2002/3/31,NA,1.74
2002/4/1,0.002,1.88
2002/4/2,0.001,1.74
2002/4/3,0.001,1.81
2002/4/4,0.001,1.74
2002/4/5,0.001,1.7
2002/4/6,NA,1.7
2002/4/7,NA,1.7
2002/4/8,0.002,1.72
2002/4/9,0.002,1.68
2002/4/10,0.003,1.73
2002/4/11,0.002,1.83
2002/4/12,0.001,1.79
2002/4/13,NA,1.79
2002/4/14,NA,1.79
2002/4/15,0.001,1.84
2002/4/16,0.001,1.68
2002/4/17,0.001,1.73
2002/4/18,0.001,1.71
2002/4/19,0.001,1.67
2002/4/20,NA,1.67
2002/4/21,NA,1.67
2002/4/22,0.001,1.73
2002/4/23,0.001,1.71
2002/4/24,0.002,1.76
2002/4/25,0.002,1.82
2002/4/26,0.002,1.79
2002/4/27,NA,1.79
2002/4/28,NA,1.79
2002/4/29,NA,1.81
2002/4/30,0.002,1.82
2002/5/1,0.002,1.88
2002/5/2,0.001,1.79
2002/5/3,NA,1.73
2002/5/4,NA,1.73
2002/5/5,NA,1.73
2002/5/6,NA,1.75
2002/5/7,0.002,1.72
2002/5/8,0.002,1.71
2002/5/9,0.002,1.74
2002/5/10,0.001,1.74
2002/5/11,NA,1.74
2002/5/12,NA,1.74
2002/5/13,0.002,1.75
2002/5/14,0.001,1.69
2002/5/15,0.001,1.84
2002/5/16,0.001,1.76
2002/5/17,0.001,1.7
2002/5/18,NA,1.7
2002/5/19,NA,1.7
2002/5/20,0.002,1.72
2002/5/21,0.001,1.68
2002/5/22,0.001,1.73
2002/5/23,0.001,1.76
2002/5/24,0.001,1.75
2002/5/25,NA,1.75
2002/5/26,NA,1.75
2002/5/27,0.002,1.75
2002/5/28,0.001,1.88
2002/5/29,0.001,1.79
2002/5/30,0.001,1.8
2002/5/31,0.002,1.79
2002/6/1,NA,1.79
2002/6/2,NA,1.79
2002/6/3,0.002,1.83
2002/6/4,0.002,1.73
2002/6/5,0.001,1.7
2002/6/6,0.002,1.75
2002/6/7,0.001,1.73
2002/6/8,NA,1.73
2002/6/9,NA,1.73
2002/6/10,0.001,1.76
2002/6/11,0.001,1.72
2002/6/12,0.001,1.75
2002/6/13,0.001,1.76
2002/6/14,0.001,1.75
2002/6/15,NA,1.75
2002/6/16,NA,1.75
2002/6/17,0.002,1.82
2002/6/18,0.001,1.71
2002/6/19,0.002,1.69
2002/6/20,0.002,1.75
2002/6/21,0.002,1.74
2002/6/22,NA,1.74
2002/6/23,NA,1.74
2002/6/24,0.001,1.77
2002/6/25,0.001,1.75
2002/6/26,0.001,1.78
2002/6/27,0.001,1.81
2002/6/28,0.002,1.73
2002/6/29,NA,1.73
2002/6/30,NA,1.73
2002/7/1,0.001,1.83
2002/7/2,0.002,1.72
2002/7/3,0.001,1.71
2002/7/4,0.002,1.71
2002/7/5,0.001,1.72
2002/7/6,NA,1.72
2002/7/7,NA,1.72
2002/7/8,0.002,1.75
2002/7/9,0.002,1.72
2002/7/10,0.002,1.74
2002/7/11,0.002,1.76
2002/7/12,0.002,1.71
2002/7/13,NA,1.71
2002/7/14,NA,1.71
2002/7/15,0.002,1.83
2002/7/16,0.001,1.72
2002/7/17,0.002,1.71
2002/7/18,0.002,1.74
2002/7/19,0.002,1.72
2002/7/20,NA,1.72
2002/7/21,NA,1.72
2002/7/22,0.002,1.77
2002/7/23,0.002,1.73
2002/7/24,0.002,1.67
2002/7/25,0.002,1.75
2002/7/26,0.002,1.69
2002/7/27,NA,1.69
2002/7/28,NA,1.69
2002/7/29,0.002,1.75
2002/7/30,0.002,1.71
2002/7/31,0.001,1.76
2002/8/1,0.002,1.79
2002/8/2,0.001,1.72
2002/8/3,NA,1.72
2002/8/4,NA,1.72
2002/8/5,0.002,1.77
2002/8/6,0.002,1.74
2002/8/7,0.002,1.71
2002/8/8,0.002,1.71
2002/8/9,0.002,1.68
2002/8/10,NA,1.68
2002/8/11,NA,1.68
2002/8/12,0.002,1.76
2002/8/13,0.001,1.74
2002/8/14,0.001,1.78
2002/8/15,0.002,1.87
2002/8/16,0.002,1.7
2002/8/17,NA,1.7
2002/8/18,NA,1.7
2002/8/19,0.002,1.72
2002/8/20,0.002,1.7
2002/8/21,0.002,1.72
2002/8/22,0.002,1.73
2002/8/23,0.002,1.72
2002/8/24,NA,1.72
2002/8/25,NA,1.72
2002/8/26,0.002,1.81
2002/8/27,0.002,1.79
2002/8/28,0.002,1.8
2002/8/29,0.002,1.82
2002/8/30,0.002,1.81
2002/8/31,NA,1.81
2002/9/1,NA,1.81
2002/9/2,0.002,1.81
2002/9/3,0.001,1.87
2002/9/4,0.002,1.74
2002/9/5,0.002,1.75
2002/9/6,0.002,1.71
2002/9/7,NA,1.71
2002/9/8,NA,1.71
2002/9/9,0.002,1.76
2002/9/10,0.002,1.74
2002/9/11,0.002,1.72
2002/9/12,0.002,1.74
2002/9/13,0.002,1.72
2002/9/14,NA,1.72
2002/9/15,NA,1.72
2002/9/16,NA,1.83
2002/9/17,0.002,1.72
2002/9/18,0.002,1.68
2002/9/19,0.001,1.69
2002/9/20,0.002,1.7
2002/9/21,NA,1.7
2002/9/22,NA,1.7
2002/9/23,NA,1.74
2002/9/24,0.002,1.75
2002/9/25,0.001,1.79
2002/9/26,0.002,1.8
2002/9/27,0.002,1.78
2002/9/28,NA,1.78
2002/9/29,NA,1.78
2002/9/30,0.067,1.85
2002/10/1,0.002,1.85
2002/10/2,0.002,1.75
2002/10/3,0.002,1.76
2002/10/4,0.002,1.72
2002/10/5,NA,1.72
2002/10/6,NA,1.72
2002/10/7,0.002,1.74
2002/10/8,0.002,1.72
2002/10/9,0.002,1.73
2002/10/10,0.002,1.75
2002/10/11,0.002,1.73
2002/10/12,NA,1.73
2002/10/13,NA,1.73
2002/10/14,NA,1.73
2002/10/15,0.002,1.88
2002/10/16,0.002,1.73
2002/10/17,0.002,1.74
2002/10/18,0.002,1.71
2002/10/19,NA,1.71
2002/10/20,NA,1.71
2002/10/21,0.001,1.73
2002/10/22,0.002,1.71
2002/10/23,0.002,1.76
2002/10/24,0.002,1.8
2002/10/25,0.002,1.82
2002/10/26,NA,1.82
2002/10/27,NA,1.82
2002/10/28,0.001,1.79
2002/10/29,0.002,1.75
2002/10/30,0.002,1.72
2002/10/31,0.002,1.82
2002/11/1,0.002,1.74
2002/11/2,NA,1.74
2002/11/3,NA,1.74
2002/11/4,NA,1.71
2002/11/5,0.002,1.64
2002/11/6,0.002,1.48
2002/11/7,0.002,1.27
2002/11/8,0.002,1.18
2002/11/9,NA,1.18
2002/11/10,NA,1.18
2002/11/11,0.002,1.18
2002/11/12,0.002,1.29
2002/11/13,0.002,1.17
2002/11/14,0.002,1.29
2002/11/15,0.002,1.35
2002/11/16,NA,1.35
2002/11/17,NA,1.35
2002/11/18,0.002,1.21
2002/11/19,0.002,1.2
2002/11/20,0.002,1.23
2002/11/21,0.002,1.27
2002/11/22,0.002,1.25
2002/11/23,NA,1.25
2002/11/24,NA,1.25
2002/11/25,0.002,1.32
2002/11/26,0.002,1.26
2002/11/27,0.001,1.27
2002/11/28,0.002,1.27
2002/11/29,0.002,1.23
2002/11/30,NA,1.23
2002/12/1,NA,1.23
2002/12/2,0.002,1.27
2002/12/3,0.002,1.24
2002/12/4,0.002,1.23
2002/12/5,0.002,1.24
2002/12/6,0.002,1.21
2002/12/7,NA,1.21
2002/12/8,NA,1.21
2002/12/9,0.002,1.22
2002/12/10,0.002,1.22
2002/12/11,0.002,1.29
2002/12/12,0.002,1.29
2002/12/13,0.002,1.25
2002/12/14,NA,1.25
2002/12/15,NA,1.25
2002/12/16,0.002,1.36
2002/12/17,0.002,1.26
2002/12/18,0.002,1.25
2002/12/19,0.002,1.28
2002/12/20,0.002,1.26
2002/12/21,NA,1.26
2002/12/22,NA,1.26
2002/12/23,NA,1.28
2002/12/24,0.002,1.15
2002/12/25,0.002,1.15
2002/12/26,0.002,1.28
2002/12/27,0.001,1.2
2002/12/28,NA,1.2
2002/12/29,NA,1.2
2002/12/30,0.002,1.23
2002/12/31,NA,1.16
2003/1/1,NA,1.16
2003/1/2,NA,1.3
2003/1/3,NA,1.12
2003/1/4,NA,1.12
2003/1/5,NA,1.12
2003/1/6,0.002,1.22
2003/1/7,0.002,1.2
2003/1/8,0.002,1.29
2003/1/9,0.002,1.29
2003/1/10,0.002,1.25
2003/1/11,NA,1.25
2003/1/12,NA,1.25
2003/1/13,NA,1.26
2003/1/14,0.002,1.24
2003/1/15,0.002,1.3
2003/1/16,0.002,1.24
2003/1/17,0.002,1.2
2003/1/18,NA,1.2
2003/1/19,NA,1.2
2003/1/20,0.002,1.2
2003/1/21,0.002,1.31
2003/1/22,0.002,1.26
2003/1/23,0.001,1.27
2003/1/24,0.001,1.21
2003/1/25,NA,1.21
2003/1/26,NA,1.21
2003/1/27,0.001,1.3
2003/1/28,0.001,1.23
2003/1/29,0.002,1.26
2003/1/30,0.001,1.29
2003/1/31,0.001,1.33
2003/2/1,NA,1.33
2003/2/2,NA,1.33
2003/2/3,0.001,1.3
2003/2/4,0.001,1.21
2003/2/5,0.001,1.21
2003/2/6,0.001,1.23
2003/2/7,0.001,1.21
2003/2/8,NA,1.21
2003/2/9,NA,1.21
2003/2/10,0.002,1.25
2003/2/11,NA,1.22
2003/2/12,0.001,1.23
2003/2/13,0.001,1.28
2003/2/14,0.001,1.3
2003/2/15,NA,1.3
2003/2/16,NA,1.3
2003/2/17,0.002,1.3
2003/2/18,0.001,1.35
2003/2/19,0.001,1.24
2003/2/20,0.001,1.25
2003/2/21,0.001,1.21
2003/2/22,NA,1.21
2003/2/23,NA,1.21
2003/2/24,0.001,1.25
2003/2/25,0.001,1.28
2003/2/26,0.001,1.28
2003/2/27,0.001,1.31
2003/2/28,0.001,1.33
2003/3/1,NA,1.33
2003/3/2,NA,1.33
2003/3/3,0.001,1.33
2003/3/4,0.001,1.2
2003/3/5,0.001,1.22
2003/3/6,0.001,1.23
2003/3/7,0.001,1.2
2003/3/8,NA,1.2
2003/3/9,NA,1.2
2003/3/10,0.001,1.23
2003/3/11,0.001,1.21
2003/3/12,0.001,1.23
2003/3/13,0.002,1.31
2003/3/14,0.001,1.3
2003/3/15,NA,1.3
2003/3/16,NA,1.3
2003/3/17,0.001,1.31
2003/3/18,0.001,1.2
2003/3/19,0.002,1.2
2003/3/20,0.002,1.23
2003/3/21,NA,1.2
2003/3/22,NA,1.2
2003/3/23,NA,1.2
2003/3/24,0.001,1.23
2003/3/25,0.001,1.24
2003/3/26,0.001,1.26
2003/3/27,0.001,1.29
2003/3/28,0.001,1.26
2003/3/29,NA,1.26
2003/3/30,NA,1.26
2003/3/31,0.021,1.38
2003/4/1,0.001,1.29
2003/4/2,0.001,1.19
2003/4/3,0.001,1.24
2003/4/4,0.001,1.22
2003/4/5,NA,1.22
2003/4/6,NA,1.22
2003/4/7,0.001,1.25
2003/4/8,0.001,1.22
2003/4/9,0.001,1.24
2003/4/10,0.001,1.27
2003/4/11,0.001,1.24
2003/4/12,NA,1.24
2003/4/13,NA,1.24
2003/4/14,0.001,1.32
2003/4/15,0.002,1.34
2003/4/16,0.001,1.26
2003/4/17,0.001,1.28
2003/4/18,0.001,1.24
2003/4/19,NA,1.24
2003/4/20,NA,1.24
2003/4/21,0.002,1.29
2003/4/22,0.002,1.26
2003/4/23,0.001,1.24
2003/4/24,0.001,1.24
2003/4/25,0.001,1.28
2003/4/26,NA,1.28
2003/4/27,NA,1.28
2003/4/28,0.002,1.29
2003/4/29,NA,1.27
2003/4/30,0.002,1.31
2003/5/1,0.002,1.3
2003/5/2,0.001,1.24
2003/5/3,NA,1.24
2003/5/4,NA,1.24
2003/5/5,NA,1.27
2003/5/6,0.002,1.28
2003/5/7,0.001,1.28
2003/5/8,0.001,1.27
2003/5/9,0.002,1.24
2003/5/10,NA,1.24
2003/5/11,NA,1.24
2003/5/12,0.001,1.25
2003/5/13,0.001,1.23
2003/5/14,0.002,1.3
2003/5/15,0.001,1.36
2003/5/16,0.001,1.26
2003/5/17,NA,1.26
2003/5/18,NA,1.26
2003/5/19,0.002,1.26
2003/5/20,0.001,1.23
2003/5/21,0.001,1.23
2003/5/22,0.001,1.25
2003/5/23,0.002,1.21
2003/5/24,NA,1.21
2003/5/25,NA,1.21
2003/5/26,0.002,1.21
2003/5/27,0.001,1.32
2003/5/28,0.002,1.29
2003/5/29,0.002,1.29
2003/5/30,0.002,1.28
2003/5/31,NA,1.28
2003/6/1,NA,1.28
2003/6/2,0.002,1.27
2003/6/3,0.002,1.21
2003/6/4,0.002,1.22
2003/6/5,0.001,1.26
2003/6/6,0.002,1.24
2003/6/7,NA,1.24
2003/6/8,NA,1.24
2003/6/9,0,1.25
2003/6/10,0,1.22
2003/6/11,0.001,1.25
2003/6/12,0.001,1.25
2003/6/13,0.001,1.24
2003/6/14,NA,1.24
2003/6/15,NA,1.24
2003/6/16,0.001,1.33
2003/6/17,0.001,1.24
2003/6/18,0.001,1.22
2003/6/19,0.001,1.22
2003/6/20,0.002,1.23
2003/6/21,NA,1.23
2003/6/22,NA,1.23
2003/6/23,0.001,1.21
2003/6/24,0.002,1.15
2003/6/25,-0.001,1.18
2003/6/26,0,1.1
2003/6/27,-0.004,1.08
2003/6/28,NA,1.08
2003/6/29,NA,1.08
2003/6/30,0.001,1.45
2003/7/1,0.002,1.11
2003/7/2,0.001,1.01
2003/7/3,0.002,0.96
2003/7/4,0.002,0.96
2003/7/5,NA,0.96
2003/7/6,NA,0.96
2003/7/7,0.001,1
2003/7/8,0.001,0.93
2003/7/9,0.001,0.96
2003/7/10,0.002,1
2003/7/11,0.002,0.98
2003/7/12,NA,0.98
2003/7/13,NA,0.98
2003/7/14,0.001,1.07
2003/7/15,0.002,1.13
2003/7/16,0.002,1.01
2003/7/17,0.002,1.02
2003/7/18,0.002,0.99
2003/7/19,NA,0.99
2003/7/20,NA,0.99
2003/7/21,NA,1.02
2003/7/22,0.002,1
2003/7/23,0.002,1.05
2003/7/24,0.002,1.04
2003/7/25,0.002,1.03
2003/7/26,NA,1.03
2003/7/27,NA,1.03
2003/7/28,0.002,1.05
2003/7/29,0.001,1.04
2003/7/30,0.002,1.03
2003/7/31,0.002,1.04
2003/8/1,0.001,1
2003/8/2,NA,1
2003/8/3,NA,1
2003/8/4,0.001,1
2003/8/5,0.001,0.86
2003/8/6,0.001,0.88
2003/8/7,0.001,0.95
2003/8/8,0.001,0.96
2003/8/9,NA,0.96
2003/8/10,NA,0.96
2003/8/11,0.001,1.02
2003/8/12,0.001,0.99
2003/8/13,0.001,1.01
2003/8/14,0.001,1.22
2003/8/15,0.001,1.39
2003/8/16,NA,1.39
2003/8/17,NA,1.39
2003/8/18,0.001,1.03
2003/8/19,0.001,0.93
2003/8/20,0.002,0.89
2003/8/21,0.002,1.01
2003/8/22,0.001,0.99
2003/8/23,NA,0.99
2003/8/24,NA,0.99
2003/8/25,0.002,1.04
2003/8/26,0.001,1
2003/8/27,0.001,0.98
2003/8/28,0.001,1.04
2003/8/29,0.001,1.01
2003/8/30,NA,1.01
2003/8/31,NA,1.01
2003/9/1,0.001,1.01
2003/9/2,0.001,1.06
2003/9/3,0.001,0.96
2003/9/4,0.001,0.98
2003/9/5,0.001,0.96
2003/9/6,NA,0.96
2003/9/7,NA,0.96
2003/9/8,0.002,0.99
2003/9/9,0.002,0.95
2003/9/10,0.002,0.95
2003/9/11,0.001,1
2003/9/12,0.001,1.02
2003/9/13,NA,1.02
2003/9/14,NA,1.02
2003/9/15,NA,1.11
2003/9/16,0.001,0.97
2003/9/17,0.001,0.97
2003/9/18,0.002,1
2003/9/19,0.001,0.99
2003/9/20,NA,0.99
2003/9/21,NA,0.99
2003/9/22,0.002,1.02
2003/9/23,NA,1.01
2003/9/24,0.002,1.03
2003/9/25,0.001,1.08
2003/9/26,0.001,1.03
2003/9/27,NA,1.03
2003/9/28,NA,1.03
2003/9/29,0.001,1.04
2003/9/30,0.013,1.17
2003/10/1,0.001,1.11
2003/10/2,0.001,1.02
2003/10/3,0.001,0.99
2003/10/4,NA,0.99
2003/10/5,NA,0.99
2003/10/6,0.001,0.99
2003/10/7,0.001,0.98
2003/10/8,0.001,0.99
2003/10/9,0,1.02
2003/10/10,0.001,1
2003/10/11,NA,1
2003/10/12,NA,1
2003/10/13,NA,1
2003/10/14,-0.003,1.08
2003/10/15,0.002,1.09
2003/10/16,0.002,1.04
2003/10/17,0.001,0.98
2003/10/18,NA,0.98
2003/10/19,NA,0.98
2003/10/20,0.001,1.02
2003/10/21,0.002,0.99
2003/10/22,0.001,0.99
2003/10/23,0.002,1.02
2003/10/24,0.002,1.01
2003/10/25,NA,1.01
2003/10/26,NA,1.01
2003/10/27,0.001,1.03
2003/10/28,0.002,0.98
2003/10/29,0.001,0.97
2003/10/30,0.002,1.02
2003/10/31,0.002,1.03
2003/11/1,NA,1.03
2003/11/2,NA,1.03
2003/11/3,NA,1.02
2003/11/4,0.001,0.98
2003/11/5,0.001,0.98
2003/11/6,0.001,1
2003/11/7,0.001,0.98
2003/11/8,NA,0.98
2003/11/9,NA,0.98
2003/11/10,0.001,0.99
2003/11/11,0.001,0.99
2003/11/12,0.001,1
2003/11/13,0.001,0.99
2003/11/14,0.001,0.98
2003/11/15,NA,0.98
2003/11/16,NA,0.98
2003/11/17,-0.001,1.04
2003/11/18,-0.001,0.98
2003/11/19,0.001,0.98
2003/11/20,0.002,1
2003/11/21,0.002,0.98
2003/11/22,NA,0.98
2003/11/23,NA,0.98
2003/11/24,NA,0.98
2003/11/25,0.001,1.02
2003/11/26,0.001,1.01
2003/11/27,0.001,1.01
2003/11/28,0.001,1.01
2003/11/29,NA,1.01
2003/11/30,NA,1.01
2003/12/1,0.001,1.03
2003/12/2,0.002,0.97
2003/12/3,0.001,0.98
2003/12/4,0.001,0.99
2003/12/5,0.001,0.98
2003/12/6,NA,0.98
2003/12/7,NA,0.98
2003/12/8,0.001,0.99
2003/12/9,0.002,0.97
2003/12/10,0.001,0.99
2003/12/11,0.001,0.99
2003/12/12,0.001,0.99
2003/12/13,NA,0.99
2003/12/14,NA,0.99
2003/12/15,0.001,1.04
2003/12/16,0.001,0.99
2003/12/17,0.001,0.99
2003/12/18,0.001,1.01
2003/12/19,0.001,0.98
2003/12/20,NA,0.98
2003/12/21,NA,0.98
2003/12/22,0.001,1.02
2003/12/23,NA,1
2003/12/24,0.001,0.97
2003/12/25,0.001,0.97
2003/12/26,0.001,0.97
2003/12/27,NA,0.97
2003/12/28,NA,0.97
2003/12/29,0.001,0.98
2003/12/30,0.001,0.93
2003/12/31,NA,0.94
2004/1/1,NA,0.94
2004/1/2,NA,1.01
2004/1/3,NA,1.01
2004/1/4,NA,1.01
2004/1/5,0.001,0.97
2004/1/6,0.001,0.92
2004/1/7,0.001,0.94
2004/1/8,0.001,0.99
2004/1/9,0.001,0.99
2004/1/10,NA,0.99
2004/1/11,NA,0.99
2004/1/12,NA,1
2004/1/13,-0.006,0.99
2004/1/14,-0.012,1.01
2004/1/15,0.001,1.04
2004/1/16,0.001,0.98
2004/1/17,NA,0.98
2004/1/18,NA,0.98
2004/1/19,0.002,0.98
2004/1/20,0.001,1.02
2004/1/21,0.001,1
2004/1/22,0.001,1.02
2004/1/23,0.001,1
2004/1/24,NA,1
2004/1/25,NA,1
2004/1/26,0.001,1.08
2004/1/27,0.001,1.02
2004/1/28,0.001,0.99
2004/1/29,0.001,1
2004/1/30,0.001,1.03
2004/1/31,NA,1.03
2004/2/1,NA,1.03
2004/2/2,0.001,1.01
2004/2/3,0.001,0.97
2004/2/4,0.001,1
2004/2/5,0.001,1.01
2004/2/6,0.001,0.99
2004/2/7,NA,0.99
2004/2/8,NA,0.99
2004/2/9,0.001,1.01
2004/2/10,0.001,1
2004/2/11,NA,1
2004/2/12,0.001,1.02
2004/2/13,0.001,1.01
2004/2/14,NA,1.01
2004/2/15,NA,1.01
2004/2/16,0.001,1.01
2004/2/17,0.001,1.02
2004/2/18,-0.003,1
2004/2/19,0.001,1
2004/2/20,0.001,0.99
2004/2/21,NA,0.99
2004/2/22,NA,0.99
2004/2/23,0.001,1
2004/2/24,0.001,0.99
2004/2/25,0.001,1.02
2004/2/26,0.001,1.03
2004/2/27,0.001,1.04
2004/2/28,NA,1.04
2004/2/29,NA,1.04
2004/3/1,0.001,1.04
2004/3/2,0.001,1
2004/3/3,0.001,1
2004/3/4,0.001,0.99
2004/3/5,0.001,1
2004/3/6,NA,1
2004/3/7,NA,1
2004/3/8,0.001,1
2004/3/9,0.001,0.99
2004/3/10,0.001,1
2004/3/11,0.001,1.01
2004/3/12,0.001,0.99
2004/3/13,NA,0.99
2004/3/14,NA,0.99
2004/3/15,0.001,1.05
2004/3/16,0.001,0.99
2004/3/17,0,1
2004/3/18,0.001,1
2004/3/19,0.001,0.99
2004/3/20,NA,0.99
2004/3/21,NA,0.99
2004/3/22,0.001,1.01
2004/3/23,0.001,0.99
2004/3/24,-0.002,0.99
2004/3/25,0.001,1.02
2004/3/26,0.001,1
2004/3/27,NA,1
2004/3/28,NA,1
2004/3/29,0.001,1
2004/3/30,0.001,0.98
2004/3/31,0.005,1.05
2004/4/1,0.001,1.03
2004/4/2,0.001,1
2004/4/3,NA,1
2004/4/4,NA,1
2004/4/5,-0.001,1.01
2004/4/6,0.001,1
2004/4/7,-0.001,1
2004/4/8,0.002,1.02
2004/4/9,0.001,1.01
2004/4/10,NA,1.01
2004/4/11,NA,1.01
2004/4/12,0.001,1
2004/4/13,-0.004,1
2004/4/14,0.001,1.01
2004/4/15,0.001,1.03
2004/4/16,0.001,0.99
2004/4/17,NA,0.99
2004/4/18,NA,0.99
2004/4/19,-0.006,1
2004/4/20,0.001,0.99
2004/4/21,0,0.99
2004/4/22,0.001,1
2004/4/23,0.001,0.99
2004/4/24,NA,0.99
2004/4/25,NA,0.99
2004/4/26,0.001,1.01
2004/4/27,0.001,0.99
2004/4/28,0.001,1.01
2004/4/29,NA,1.03
2004/4/30,0.001,1.03
2004/5/1,NA,1.03
2004/5/2,NA,1.03
2004/5/3,NA,1.03
2004/5/4,NA,1
2004/5/5,NA,0.99
2004/5/6,0.001,1
2004/5/7,0.001,0.99
2004/5/8,NA,0.99
2004/5/9,NA,0.99
2004/5/10,0.001,1
2004/5/11,0.001,0.96
2004/5/12,0.001,0.98
2004/5/13,0.001,1
2004/5/14,0.001,1.02
2004/5/15,NA,1.02
2004/5/16,NA,1.02
2004/5/17,0.001,1.05
2004/5/18,0.001,1
2004/5/19,-0.003,1
2004/5/20,0.001,1
2004/5/21,0.001,0.99
2004/5/22,NA,0.99
2004/5/23,NA,0.99
2004/5/24,0.001,1
2004/5/25,0.001,1
2004/5/26,0.001,0.99
2004/5/27,0.001,1
2004/5/28,0.001,1.02
2004/5/29,NA,1.02
2004/5/30,NA,1.02
2004/5/31,0.002,1.02
2004/6/1,0.001,1.02
2004/6/2,0.001,0.98
2004/6/3,0.001,0.99
2004/6/4,0.001,0.99
2004/6/5,NA,0.99
2004/6/6,NA,0.99
2004/6/7,0.001,0.99
2004/6/8,0.001,0.97
2004/6/9,0,0.99
2004/6/10,0.001,1
2004/6/11,0.001,1
2004/6/12,NA,1
2004/6/13,NA,1
2004/6/14,0.001,1.02
2004/6/15,0,1.03
2004/6/16,0.001,1
2004/6/17,0.001,1.01
2004/6/18,0.001,1
2004/6/19,NA,1
2004/6/20,NA,1
2004/6/21,0.001,1
2004/6/22,0.001,1
2004/6/23,0.001,1.02
2004/6/24,0.002,1.03
2004/6/25,0.001,1.05
2004/6/26,NA,1.05
2004/6/27,NA,1.05
2004/6/28,0.001,1.09
2004/6/29,0.001,1.13
2004/6/30,0.002,1.38
2004/7/1,0.001,1.4
2004/7/2,0.002,1.25
2004/7/3,NA,1.25
2004/7/4,NA,1.25
2004/7/5,0.001,1.25
2004/7/6,-0.002,1.3
2004/7/7,-0.005,1.26
2004/7/8,0.002,1.26
2004/7/9,0.002,1.24
2004/7/10,NA,1.24
2004/7/11,NA,1.24
2004/7/12,0.002,1.26
2004/7/13,0.002,1.24
2004/7/14,-0.003,1.24
2004/7/15,0.001,1.3
2004/7/16,0.001,1.24
2004/7/17,NA,1.24
2004/7/18,NA,1.24
2004/7/19,NA,1.25
2004/7/20,0.002,1.25
2004/7/21,-0.005,1.25
2004/7/22,0.001,1.26
2004/7/23,0.001,1.25
2004/7/24,NA,1.25
2004/7/25,NA,1.25
2004/7/26,0,1.27
2004/7/27,0.001,1.27
2004/7/28,0.001,1.29
2004/7/29,0.001,1.3
2004/7/30,0.001,1.29
2004/7/31,NA,1.29
2004/8/1,NA,1.29
2004/8/2,0.001,1.28
2004/8/3,0.001,1.24
2004/8/4,0.001,1.22
2004/8/5,0.001,1.3
2004/8/6,0.002,1.32
2004/8/7,NA,1.32
2004/8/8,NA,1.32
2004/8/9,0.002,1.35
2004/8/10,0.001,1.43
2004/8/11,-0.002,1.5
2004/8/12,0.002,1.51
2004/8/13,0.001,1.48
2004/8/14,NA,1.48
2004/8/15,NA,1.48
2004/8/16,0.001,1.43
2004/8/17,0.001,1.2
2004/8/18,0.001,1.39
2004/8/19,0.002,1.5
2004/8/20,0.001,1.5
2004/8/21,NA,1.5
2004/8/22,NA,1.5
2004/8/23,0.002,1.51
2004/8/24,0.002,1.51
2004/8/25,0.001,1.55
2004/8/26,0.001,1.55
2004/8/27,0.001,1.52
2004/8/28,NA,1.52
2004/8/29,NA,1.52
2004/8/30,0.002,1.54
2004/8/31,0.001,1.55
2004/9/1,0.002,1.53
2004/9/2,0.001,1.51
2004/9/3,0.001,1.48
2004/9/4,NA,1.48
2004/9/5,NA,1.48
2004/9/6,0.002,1.48
2004/9/7,0.002,1.54
2004/9/8,0.001,1.51
2004/9/9,0.001,1.49
2004/9/10,0.001,1.48
2004/9/11,NA,1.48
2004/9/12,NA,1.48
2004/9/13,0.001,1.51
2004/9/14,0.001,1.4
2004/9/15,0.001,1.57
2004/9/16,0.001,1.61
2004/9/17,0.001,1.58
2004/9/18,NA,1.58
2004/9/19,NA,1.58
2004/9/20,NA,1.64
2004/9/21,0.002,1.7
2004/9/22,0.001,1.78
2004/9/23,NA,1.8
2004/9/24,0.001,1.76
2004/9/25,NA,1.76
2004/9/26,NA,1.76
2004/9/27,0.001,1.76
2004/9/28,0.001,1.72
2004/9/29,0.001,1.76
2004/9/30,0.005,1.94
2004/10/1,0.001,1.86
2004/10/2,NA,1.86
2004/10/3,NA,1.86
2004/10/4,0.001,1.77
2004/10/5,0.001,1.73
2004/10/6,0.001,1.74
2004/10/7,0.001,1.76
2004/10/8,0.002,1.71
2004/10/9,NA,1.71
2004/10/10,NA,1.71
2004/10/11,NA,1.71
2004/10/12,0.002,1.78
2004/10/13,0.002,1.73
2004/10/14,0.002,1.77
2004/10/15,0.002,1.79
2004/10/16,NA,1.79
2004/10/17,NA,1.79
2004/10/18,0.001,1.73
2004/10/19,0.001,1.72
2004/10/20,0,1.74
2004/10/21,0.001,1.76
2004/10/22,0.001,1.72
2004/10/23,NA,1.72
2004/10/24,NA,1.72
2004/10/25,0.002,1.76
2004/10/26,0.001,1.72
2004/10/27,0,1.77
2004/10/28,0.001,1.79
2004/10/29,0.002,1.79
2004/10/30,NA,1.79
2004/10/31,NA,1.79
2004/11/1,0.001,1.83
2004/11/2,0.001,1.74
2004/11/3,NA,1.73
2004/11/4,0.001,1.77
2004/11/5,0.001,1.76
2004/11/6,NA,1.76
2004/11/7,NA,1.76
2004/11/8,-0.003,1.8
2004/11/9,0.001,1.79
2004/11/10,0.001,1.92
2004/11/11,0.002,1.92
2004/11/12,0.001,2.02
2004/11/13,NA,2.02
2004/11/14,NA,2.02
2004/11/15,0.002,2.06
2004/11/16,0.001,1.98
2004/11/17,0.001,1.99
2004/11/18,0.001,1.99
2004/11/19,0.002,1.99
2004/11/20,NA,1.99
2004/11/21,NA,1.99
2004/11/22,0.001,2.01
2004/11/23,NA,2
2004/11/24,0.001,2.02
2004/11/25,0.002,2.02
2004/11/26,0.001,2.01
2004/11/27,NA,2.01
2004/11/28,NA,2.01
2004/11/29,0.001,2.03
2004/11/30,0.001,2.02
2004/12/1,0.001,2.04
2004/12/2,0.002,2
2004/12/3,0.001,1.98
2004/12/4,NA,1.98
2004/12/5,NA,1.98
2004/12/6,0.002,2.04
2004/12/7,0.002,1.99
2004/12/8,0.001,2.01
2004/12/9,0.001,2.05
2004/12/10,0.001,2.09
2004/12/11,NA,2.09
2004/12/12,NA,2.09
2004/12/13,0.001,2.18
2004/12/14,0.001,2.24
2004/12/15,0.001,2.31
2004/12/16,0.001,2.26
2004/12/17,0.001,2.23
2004/12/18,NA,2.23
2004/12/19,NA,2.23
2004/12/20,0.001,2.26
2004/12/21,0.001,2.24
2004/12/22,0.001,2.25
2004/12/23,NA,2.34
2004/12/24,0.001,2.27
2004/12/25,NA,2.27
2004/12/26,NA,2.27
2004/12/27,0.001,2.24
2004/12/28,0.001,2.24
2004/12/29,0.001,2.23
2004/12/30,0.002,2.24
2004/12/31,NA,1.97
2005/1/1,NA,1.97
2005/1/2,NA,1.97
2005/1/3,NA,2.31
2005/1/4,0.001,2.25
2005/1/5,0.001,2.25
2005/1/6,0.001,2.25
2005/1/7,0.001,2.24
2005/1/8,NA,2.24
2005/1/9,NA,2.24
2005/1/10,NA,2.26
2005/1/11,0.001,2.24
2005/1/12,0.001,2.25
2005/1/13,0.001,2.29
2005/1/14,0.001,2.29
2005/1/15,NA,2.29
2005/1/16,NA,2.29
2005/1/17,0.001,2.29
2005/1/18,0.001,2.31
2005/1/19,0.001,2.19
2005/1/20,0.001,2.25
2005/1/21,0.002,2.26
2005/1/22,NA,2.26
2005/1/23,NA,2.26
2005/1/24,0.002,2.26
2005/1/25,0.002,2.29
2005/1/26,0.001,2.33
2005/1/27,0.001,2.39
2005/1/28,0.001,2.48
2005/1/29,NA,2.48
2005/1/30,NA,2.48
2005/1/31,0.001,2.5
2005/2/1,0.001,2.4
2005/2/2,0.001,2.29
2005/2/3,0.001,2.49
2005/2/4,0.001,2.51
2005/2/5,NA,2.51
2005/2/6,NA,2.51
2005/2/7,0.001,2.5
2005/2/8,0.001,2.48
2005/2/9,0.002,2.5
2005/2/10,0.002,2.51
2005/2/11,NA,2.5
2005/2/12,NA,2.5
2005/2/13,NA,2.5
2005/2/14,0.002,2.51
2005/2/15,0.001,2.53
2005/2/16,0.001,2.48
2005/2/17,0.001,2.5
2005/2/18,0.001,2.51
2005/2/19,NA,2.51
2005/2/20,NA,2.51
2005/2/21,0.001,2.51
2005/2/22,0.001,2.57
2005/2/23,0.001,2.53
2005/2/24,0.001,2.55
2005/2/25,0.001,2.54
2005/2/26,NA,2.54
2005/2/27,NA,2.54
2005/2/28,0.001,2.52
2005/3/1,0.001,2.39
2005/3/2,0.001,2.48
2005/3/3,0.001,2.51
2005/3/4,0.001,2.5
2005/3/5,NA,2.5
2005/3/6,NA,2.5
2005/3/7,0.001,2.51
2005/3/8,0.001,2.49
2005/3/9,0.001,2.5
2005/3/10,0.001,2.52
2005/3/11,0.001,2.51
2005/3/12,NA,2.51
2005/3/13,NA,2.51
2005/3/14,0.001,2.59
2005/3/15,0.001,2.61
2005/3/16,0.001,2.57
2005/3/17,0.001,2.68
2005/3/18,0.001,2.7
2005/3/19,NA,2.7
2005/3/20,NA,2.7
2005/3/21,NA,2.71
2005/3/22,0.001,2.72
2005/3/23,0.001,2.73
2005/3/24,0.001,2.75
2005/3/25,0.001,2.8
2005/3/26,NA,2.8
2005/3/27,NA,2.8
2005/3/28,0.001,2.79
2005/3/29,0.002,2.72
2005/3/30,0.002,2.74
2005/3/31,0.022,2.96
2005/4/1,0.002,2.83
2005/4/2,NA,2.83
2005/4/3,NA,2.83
2005/4/4,0.002,2.78
2005/4/5,0.002,2.72
2005/4/6,0.002,2.73
2005/4/7,0.001,2.76
2005/4/8,0.001,2.75
2005/4/9,NA,2.75
2005/4/10,NA,2.75
2005/4/11,0.001,2.78
2005/4/12,0.001,2.77
2005/4/13,0.001,2.76
2005/4/14,0.001,2.79
2005/4/15,0.002,2.82
2005/4/16,NA,2.82
2005/4/17,NA,2.82
2005/4/18,0.001,2.75
2005/4/19,0.002,2.74
2005/4/20,0.002,2.74
2005/4/21,0.001,2.75
2005/4/22,0.001,2.74
2005/4/23,NA,2.74
2005/4/24,NA,2.74
2005/4/25,0.002,2.82
2005/4/26,0.001,2.78
2005/4/27,0.001,2.63
2005/4/28,0.001,2.89
2005/4/29,NA,2.97
2005/4/30,NA,2.97
2005/5/1,NA,2.97
2005/5/2,0.001,2.98
2005/5/3,NA,2.95
2005/5/4,NA,2.99
2005/5/5,NA,2.99
2005/5/6,0.001,2.98
2005/5/7,NA,2.98
2005/5/8,NA,2.98
2005/5/9,0.001,2.99
2005/5/10,0.001,2.99
2005/5/11,0.002,2.99
2005/5/12,0.001,3.01
2005/5/13,0.001,3.01
2005/5/14,NA,3.01
2005/5/15,NA,3.01
2005/5/16,0.001,3.06
2005/5/17,0.001,2.99
2005/5/18,0.001,3
2005/5/19,0,3.02
2005/5/20,0.001,3.01
2005/5/21,NA,3.01
2005/5/22,NA,3.01
2005/5/23,0.001,3.01
2005/5/24,0.001,2.99
2005/5/25,0.001,3.01
2005/5/26,0.001,3.01
2005/5/27,0.002,3.01
2005/5/28,NA,3.01
2005/5/29,NA,3.01
2005/5/30,0.002,3.01
2005/5/31,0.002,3.09
2005/6/1,0.001,3.02
2005/6/2,0.001,3
2005/6/3,0.001,2.99
2005/6/4,NA,2.99
2005/6/5,NA,2.99
2005/6/6,0.001,3
2005/6/7,0.001,2.96
2005/6/8,0.001,2.96
2005/6/9,0.001,3.01
2005/6/10,0.001,3.01
2005/6/11,NA,3.01
2005/6/12,NA,3.01
2005/6/13,0.001,3.04
2005/6/14,0.001,3.01
2005/6/15,0.001,3.05
2005/6/16,0.001,3
2005/6/17,0.001,2.99
2005/6/18,NA,2.99
2005/6/19,NA,2.99
2005/6/20,0.001,3.01
2005/6/21,0.001,2.96
2005/6/22,0.001,2.93
2005/6/23,0.001,3.05
2005/6/24,0.001,3.07
2005/6/25,NA,3.07
2005/6/26,NA,3.07
2005/6/27,0.001,3.17
2005/6/28,0.003,3.17
2005/6/29,0,3.2
2005/6/30,0.001,3.35
2005/7/1,0.002,3.36
2005/7/2,NA,3.36
2005/7/3,NA,3.36
2005/7/4,0.002,3.36
2005/7/5,0.002,3.27
2005/7/6,0.001,2.99
2005/7/7,0.001,3.18
2005/7/8,0.001,3.22
2005/7/9,NA,3.22
2005/7/10,NA,3.22
2005/7/11,0.001,3.23
2005/7/12,0.001,3.23
2005/7/13,0.001,3.27
2005/7/14,0.001,3.32
2005/7/15,0.001,3.32
2005/7/16,NA,3.32
2005/7/17,NA,3.32
2005/7/18,NA,3.19
2005/7/19,0.001,3.13
2005/7/20,0.001,3.25
2005/7/21,0.001,3.27
2005/7/22,0.001,3.25
2005/7/23,NA,3.25
2005/7/24,NA,3.25
2005/7/25,0.001,3.28
2005/7/26,0.001,3.25
2005/7/27,0.001,3.27
2005/7/28,0.001,3.27
2005/7/29,0.001,3.31
2005/7/30,NA,3.31
2005/7/31,NA,3.31
2005/8/1,0.001,3.3
2005/8/2,0.001,3.2
2005/8/3,0.001,3.35
2005/8/4,0.001,3.44
2005/8/5,0.001,3.49
2005/8/6,NA,3.49
2005/8/7,NA,3.49
2005/8/8,0.001,3.5
2005/8/9,0.001,3.47
2005/8/10,0.001,3.48
2005/8/11,0.001,3.51
2005/8/12,0.001,3.55
2005/8/13,NA,3.55
2005/8/14,NA,3.55
2005/8/15,0.001,3.61
2005/8/16,0.001,3.46
2005/8/17,0.001,3.57
2005/8/18,0.001,3.5
2005/8/19,0.001,3.54
2005/8/20,NA,3.54
2005/8/21,NA,3.54
2005/8/22,0.001,3.51
2005/8/23,0.001,3.49
2005/8/24,0.001,3.5
2005/8/25,0.001,3.55
2005/8/26,0.001,3.54
2005/8/27,NA,3.54
2005/8/28,NA,3.54
2005/8/29,0.001,3.54
2005/8/30,0.001,3.52
2005/8/31,0.001,3.63
2005/9/1,0.001,3.57
2005/9/2,0.001,3.49
2005/9/3,NA,3.49
2005/9/4,NA,3.49
2005/9/5,0.001,3.49
2005/9/6,0.001,3.57
2005/9/7,0.001,3.48
2005/9/8,0.001,3.49
2005/9/9,0.001,3.49
2005/9/10,NA,3.49
2005/9/11,NA,3.49
2005/9/12,0,3.5
2005/9/13,0.001,3.45
2005/9/14,0.001,3.54
2005/9/15,0.001,3.67
2005/9/16,0.001,3.62
2005/9/17,NA,3.62
2005/9/18,NA,3.62
2005/9/19,NA,3.62
2005/9/20,0.001,3.67
2005/9/21,0.001,3.72
2005/9/22,0.001,3.77
2005/9/23,NA,3.76
2005/9/24,NA,3.76
2005/9/25,NA,3.76
2005/9/26,0.001,3.83
2005/9/27,0.001,3.73
2005/9/28,0.001,3.76
2005/9/29,0.001,3.82
2005/9/30,0.004,3.93
2005/10/1,NA,3.93
2005/10/2,NA,3.93
2005/10/3,0.002,3.87
2005/10/4,0.002,3.75
2005/10/5,0.002,3.75
2005/10/6,0.002,3.76
2005/10/7,0.002,3.73
2005/10/8,NA,3.73
2005/10/9,NA,3.73
2005/10/10,NA,3.73
2005/10/11,0.002,3.72
2005/10/12,0.002,3.36
2005/10/13,0.001,3.75
2005/10/14,0.001,3.77
2005/10/15,NA,3.77
2005/10/16,NA,3.77
2005/10/17,0.001,3.82
2005/10/18,0.001,3.71
2005/10/19,0.001,3.71
2005/10/20,0.001,3.77
2005/10/21,0.001,3.76
2005/10/22,NA,3.76
2005/10/23,NA,3.76
2005/10/24,0.001,3.76
2005/10/25,0.001,3.74
2005/10/26,0.001,3.75
2005/10/27,0.001,3.85
2005/10/28,0.001,3.9
2005/10/29,NA,3.9
2005/10/30,NA,3.9
2005/10/31,0,4.02
2005/11/1,0.001,3.99
2005/11/2,0.001,3.99
2005/11/3,NA,4.01
2005/11/4,0.001,4
2005/11/5,NA,4
2005/11/6,NA,4
2005/11/7,0.001,3.99
2005/11/8,0.001,3.95
2005/11/9,0.001,4.02
2005/11/10,0.001,3.98
2005/11/11,0.001,3.98
2005/11/12,NA,3.98
2005/11/13,NA,3.98
2005/11/14,0.001,4.03
2005/11/15,0.001,3.97
2005/11/16,0.001,3.96
2005/11/17,0.001,3.98
2005/11/18,0.001,4
2005/11/19,NA,4
2005/11/20,NA,4
2005/11/21,0.001,4.03
2005/11/22,0.001,3.99
2005/11/23,NA,4.01
2005/11/24,0.001,4.01
2005/11/25,0.001,4.03
2005/11/26,NA,4.03
2005/11/27,NA,4.03
2005/11/28,0.001,4.01
2005/11/29,0.001,3.99
2005/11/30,0.001,4.03
2005/12/1,0.001,4.03
2005/12/2,0.001,4
2005/12/3,NA,4
2005/12/4,NA,4
2005/12/5,0.001,4.02
2005/12/6,0.001,3.97
2005/12/7,0.001,3.98
2005/12/8,0.001,4.09
2005/12/9,0.001,4.16
2005/12/10,NA,4.16
2005/12/11,NA,4.16
2005/12/12,0.001,4.24
2005/12/13,0.001,4.23
2005/12/14,0.001,4.26
2005/12/15,0.001,4.29
2005/12/16,0.001,4.25
2005/12/17,NA,4.25
2005/12/18,NA,4.25
2005/12/19,0.002,4.25
2005/12/20,0.001,4.3
2005/12/21,0.001,4.08
2005/12/22,0.001,4.25
2005/12/23,NA,4.21
2005/12/24,NA,4.21
2005/12/25,NA,4.21
2005/12/26,0.001,4.21
2005/12/27,0.003,4.26
2005/12/28,0.001,4.19
2005/12/29,0.002,4.18
2005/12/30,0.004,4.09
2005/12/31,NA,4.09
2006/1/1,NA,4.09
2006/1/2,NA,4.09
2006/1/3,NA,4.34
2006/1/4,0.002,4.22
2006/1/5,0.002,4.24
2006/1/6,0.002,4.22
2006/1/7,NA,4.22
2006/1/8,NA,4.22
2006/1/9,NA,4.25
2006/1/10,0.002,4.24
2006/1/11,0.001,4.24
2006/1/12,0.001,4.28
2006/1/13,0.001,4.3
2006/1/14,NA,4.3
2006/1/15,NA,4.3
2006/1/16,0.002,4.3
2006/1/17,0.001,4.32
2006/1/18,0.001,4.24
2006/1/19,0.001,4.23
2006/1/20,0.001,4.24
2006/1/21,NA,4.24
2006/1/22,NA,4.24
2006/1/23,0.001,4.26
2006/1/24,0.001,4.28
2006/1/25,0.001,4.36
2006/1/26,0.001,4.37
2006/1/27,0.001,4.42
2006/1/28,NA,4.42
2006/1/29,NA,4.42
2006/1/30,0.001,4.48
2006/1/31,0.001,4.47
2006/2/1,0.001,4.47
2006/2/2,0.001,4.48
2006/2/3,0.001,4.51
2006/2/4,NA,4.51
2006/2/5,NA,4.51
2006/2/6,0.001,4.51
2006/2/7,0.001,4.47
2006/2/8,0.002,4.48
2006/2/9,0.002,4.52
2006/2/10,0.002,4.51
2006/2/11,NA,4.51
2006/2/12,NA,4.51
2006/2/13,0.002,4.44
2006/2/14,0.001,4.45
2006/2/15,0.001,4.5
2006/2/16,0.001,4.48
2006/2/17,0.001,4.48
2006/2/18,NA,4.48
2006/2/19,NA,4.48
2006/2/20,0.001,4.48
2006/2/21,0.001,4.54
2006/2/22,0.003,4.49
2006/2/23,0.001,4.47
2006/2/24,0.001,4.48
2006/2/25,NA,4.48
2006/2/26,NA,4.48
2006/2/27,0.001,4.52
2006/2/28,0.002,4.52
2006/3/1,0.002,4.52
2006/3/2,0.002,4.5
2006/3/3,0.002,4.51
2006/3/4,NA,4.51
2006/3/5,NA,4.51
2006/3/6,0.001,4.51
2006/3/7,0.002,4.51
2006/3/8,0.002,4.51
2006/3/9,0.002,4.51
2006/3/10,0.003,4.51
2006/3/11,NA,4.51
2006/3/12,NA,4.51
2006/3/13,0.003,4.52
2006/3/14,0.002,4.51
2006/3/15,0.003,4.47
2006/3/16,0.003,4.55
2006/3/17,0.002,4.6
2006/3/18,NA,4.6
2006/3/19,NA,4.6
2006/3/20,0.002,4.55
2006/3/21,NA,4.54
2006/3/22,0.002,4.58
2006/3/23,0.002,4.64
2006/3/24,0.002,4.69
2006/3/25,NA,4.69
2006/3/26,NA,4.69
2006/3/27,0.002,4.77
2006/3/28,0.002,4.7
2006/3/29,0.002,4.69
2006/3/30,0.002,4.76
2006/3/31,0.004,5
2006/4/1,NA,5
2006/4/2,NA,5
2006/4/3,0.002,4.87
2006/4/4,0.002,4.76
2006/4/5,0.002,4.76
2006/4/6,0.001,4.76
2006/4/7,0.001,4.76
2006/4/8,NA,4.76
2006/4/9,NA,4.76
2006/4/10,0.002,4.78
2006/4/11,0.001,4.74
2006/4/12,0.002,4.78
2006/4/13,0.001,4.82
2006/4/14,0.002,4.8
2006/4/15,NA,4.8
2006/4/16,NA,4.8
2006/4/17,0.002,4.78
2006/4/18,0.002,4.72
2006/4/19,0.002,4.7
2006/4/20,0.002,4.73
2006/4/21,0.002,4.74
2006/4/22,NA,4.74
2006/4/23,NA,4.74
2006/4/24,0.002,4.77
2006/4/25,0.002,4.74
2006/4/26,0.002,4.73
2006/4/27,0.002,4.79
2006/4/28,0.006,4.86
2006/4/29,NA,4.86
2006/4/30,NA,4.86
2006/5/1,0.005,4.84
2006/5/2,0.005,4.79
2006/5/3,NA,4.81
2006/5/4,NA,4.83
2006/5/5,NA,4.83
2006/5/6,NA,4.83
2006/5/7,NA,4.83
2006/5/8,0.006,4.88
2006/5/9,0.005,4.78
2006/5/10,0.005,4.88
2006/5/11,0.007,4.99
2006/5/12,0.01,5.01
2006/5/13,NA,5.01
2006/5/14,NA,5.01
2006/5/15,0.01,5.01
2006/5/16,0.009,4.98
2006/5/17,0.008,4.96
2006/5/18,0.006,5
2006/5/19,0.006,5
2006/5/20,NA,5
2006/5/21,NA,5
2006/5/22,0.013,5
2006/5/23,0.019,4.94
2006/5/24,0.035,4.9
2006/5/25,0.059,5.01
2006/5/26,0.076,4.99
2006/5/27,NA,4.99
2006/5/28,NA,4.99
2006/5/29,0.071,4.99
2006/5/30,0.023,5.02
2006/5/31,0.021,5.05
2006/6/1,0.026,5.02
2006/6/2,0.013,4.97
2006/6/3,NA,4.97
2006/6/4,NA,4.97
2006/6/5,0.01,5.01
2006/6/6,0.006,4.99
2006/6/7,0.005,4.99
2006/6/8,0.008,5.02
2006/6/9,0.019,5
2006/6/10,NA,5
2006/6/11,NA,5
2006/6/12,0.032,5.01
2006/6/13,0.059,5
2006/6/14,0.066,5
2006/6/15,0.066,5.02
2006/6/16,0.062,4.94
2006/6/17,NA,4.94
2006/6/18,NA,4.94
2006/6/19,0.073,4.95
2006/6/20,0.055,4.92
2006/6/21,0.046,4.91
2006/6/22,0.03,4.98
2006/6/23,0.034,4.98
2006/6/24,NA,4.98
2006/6/25,NA,4.98
2006/6/26,0.055,5.03
2006/6/27,0.06,5.02
2006/6/28,0.028,5.06
2006/6/29,0.016,5.08
2006/6/30,0.027,5.05
2006/7/1,NA,5.05
2006/7/2,NA,5.05
2006/7/3,0.024,5.25
2006/7/4,0.024,5.25
2006/7/5,0.023,5.25
2006/7/6,0.024,5.24
2006/7/7,0.02,5.22
2006/7/8,NA,5.22
2006/7/9,NA,5.22
2006/7/10,0.037,5.24
2006/7/11,0.069,5.25
2006/7/12,0.066,5.27
2006/7/13,0.058,5.26
2006/7/14,0.089,5.26
2006/7/15,NA,5.26
2006/7/16,NA,5.26
2006/7/17,NA,5.28
2006/7/18,0.302,5.22
2006/7/19,0.274,5.23
2006/7/20,0.263,5.24
2006/7/21,0.258,5.23
2006/7/22,NA,5.23
2006/7/23,NA,5.23
2006/7/24,0.267,5.24
2006/7/25,0.253,5.24
2006/7/26,0.261,5.24
2006/7/27,0.264,5.27
2006/7/28,0.249,5.26
2006/7/29,NA,5.26
2006/7/30,NA,5.26
2006/7/31,0.267,5.31
2006/8/1,0.253,5.27
2006/8/2,0.216,5.25
2006/8/3,0.234,5.27
2006/8/4,0.255,5.25
2006/8/5,NA,5.25
2006/8/6,NA,5.25
2006/8/7,0.25,5.24
2006/8/8,0.249,5.26
2006/8/9,0.251,5.25
2006/8/10,0.262,5.24
2006/8/11,0.258,5.24
2006/8/12,NA,5.24
2006/8/13,NA,5.24
2006/8/14,0.256,5.26
2006/8/15,0.222,5.24
2006/8/16,0.241,5.17
2006/8/17,0.25,5.2
2006/8/18,0.255,5.25
2006/8/19,NA,5.25
2006/8/20,NA,5.25
2006/8/21,0.251,5.24
2006/8/22,0.247,5.24
2006/8/23,0.245,5.25
2006/8/24,0.249,5.25
2006/8/25,0.261,5.25
2006/8/26,NA,5.25
2006/8/27,NA,5.25
2006/8/28,0.255,5.25
2006/8/29,0.258,5.23
2006/8/30,0.256,5.25
2006/8/31,0.266,5.31
2006/9/1,0.256,5.25
2006/9/2,NA,5.25
2006/9/3,NA,5.25
2006/9/4,0.253,5.25
2006/9/5,0.239,5.26
2006/9/6,0.241,5.21
2006/9/7,0.257,5.23
2006/9/8,0.256,5.23
2006/9/9,NA,5.23
2006/9/10,NA,5.23
2006/9/11,0.26,5.24
2006/9/12,0.256,5.21
2006/9/13,0.274,5.26
2006/9/14,0.28,5.26
2006/9/15,0.249,5.25
2006/9/16,NA,5.25
2006/9/17,NA,5.25
2006/9/18,NA,5.23
2006/9/19,0.266,5.21
2006/9/20,0.278,5.23
2006/9/21,0.253,5.24
2006/9/22,0.254,5.27
2006/9/23,NA,5.27
2006/9/24,NA,5.27
2006/9/25,0.242,5.3
2006/9/26,0.247,5.25
2006/9/27,0.255,5.3
2006/9/28,0.263,5.28
2006/9/29,0.339,5.34
2006/9/30,NA,5.34
2006/10/1,NA,5.34
2006/10/2,0.266,5.33
2006/10/3,0.262,5.25
2006/10/4,0.248,5.23
2006/10/5,0.244,5.23
2006/10/6,0.239,5.22
2006/10/7,NA,5.22
2006/10/8,NA,5.22
2006/10/9,NA,5.22
2006/10/10,0.253,5.28
2006/10/11,0.26,5.25
2006/10/12,0.269,5.25
2006/10/13,0.263,5.21
2006/10/14,NA,5.21
2006/10/15,NA,5.21
2006/10/16,0.263,5.28
2006/10/17,0.258,5.21
2006/10/18,0.259,5.23
2006/10/19,0.258,5.22
2006/10/20,0.247,5.25
2006/10/21,NA,5.25
2006/10/22,NA,5.25
2006/10/23,0.244,5.24
2006/10/24,0.254,5.24
2006/10/25,0.241,5.26
2006/10/26,0.242,5.23
2006/10/27,0.257,5.23
2006/10/28,NA,5.23
2006/10/29,NA,5.23
2006/10/30,0.25,5.27
2006/10/31,0.256,5.31
2006/11/1,0.247,5.23
2006/11/2,0.246,5.22
2006/11/3,NA,5.25
2006/11/4,NA,5.25
2006/11/5,NA,5.25
2006/11/6,0.258,5.24
2006/11/7,0.25,5.22
2006/11/8,0.243,5.22
2006/11/9,0.253,5.23
2006/11/10,0.251,5.23
2006/11/11,NA,5.23
2006/11/12,NA,5.23
2006/11/13,0.249,5.27
2006/11/14,0.253,5.25
2006/11/15,0.282,5.29
2006/11/16,0.25,5.25
2006/11/17,0.252,5.2
2006/11/18,NA,5.2
2006/11/19,NA,5.2
2006/11/20,0.259,5.25
2006/11/21,0.26,5.29
2006/11/22,0.26,5.26
2006/11/23,NA,5.26
2006/11/24,0.262,5.24
2006/11/25,NA,5.24
2006/11/26,NA,5.24
2006/11/27,0.263,5.32
2006/11/28,0.267,5.24
2006/11/29,0.264,5.26
2006/11/30,0.271,5.31
2006/12/1,0.266,5.27
2006/12/2,NA,5.27
2006/12/3,NA,5.27
2006/12/4,0.26,5.22
2006/12/5,0.233,5.21
2006/12/6,0.228,5.22
2006/12/7,0.245,5.25
2006/12/8,0.249,5.25
2006/12/9,NA,5.25
2006/12/10,NA,5.25
2006/12/11,0.246,5.25
2006/12/12,0.226,5.23
2006/12/13,0.25,5.23
2006/12/14,0.283,5.29
2006/12/15,0.267,5.27
2006/12/16,NA,5.27
2006/12/17,NA,5.27
2006/12/18,0.273,5.21
2006/12/19,0.282,5.21
2006/12/20,0.258,5.26
2006/12/21,0.254,5.25
2006/12/22,0.254,5.24
2006/12/23,NA,5.24
2006/12/24,NA,5.24
2006/12/25,0.261,5.24
2006/12/26,0.255,5.29
2006/12/27,0.251,5.17
2006/12/28,0.246,5.25
2006/12/29,0.275,5.17
2006/12/30,NA,5.17
2006/12/31,NA,5.17
2007/1/1,NA,5.17
2007/1/2,NA,5.3
2007/1/3,NA,5.28
2007/1/4,0.246,5.24
2007/1/5,0.226,5.21
2007/1/6,NA,5.21
2007/1/7,NA,5.21
2007/1/8,NA,5.23
2007/1/9,0.266,5.25
2007/1/10,0.25,5.26
2007/1/11,0.258,5.27
2007/1/12,0.253,5.22
2007/1/13,NA,5.22
2007/1/14,NA,5.22
2007/1/15,0.296,5.22
2007/1/16,0.343,5.28
2007/1/17,0.315,5.25
2007/1/18,0.265,5.23
2007/1/19,0.26,5.25
2007/1/20,NA,5.25
2007/1/21,NA,5.25
2007/1/22,0.281,5.24
2007/1/23,0.276,5.26
2007/1/24,0.248,5.27
2007/1/25,0.252,5.31
2007/1/26,0.236,5.26
2007/1/27,NA,5.26
2007/1/28,NA,5.26
2007/1/29,0.26,5.26
2007/1/30,0.264,5.23
2007/1/31,0.282,5.33
2007/2/1,0.261,5.29
2007/2/2,0.25,5.24
2007/2/3,NA,5.24
2007/2/4,NA,5.24
2007/2/5,0.26,5.25
2007/2/6,0.266,5.24
2007/2/7,0.265,5.23
2007/2/8,0.266,5.25
2007/2/9,0.261,5.25
2007/2/10,NA,5.25
2007/2/11,NA,5.25
2007/2/12,NA,5.28
2007/2/13,0.238,5.26
2007/2/14,0.236,5.27
2007/2/15,0.26,5.29
2007/2/16,0.362,5.24
2007/2/17,NA,5.24
2007/2/18,NA,5.24
2007/2/19,0.354,5.24
2007/2/20,0.358,5.27
2007/2/21,0.402,5.23
2007/2/22,0.528,5.26
2007/2/23,0.51,5.24
2007/2/24,NA,5.24
2007/2/25,NA,5.24
2007/2/26,0.548,5.3
2007/2/27,0.572,5.27
2007/2/28,0.589,5.41
2007/3/1,0.498,5.31
2007/3/2,0.508,5.23
2007/3/3,NA,5.23
2007/3/4,NA,5.23
2007/3/5,0.448,5.27
2007/3/6,0.431,5.22
2007/3/7,0.477,5.24
2007/3/8,0.522,5.24
2007/3/9,0.529,5.24
2007/3/10,NA,5.24
2007/3/11,NA,5.24
2007/3/12,0.53,5.25
2007/3/13,0.529,5.25
2007/3/14,0.537,5.27
2007/3/15,0.468,5.29
2007/3/16,0.483,5.25
2007/3/17,NA,5.25
2007/3/18,NA,5.25
2007/3/19,0.531,5.26
2007/3/20,0.524,5.26
2007/3/21,NA,5.26
2007/3/22,0.515,5.27
2007/3/23,0.47,5.24
2007/3/24,NA,5.24
2007/3/25,NA,5.24
2007/3/26,0.487,5.28
2007/3/27,0.487,5.25
2007/3/28,0.503,5.27
2007/3/29,0.506,5.29
2007/3/30,0.715,5.3
2007/3/31,NA,5.3
2007/4/1,NA,5.3
2007/4/2,0.488,5.25
2007/4/3,0.469,5.2
2007/4/4,0.488,5.21
2007/4/5,0.495,5.3
2007/4/6,0.484,5.3
2007/4/7,NA,5.3
2007/4/8,NA,5.3
2007/4/9,0.511,5.28
2007/4/10,0.527,5.26
2007/4/11,0.541,5.24
2007/4/12,0.559,5.27
2007/4/13,0.474,5.25
2007/4/14,NA,5.25
2007/4/15,NA,5.25
2007/4/16,0.511,5.29
2007/4/17,0.504,5.2
2007/4/18,0.5,5.19
2007/4/19,0.514,5.23
2007/4/20,0.523,5.25
2007/4/21,NA,5.25
2007/4/22,NA,5.25
2007/4/23,0.514,5.23
2007/4/24,0.503,5.2
2007/4/25,0.529,5.19
2007/4/26,0.539,5.24
2007/4/27,0.539,5.24
2007/4/28,NA,5.24
2007/4/29,NA,5.24
2007/4/30,NA,5.29
2007/5/1,0.525,5.26
2007/5/2,0.516,5.21
2007/5/3,NA,5.24
2007/5/4,NA,5.24
2007/5/5,NA,5.24
2007/5/6,NA,5.24
2007/5/7,0.507,5.24
2007/5/8,0.513,5.21
2007/5/9,0.515,5.21
2007/5/10,0.519,5.25
2007/5/11,0.524,5.27
2007/5/12,NA,5.27
2007/5/13,NA,5.27
2007/5/14,0.507,5.26
2007/5/15,0.52,5.29
2007/5/16,0.516,5.25
2007/5/17,0.517,5.25
2007/5/18,0.516,5.24
2007/5/19,NA,5.24
2007/5/20,NA,5.24
2007/5/21,0.52,5.24
2007/5/22,0.523,5.23
2007/5/23,0.526,5.25
2007/5/24,0.524,5.24
2007/5/25,0.519,5.29
2007/5/26,NA,5.29
2007/5/27,NA,5.29
2007/5/28,0.527,5.29
2007/5/29,0.526,5.29
2007/5/30,0.527,5.25
2007/5/31,0.544,5.28
2007/6/1,0.508,5.23
2007/6/2,NA,5.23
2007/6/3,NA,5.23
2007/6/4,0.504,5.24
2007/6/5,0.496,5.19
2007/6/6,0.49,5.25
2007/6/7,0.502,5.25
2007/6/8,0.51,5.26
2007/6/9,NA,5.26
2007/6/10,NA,5.26
2007/6/11,0.51,5.27
2007/6/12,0.512,5.26
2007/6/13,0.503,5.26
2007/6/14,0.486,5.28
2007/6/15,0.441,5.26
2007/6/16,NA,5.26
2007/6/17,NA,5.26
2007/6/18,0.516,5.23
2007/6/19,0.519,5.21
2007/6/20,0.525,5.27
2007/6/21,0.517,5.26
2007/6/22,0.513,5.24
2007/6/23,NA,5.24
2007/6/24,NA,5.24
2007/6/25,0.517,5.29
2007/6/26,0.516,5.25
2007/6/27,0.507,5.26
2007/6/28,0.511,5.26
2007/6/29,0.605,5.31
2007/6/30,NA,5.31
2007/7/1,NA,5.31
2007/7/2,0.501,5.31
2007/7/3,0.475,5.24
2007/7/4,0.474,5.24
2007/7/5,0.49,5.25
2007/7/6,0.49,5.22
2007/7/7,NA,5.22
2007/7/8,NA,5.22
2007/7/9,0.497,5.22
2007/7/10,0.498,5.24
2007/7/11,0.499,5.24
2007/7/12,0.509,5.26
2007/7/13,0.529,5.25
2007/7/14,NA,5.25
2007/7/15,NA,5.25
2007/7/16,NA,5.32
2007/7/17,0.512,5.28
2007/7/18,0.506,5.26
2007/7/19,0.5,5.25
2007/7/20,0.505,5.25
2007/7/21,NA,5.25
2007/7/22,NA,5.25
2007/7/23,0.5,5.26
2007/7/24,0.494,5.25
2007/7/25,0.499,5.32
2007/7/26,0.497,5.28
2007/7/27,0.49,5.25
2007/7/28,NA,5.25
2007/7/29,NA,5.25
2007/7/30,0.502,5.29
2007/7/31,0.516,5.28
2007/8/1,0.506,5.3
2007/8/2,0.5,5.24
2007/8/3,0.49,5.24
2007/8/4,NA,5.24
2007/8/5,NA,5.24
2007/8/6,0.486,5.26
2007/8/7,0.493,5.26
2007/8/8,0.504,5.27
2007/8/9,0.517,5.41
2007/8/10,0.526,4.68
2007/8/11,NA,4.68
2007/8/12,NA,4.68
2007/8/13,0.471,4.81
2007/8/14,0.235,4.54
2007/8/15,0.33,4.71
2007/8/16,0.535,4.97
2007/8/17,0.545,4.91
2007/8/18,NA,4.91
2007/8/19,NA,4.91
2007/8/20,0.539,5.03
2007/8/21,0.518,4.89
2007/8/22,0.486,4.77
2007/8/23,0.483,4.88
2007/8/24,0.493,5.11
2007/8/25,NA,5.11
2007/8/26,NA,5.11
2007/8/27,0.493,5.27
2007/8/28,0.493,5.3
2007/8/29,0.502,5
2007/8/30,0.51,5
2007/8/31,0.498,4.96
2007/9/1,NA,4.96
2007/9/2,NA,4.96
2007/9/3,0.502,4.96
2007/9/4,0.49,5.22
2007/9/5,0.484,5.18
2007/9/6,0.481,4.98
2007/9/7,0.473,4.86
2007/9/8,NA,4.86
2007/9/9,NA,4.86
2007/9/10,0.476,5.07
2007/9/11,0.48,5.06
2007/9/12,0.483,5.18
2007/9/13,0.53,5.09
2007/9/14,0.49,5.25
2007/9/15,NA,5.25
2007/9/16,NA,5.25
2007/9/17,NA,5.33
2007/9/18,0.509,4.92
2007/9/19,0.519,4.74
2007/9/20,0.515,4.77
2007/9/21,0.52,4.76
2007/9/22,NA,4.76
2007/9/23,NA,4.76
2007/9/24,NA,4.74
2007/9/25,0.526,4.82
2007/9/26,0.527,4.88
2007/9/27,0.503,4.93
2007/9/28,0.675,4.58
2007/9/29,NA,4.58
2007/9/30,NA,4.58
2007/10/1,0.516,4.92
2007/10/2,0.5,4.78
2007/10/3,0.495,4.68
2007/10/4,0.488,4.74
2007/10/5,0.495,4.77
2007/10/6,NA,4.77
2007/10/7,NA,4.77
2007/10/8,NA,4.77
2007/10/9,0.508,4.91
2007/10/10,0.514,4.52
2007/10/11,0.524,4.75
2007/10/12,0.526,4.75
2007/10/13,NA,4.75
2007/10/14,NA,4.75
2007/10/15,0.548,4.81
2007/10/16,0.511,4.68
2007/10/17,0.498,4.7
2007/10/18,0.496,4.69
2007/10/19,0.498,4.77
2007/10/20,NA,4.77
2007/10/21,NA,4.77
2007/10/22,0.503,4.71
2007/10/23,0.502,4.67
2007/10/24,0.499,4.74
2007/10/25,0.495,4.86
2007/10/26,0.49,4.8
2007/10/27,NA,4.8
2007/10/28,NA,4.8
2007/10/29,0.5,4.84
2007/10/30,0.502,4.78
2007/10/31,0.524,4.6
2007/11/1,0.504,4.59
2007/11/2,0.508,4.28
2007/11/3,NA,4.28
2007/11/4,NA,4.28
2007/11/5,0.508,4.29
2007/11/6,0.497,4.22
2007/11/7,0.499,4.39
2007/11/8,0.494,4.58
2007/11/9,0.495,4.49
2007/11/10,NA,4.49
2007/11/11,NA,4.49
2007/11/12,0.497,4.49
2007/11/13,0.491,4.61
2007/11/14,0.507,4.6
2007/11/15,0.491,4.54
2007/11/16,0.497,4.51
2007/11/17,NA,4.51
2007/11/18,NA,4.51
2007/11/19,0.498,4.51
2007/11/20,0.501,4.51
2007/11/21,0.501,4.5
2007/11/22,0.499,4.5
2007/11/23,NA,4.56
2007/11/24,NA,4.56
2007/11/25,NA,4.56
2007/11/26,0.5,4.62
2007/11/27,0.496,4.39
2007/11/28,0.5,4.53
2007/11/29,0.499,4.55
2007/11/30,0.52,4.66
2007/12/1,NA,4.66
2007/12/2,NA,4.66
2007/12/3,0.511,4.52
2007/12/4,0.509,4.5
2007/12/5,0.504,4.31
2007/12/6,0.499,4.49
2007/12/7,0.499,4.41
2007/12/8,NA,4.41
2007/12/9,NA,4.41
2007/12/10,0.503,4.46
2007/12/11,0.504,4.29
2007/12/12,0.493,4.28
2007/12/13,0.492,4.3
2007/12/14,0.433,4.24
2007/12/15,NA,4.24
2007/12/16,NA,4.24
2007/12/17,0.513,4.31
2007/12/18,0.495,4.16
2007/12/19,0.504,3.98
2007/12/20,0.501,4.37
2007/12/21,0.506,4.28
2007/12/22,NA,4.28
2007/12/23,NA,4.28
2007/12/24,NA,4
2007/12/25,0.51,4
2007/12/26,0.502,4.26
2007/12/27,0.499,4.15
2007/12/28,0.459,4.01
2007/12/29,NA,4.01
2007/12/30,NA,4.01
2007/12/31,NA,3.06
2008/1/1,NA,3.06
2008/1/2,NA,4.11
2008/1/3,NA,4.25
2008/1/4,0.478,4.18
2008/1/5,NA,4.18
2008/1/6,NA,4.18
2008/1/7,0.493,4.27
2008/1/8,0.5,4.27
2008/1/9,0.505,4.26
2008/1/10,0.52,4.26
2008/1/11,0.516,4.23
2008/1/12,NA,4.23
2008/1/13,NA,4.23
2008/1/14,NA,4.24
2008/1/15,0.526,4.24
2008/1/16,0.504,4.22
2008/1/17,0.499,4.23
2008/1/18,0.49,4.17
2008/1/19,NA,4.17
2008/1/20,NA,4.17
2008/1/21,0.496,4.17
2008/1/22,0.5,3.68
2008/1/23,0.498,3.43
2008/1/24,0.501,3.47
2008/1/25,0.505,3.6
2008/1/26,NA,3.6
2008/1/27,NA,3.6
2008/1/28,0.502,3.5
2008/1/29,0.502,3.47
2008/1/30,0.501,3.26
2008/1/31,0.508,3.22
2008/2/1,0.496,3.12
2008/2/2,NA,3.12
2008/2/3,NA,3.12
2008/2/4,0.502,2.82
2008/2/5,0.509,2.71
2008/2/6,0.502,2.94
2008/2/7,0.495,3.03
2008/2/8,0.5,3.05
2008/2/9,NA,3.05
2008/2/10,NA,3.05
2008/2/11,NA,2.88
2008/2/12,0.501,2.91
2008/2/13,0.5,3.02
2008/2/14,0.511,3.03
2008/2/15,0.505,2.97
2008/2/16,NA,2.97
2008/2/17,NA,2.97
2008/2/18,0.501,2.97
2008/2/19,0.499,2.94
2008/2/20,0.504,3
2008/2/21,0.509,3.01
2008/2/22,0.502,2.97
2008/2/23,NA,2.97
2008/2/24,NA,2.97
2008/2/25,0.505,3
2008/2/26,0.504,2.85
2008/2/27,0.509,2.93
2008/2/28,0.507,3.06
2008/2/29,0.512,3.01
2008/3/1,NA,3.01
2008/3/2,NA,3.01
2008/3/3,0.506,3.1
2008/3/4,0.502,2.9
2008/3/5,0.502,2.93
2008/3/6,0.497,2.99
2008/3/7,0.502,2.96
2008/3/8,NA,2.96
2008/3/9,NA,2.96
2008/3/10,0.499,2.99
2008/3/11,0.501,2.95
2008/3/12,0.502,2.97
2008/3/13,0.519,2.98
2008/3/14,0.483,2.99
2008/3/15,NA,2.99
2008/3/16,NA,2.99
2008/3/17,0.51,2.69
2008/3/18,0.511,2.16
2008/3/19,0.511,2.08
2008/3/20,NA,2.22
2008/3/21,0.518,2.08
2008/3/22,NA,2.08
2008/3/23,NA,2.08
2008/3/24,0.513,2.08
2008/3/25,0.5,2.42
2008/3/26,0.496,2.3
2008/3/27,0.5,2.27
2008/3/28,0.498,2.09
2008/3/29,NA,2.09
2008/3/30,NA,2.09
2008/3/31,0.641,2.51
2008/4/1,0.505,2.38
2008/4/2,0.504,2.18
2008/4/3,0.5,2.19
2008/4/4,0.499,2.26
2008/4/5,NA,2.26
2008/4/6,NA,2.26
2008/4/7,0.51,2.24
2008/4/8,0.501,2.23
2008/4/9,0.502,2.2
2008/4/10,0.503,2.3
2008/4/11,0.504,2.37
2008/4/12,NA,2.37
2008/4/13,NA,2.37
2008/4/14,0.516,2.32
2008/4/15,0.522,2.32
2008/4/16,0.503,2.35
2008/4/17,0.503,2.37
2008/4/18,0.503,2.32
2008/4/19,NA,2.32
2008/4/20,NA,2.32
2008/4/21,0.505,2.28
2008/4/22,0.502,1.99
2008/4/23,0.503,2.18
2008/4/24,0.503,2.26
2008/4/25,0.504,2.28
2008/4/26,NA,2.28
2008/4/27,NA,2.28
2008/4/28,0.515,2.29
2008/4/29,NA,2.21
2008/4/30,0.522,2.37
2008/5/1,0.504,2.16
2008/5/2,0.475,1.88
2008/5/3,NA,1.88
2008/5/4,NA,1.88
2008/5/5,NA,1.85
2008/5/6,NA,1.91
2008/5/7,0.504,2.01
2008/5/8,0.501,1.99
2008/5/9,0.502,1.97
2008/5/10,NA,1.97
2008/5/11,NA,1.97
2008/5/12,0.51,1.88
2008/5/13,0.512,1.93
2008/5/14,0.519,2.03
2008/5/15,0.499,2.03
2008/5/16,0.507,1.91
2008/5/17,NA,1.91
2008/5/18,NA,1.91
2008/5/19,0.505,1.95
2008/5/20,0.503,1.99
2008/5/21,0.503,2.03
2008/5/22,0.503,2.05
2008/5/23,0.502,1.99
2008/5/24,NA,1.99
2008/5/25,NA,1.99
2008/5/26,0.505,1.99
2008/5/27,0.503,2.23
2008/5/28,0.502,2.08
2008/5/29,0.504,2.01
2008/5/30,0.527,1.98
2008/5/31,NA,1.98
2008/6/1,NA,1.98
2008/6/2,0.533,2.06
2008/6/3,0.517,1.95
2008/6/4,0.517,1.98
2008/6/5,0.504,1.98
2008/6/6,0.496,2.01
2008/6/7,NA,2.01
2008/6/8,NA,2.01
2008/6/9,0.501,2.02
2008/6/10,0.506,1.96
2008/6/11,0.506,1.95
2008/6/12,0.515,2.01
2008/6/13,0.453,2.02
2008/6/14,NA,2.02
2008/6/15,NA,2.02
2008/6/16,0.509,2.06
2008/6/17,0.505,1.87
2008/6/18,0.505,1.84
2008/6/19,0.512,1.94
2008/6/20,0.509,1.99
2008/6/21,NA,1.99
2008/6/22,NA,1.99
2008/6/23,0.509,1.98
2008/6/24,0.51,1.93
2008/6/25,0.507,1.97
2008/6/26,0.506,2.05
2008/6/27,0.507,1.99
2008/6/28,NA,1.99
2008/6/29,NA,1.99
2008/6/30,0.572,2.47
2008/7/1,0.507,2.11
2008/7/2,0.509,1.95
2008/7/3,0.504,1.92
2008/7/4,0.5,1.92
2008/7/5,NA,1.92
2008/7/6,NA,1.92
2008/7/7,0.501,1.99
2008/7/8,0.502,1.97
2008/7/9,0.502,1.99
2008/7/10,0.502,2.01
2008/7/11,0.505,1.97
2008/7/12,NA,1.97
2008/7/13,NA,1.97
2008/7/14,0.506,2.06
2008/7/15,0.454,2.16
2008/7/16,0.501,1.95
2008/7/17,0.502,2.03
2008/7/18,0.503,1.96
2008/7/19,NA,1.96
2008/7/20,NA,1.96
2008/7/21,NA,1.98
2008/7/22,0.503,1.97
2008/7/23,0.508,2.04
2008/7/24,0.504,2.06
2008/7/25,0.505,2.13
2008/7/26,NA,2.13
2008/7/27,NA,2.13
2008/7/28,0.507,2
2008/7/29,0.51,2.05
2008/7/30,0.509,2.03
2008/7/31,0.519,2.09
2008/8/1,0.504,2.04
2008/8/2,NA,2.04
2008/8/3,NA,2.04
2008/8/4,0.502,1.97
2008/8/5,0.502,1.97
2008/8/6,0.5,2.01
2008/8/7,0.499,1.96
2008/8/8,0.499,2.01
2008/8/9,NA,2.01
2008/8/10,NA,2.01
2008/8/11,0.501,1.99
2008/8/12,0.503,1.95
2008/8/13,0.504,1.98
2008/8/14,0.512,2.09
2008/8/15,0.504,2.08
2008/8/16,NA,2.08
2008/8/17,NA,2.08
2008/8/18,0.503,1.91
2008/8/19,0.503,1.94
2008/8/20,0.503,1.98
2008/8/21,0.501,2.01
2008/8/22,0.503,2.02
2008/8/23,NA,2.02
2008/8/24,NA,2.02
2008/8/25,0.502,2.01
2008/8/26,0.508,1.88
2008/8/27,0.509,1.98
2008/8/28,0.505,1.99
2008/8/29,0.516,1.94
2008/8/30,NA,1.94
2008/8/31,NA,1.94
2008/9/1,0.512,1.94
2008/9/2,0.502,1.96
2008/9/3,0.503,2.01
2008/9/4,0.503,1.99
2008/9/5,0.509,1.97
2008/9/6,NA,1.97
2008/9/7,NA,1.97
2008/9/8,0.503,1.92
2008/9/9,0.502,1.96
2008/9/10,0.506,2.12
2008/9/11,0.501,2
2008/9/12,0.468,2.1
2008/9/13,NA,2.1
2008/9/14,NA,2.1
2008/9/15,NA,2.64
2008/9/16,0.524,1.98
2008/9/17,0.55,2.8
2008/9/18,0.486,2.16
2008/9/19,0.433,1.48
2008/9/20,NA,1.48
2008/9/21,NA,1.48
2008/9/22,0.399,1.51
2008/9/23,NA,1.46
2008/9/24,0.464,1.19
2008/9/25,0.506,1.23
2008/9/26,0.489,1.08
2008/9/27,NA,1.08
2008/9/28,NA,1.08
2008/9/29,0.497,1.56
2008/9/30,0.544,2.03
2008/10/1,0.468,1.15
2008/10/2,0.47,0.67
2008/10/3,0.469,1.1
2008/10/4,NA,1.1
2008/10/5,NA,1.1
2008/10/6,0.484,1.96
2008/10/7,0.505,2.97
2008/10/8,0.512,2.24
2008/10/9,0.531,1.4
2008/10/10,0.585,0.79
2008/10/11,NA,0.79
2008/10/12,NA,0.79
2008/10/13,NA,0.79
2008/10/14,0.473,1.1
2008/10/15,0.348,1.04
2008/10/16,0.497,0.83
2008/10/17,0.502,0.6
2008/10/18,NA,0.6
2008/10/19,NA,0.6
2008/10/20,0.504,0.7
2008/10/21,0.505,0.67
2008/10/22,0.51,0.81
2008/10/23,0.51,0.93
2008/10/24,0.511,0.95
2008/10/25,NA,0.95
2008/10/26,NA,0.95
2008/10/27,0.512,0.92
2008/10/28,0.515,0.67
2008/10/29,0.439,0.36
2008/10/30,0.478,0.3
2008/10/31,0.384,0.22
2008/11/1,NA,0.22
2008/11/2,NA,0.22
2008/11/3,NA,0.23
2008/11/4,0.28,0.23
2008/11/5,0.289,0.23
2008/11/6,0.301,0.23
2008/11/7,0.298,0.27
2008/11/8,NA,0.27
2008/11/9,NA,0.27
2008/11/10,0.303,0.29
2008/11/11,0.306,0.29
2008/11/12,0.293,0.35
2008/11/13,0.304,0.35
2008/11/14,0.292,0.34
2008/11/15,NA,0.34
2008/11/16,NA,0.34
2008/11/17,0.305,0.37
2008/11/18,0.306,0.38
2008/11/19,0.303,0.38
2008/11/20,0.306,0.49
2008/11/21,0.305,0.57
2008/11/22,NA,0.57
2008/11/23,NA,0.57
2008/11/24,NA,0.62
2008/11/25,0.307,0.59
2008/11/26,0.304,0.53
2008/11/27,0.306,0.53
2008/11/28,0.318,0.52
2008/11/29,NA,0.52
2008/11/30,NA,0.52
2008/12/1,0.299,0.52
2008/12/2,0.279,0.47
2008/12/3,0.257,0.36
2008/12/4,0.263,0.2
2008/12/5,0.256,0.12
2008/12/6,NA,0.12
2008/12/7,NA,0.12
2008/12/8,0.275,0.12
2008/12/9,0.255,0.13
2008/12/10,0.247,0.11
2008/12/11,0.229,0.14
2008/12/12,0.222,0.15
2008/12/13,NA,0.15
2008/12/14,NA,0.15
2008/12/15,0.235,0.18
2008/12/16,0.242,0.17
2008/12/17,0.239,0.12
2008/12/18,0.237,0.11
2008/12/19,0.203,0.11
2008/12/20,NA,0.11
2008/12/21,NA,0.11
2008/12/22,0.124,0.11
2008/12/23,NA,0.11
2008/12/24,0.121,0.11
2008/12/25,0.118,0.11
2008/12/26,0.116,0.09
2008/12/27,NA,0.09
2008/12/28,NA,0.09
2008/12/29,0.111,0.1
2008/12/30,0.103,0.09
2008/12/31,NA,0.14
2009/1/1,NA,0.14
2009/1/2,NA,0.08
2009/1/3,NA,0.08
2009/1/4,NA,0.08
2009/1/5,0.106,0.11
2009/1/6,0.106,0.09
2009/1/7,0.109,0.11
2009/1/8,0.11,0.1
2009/1/9,0.112,0.09
2009/1/10,NA,0.09
2009/1/11,NA,0.09
2009/1/12,NA,0.1
2009/1/13,0.125,0.1
2009/1/14,0.131,0.15
2009/1/15,0.133,0.18
2009/1/16,0.123,0.19
2009/1/17,NA,0.19
2009/1/18,NA,0.19
2009/1/19,0.122,0.19
2009/1/20,0.12,0.2
2009/1/21,0.126,0.23
2009/1/22,0.122,0.21
2009/1/23,0.12,0.18
2009/1/24,NA,0.18
2009/1/25,NA,0.18
2009/1/26,0.122,0.19
2009/1/27,0.123,0.18
2009/1/28,0.12,0.19
2009/1/29,0.125,0.23
2009/1/30,0.128,0.23
2009/1/31,NA,0.23
2009/2/1,NA,0.23
2009/2/2,0.122,0.24
2009/2/3,0.118,0.24
2009/2/4,0.11,0.24
2009/2/5,0.109,0.23
2009/2/6,0.11,0.23
2009/2/7,NA,0.23
2009/2/8,NA,0.23
2009/2/9,0.109,0.22
2009/2/10,0.112,0.24
2009/2/11,NA,0.22
2009/2/12,0.113,0.23
2009/2/13,0.111,0.22
2009/2/14,NA,0.22
2009/2/15,NA,0.22
2009/2/16,0.114,0.22
2009/2/17,0.111,0.25
2009/2/18,0.107,0.23
2009/2/19,0.106,0.21
2009/2/20,0.105,0.2
2009/2/21,NA,0.2
2009/2/22,NA,0.2
2009/2/23,0.108,0.19
2009/2/24,0.109,0.21
2009/2/25,0.111,0.21
2009/2/26,0.111,0.22
2009/2/27,0.109,0.22
2009/2/28,NA,0.22
2009/3/1,NA,0.22
2009/3/2,0.099,0.22
2009/3/3,0.101,0.2
2009/3/4,0.1,0.21
2009/3/5,0.101,0.2
2009/3/6,0.099,0.2
2009/3/7,NA,0.2
2009/3/8,NA,0.2
2009/3/9,0.103,0.2
2009/3/10,0.11,0.2
2009/3/11,0.103,0.19
2009/3/12,0.105,0.18
2009/3/13,0.103,0.15
2009/3/14,NA,0.15
2009/3/15,NA,0.15
2009/3/16,0.103,0.2
2009/3/17,0.1,0.2
2009/3/18,0.101,0.18
2009/3/19,0.104,0.17
2009/3/20,NA,0.18
2009/3/21,NA,0.18
2009/3/22,NA,0.18
2009/3/23,0.101,0.17
2009/3/24,0.097,0.17
2009/3/25,0.095,0.17
2009/3/26,0.097,0.16
2009/3/27,0.093,0.15
2009/3/28,NA,0.15
2009/3/29,NA,0.15
2009/3/30,0.097,0.16
2009/3/31,0.088,0.16
2009/4/1,0.101,0.16
2009/4/2,0.1,0.16
2009/4/3,0.103,0.13
2009/4/4,NA,0.13
2009/4/5,NA,0.13
2009/4/6,0.1,0.14
2009/4/7,0.097,0.14
2009/4/8,0.096,0.14
2009/4/9,0.1,0.14
2009/4/10,0.105,0.15
2009/4/11,NA,0.15
2009/4/12,NA,0.15
2009/4/13,0.109,0.13
2009/4/14,0.108,0.16
2009/4/15,0.103,0.16
2009/4/16,0.103,0.15
2009/4/17,0.106,0.13
2009/4/18,NA,0.13
2009/4/19,NA,0.13
2009/4/20,0.104,0.14
2009/4/21,0.102,0.15
2009/4/22,0.101,0.15
2009/4/23,0.104,0.17
2009/4/24,0.105,0.16
2009/4/25,NA,0.16
2009/4/26,NA,0.16
2009/4/27,0.108,0.17
2009/4/28,0.109,0.16
2009/4/29,NA,0.18
2009/4/30,0.113,0.2
2009/5/1,0.102,0.22
2009/5/2,NA,0.22
2009/5/3,NA,0.22
2009/5/4,NA,0.22
2009/5/5,NA,0.2
2009/5/6,NA,0.18
2009/5/7,0.109,0.18
2009/5/8,0.104,0.17
2009/5/9,NA,0.17
2009/5/10,NA,0.17
2009/5/11,0.104,0.17
2009/5/12,0.096,0.16
2009/5/13,0.104,0.16
2009/5/14,0.099,0.16
2009/5/15,0.1,0.17
2009/5/16,NA,0.17
2009/5/17,NA,0.17
2009/5/18,0.101,0.16
2009/5/19,0.1,0.15
2009/5/20,0.104,0.14
2009/5/21,0.1,0.17
2009/5/22,0.105,0.17
2009/5/23,NA,0.17
2009/5/24,NA,0.17
2009/5/25,0.106,0.17
2009/5/26,0.104,0.18
2009/5/27,0.101,0.17
2009/5/28,0.099,0.17
2009/5/29,0.099,0.19
2009/5/30,NA,0.19
2009/5/31,NA,0.19
2009/6/1,0.102,0.21
2009/6/2,0.101,0.2
2009/6/3,0.102,0.21
2009/6/4,0.095,0.2
2009/6/5,0.097,0.21
2009/6/6,NA,0.21
2009/6/7,NA,0.21
2009/6/8,0.103,0.21
2009/6/9,0.105,0.18
2009/6/10,0.103,0.18
2009/6/11,0.103,0.17
2009/6/12,0.104,0.17
2009/6/13,NA,0.17
2009/6/14,NA,0.17
2009/6/15,0.104,0.22
2009/6/16,0.11,0.22
2009/6/17,0.105,0.24
2009/6/18,0.104,0.25
2009/6/19,0.105,0.25
2009/6/20,NA,0.25
2009/6/21,NA,0.25
2009/6/22,0.105,0.24
2009/6/23,0.1,0.24
2009/6/24,0.105,0.21
2009/6/25,0.106,0.19
2009/6/26,0.106,0.18
2009/6/27,NA,0.18
2009/6/28,NA,0.18
2009/6/29,0.112,0.17
2009/6/30,0.11,0.22
2009/7/1,0.095,0.2
2009/7/2,0.096,0.17
2009/7/3,0.097,0.16
2009/7/4,NA,0.16
2009/7/5,NA,0.16
2009/7/6,0.099,0.18
2009/7/7,0.095,0.18
2009/7/8,0.097,0.16
2009/7/9,0.099,0.15
2009/7/10,0.102,0.15
2009/7/11,NA,0.15
2009/7/12,NA,0.15
2009/7/13,0.104,0.13
2009/7/14,0.107,0.13
2009/7/15,0.108,0.14
2009/7/16,0.115,0.15
2009/7/17,0.101,0.15
2009/7/18,NA,0.15
2009/7/19,NA,0.15
2009/7/20,NA,0.15
2009/7/21,0.102,0.14
2009/7/22,0.103,0.14
2009/7/23,0.1,0.15
2009/7/24,0.099,0.15
2009/7/25,NA,0.15
2009/7/26,NA,0.15
2009/7/27,0.104,0.16
2009/7/28,0.104,0.15
2009/7/29,0.104,0.17
2009/7/30,0.1,0.17
2009/7/31,0.105,0.18
2009/8/1,NA,0.18
2009/8/2,NA,0.18
2009/8/3,0.1,0.18
2009/8/4,0.098,0.17
2009/8/5,0.1,0.17
2009/8/6,0.105,0.17
2009/8/7,0.097,0.17
2009/8/8,NA,0.17
2009/8/9,NA,0.17
2009/8/10,0.106,0.17
2009/8/11,0.109,0.16
2009/8/12,0.11,0.15
2009/8/13,0.11,0.15
2009/8/14,0.108,0.15
2009/8/15,NA,0.15
2009/8/16,NA,0.15
2009/8/17,0.104,0.17
2009/8/18,0.105,0.17
2009/8/19,0.108,0.17
2009/8/20,0.107,0.17
2009/8/21,0.105,0.16
2009/8/22,NA,0.16
2009/8/23,NA,0.16
2009/8/24,0.109,0.16
2009/8/25,0.107,0.15
2009/8/26,0.109,0.15
2009/8/27,0.106,0.14
2009/8/28,0.106,0.14
2009/8/29,NA,0.14
2009/8/30,NA,0.14
2009/8/31,0.11,0.15
2009/9/1,0.107,0.15
2009/9/2,0.112,0.16
2009/9/3,0.1,0.15
2009/9/4,0.101,0.15
2009/9/5,NA,0.15
2009/9/6,NA,0.15
2009/9/7,0.099,0.15
2009/9/8,0.097,0.15
2009/9/9,0.098,0.15
2009/9/10,0.097,0.16
2009/9/11,0.096,0.15
2009/9/12,NA,0.15
2009/9/13,NA,0.15
2009/9/14,0.102,0.16
2009/9/15,0.099,0.17
2009/9/16,0.104,0.17
2009/9/17,0.106,0.16
2009/9/18,0.106,0.16
2009/9/19,NA,0.16
2009/9/20,NA,0.16
2009/9/21,NA,0.15
2009/9/22,NA,0.15
2009/9/23,NA,0.15
2009/9/24,0.118,0.14
2009/9/25,0.107,0.13
2009/9/26,NA,0.13
2009/9/27,NA,0.13
2009/9/28,0.097,0.13
2009/9/29,0.098,0.11
2009/9/30,0.103,0.07
2009/10/1,0.097,0.11
2009/10/2,0.096,0.13
2009/10/3,NA,0.13
2009/10/4,NA,0.13
2009/10/5,0.099,0.13
2009/10/6,0.105,0.12
2009/10/7,0.101,0.13
2009/10/8,0.095,0.12
2009/10/9,0.107,0.12
2009/10/10,NA,0.12
2009/10/11,NA,0.12
2009/10/12,NA,0.12
2009/10/13,0.109,0.12
2009/10/14,0.105,0.12
2009/10/15,0.105,0.13
2009/10/16,0.111,0.12
2009/10/17,NA,0.12
2009/10/18,NA,0.12
2009/10/19,0.108,0.12
2009/10/20,0.107,0.12
2009/10/21,0.116,0.11
2009/10/22,0.111,0.11
2009/10/23,0.114,0.11
2009/10/24,NA,0.11
2009/10/25,NA,0.11
2009/10/26,0.109,0.11
2009/10/27,0.105,0.11
2009/10/28,0.109,0.11
2009/10/29,0.108,0.11
2009/10/30,0.112,0.11
2009/10/31,NA,0.11
2009/11/1,NA,0.11
2009/11/2,0.106,0.12
2009/11/3,NA,0.12
2009/11/4,0.105,0.13
2009/11/5,0.102,0.13
2009/11/6,0.099,0.12
2009/11/7,NA,0.12
2009/11/8,NA,0.12
2009/11/9,0.101,0.12
2009/11/10,0.104,0.13
2009/11/11,0.104,0.13
2009/11/12,0.102,0.12
2009/11/13,0.1,0.12
2009/11/14,NA,0.12
2009/11/15,NA,0.12
2009/11/16,0.106,0.12
2009/11/17,0.108,0.12
2009/11/18,0.107,0.11
2009/11/19,0.109,0.11
2009/11/20,0.109,0.11
2009/11/21,NA,0.11
2009/11/22,NA,0.11
2009/11/23,NA,0.12
2009/11/24,0.109,0.12
2009/11/25,0.106,0.11
2009/11/26,0.103,0.11
2009/11/27,0.107,0.12
2009/11/28,NA,0.12
2009/11/29,NA,0.12
2009/11/30,0.113,0.13
2009/12/1,0.104,0.13
2009/12/2,0.101,0.13
2009/12/3,0.105,0.13
2009/12/4,0.102,0.12
2009/12/5,NA,0.12
2009/12/6,NA,0.12
2009/12/7,0.107,0.12
2009/12/8,0.107,0.12
2009/12/9,0.105,0.12
2009/12/10,0.1,0.12
2009/12/11,0.091,0.12
2009/12/12,NA,0.12
2009/12/13,NA,0.12
2009/12/14,0.092,0.12
2009/12/15,0.098,0.13
2009/12/16,0.113,0.14
2009/12/17,0.106,0.13
2009/12/18,0.105,0.12
2009/12/19,NA,0.12
2009/12/20,NA,0.12
2009/12/21,0.096,0.12
2009/12/22,0.104,0.12
2009/12/23,NA,0.11
2009/12/24,0.102,0.11
2009/12/25,0.098,0.11
2009/12/26,NA,0.11
2009/12/27,NA,0.11
2009/12/28,0.097,0.12
2009/12/29,0.097,0.12
2009/12/30,0.094,0.11
2009/12/31,NA,0.05
2010/1/1,NA,0.05
2010/1/2,NA,0.05
2010/1/3,NA,0.05
2010/1/4,0.1,0.12
2010/1/5,0.095,0.12
2010/1/6,0.092,0.12
2010/1/7,0.092,0.1
2010/1/8,0.092,0.11
2010/1/9,NA,0.11
2010/1/10,NA,0.11
2010/1/11,NA,0.11
2010/1/12,0.095,0.11
2010/1/13,0.095,0.11
2010/1/14,0.094,0.11
2010/1/15,0.094,0.12
2010/1/16,NA,0.12
2010/1/17,NA,0.12
2010/1/18,0.098,0.12
2010/1/19,0.102,0.13
2010/1/20,0.101,0.13
2010/1/21,0.103,0.12
2010/1/22,0.101,0.11
2010/1/23,NA,0.11
2010/1/24,NA,0.11
2010/1/25,0.101,0.12
2010/1/26,0.091,0.12
2010/1/27,0.094,0.12
2010/1/28,0.096,0.12
2010/1/29,0.095,0.12
2010/1/30,NA,0.12
2010/1/31,NA,0.12
2010/2/1,0.094,0.14
2010/2/2,0.098,0.14
2010/2/3,0.096,0.13
2010/2/4,0.1,0.14
2010/2/5,0.108,0.13
2010/2/6,NA,0.13
2010/2/7,NA,0.13
2010/2/8,0.107,0.13
2010/2/9,0.11,0.13
2010/2/10,0.108,0.12
2010/2/11,NA,0.12
2010/2/12,0.101,0.12
2010/2/13,NA,0.12
2010/2/14,NA,0.12
2010/2/15,0.104,0.12
2010/2/16,0.097,0.13
2010/2/17,0.106,0.12
2010/2/18,0.097,0.12
2010/2/19,0.094,0.13
2010/2/20,NA,0.13
2010/2/21,NA,0.13
2010/2/22,0.096,0.12
2010/2/23,0.098,0.12
2010/2/24,0.1,0.11
2010/2/25,0.102,0.12
2010/2/26,0.097,0.13
2010/2/27,NA,0.13
2010/2/28,NA,0.13
2010/3/1,0.094,0.14
2010/3/2,0.091,0.14
2010/3/3,0.095,0.15
2010/3/4,0.096,0.16
2010/3/5,0.096,0.17
2010/3/6,NA,0.17
2010/3/7,NA,0.17
2010/3/8,0.094,0.15
2010/3/9,0.099,0.14
2010/3/10,0.094,0.14
2010/3/11,0.101,0.15
2010/3/12,0.094,0.17
2010/3/13,NA,0.17
2010/3/14,NA,0.17
2010/3/15,0.104,0.2
2010/3/16,0.1,0.2
2010/3/17,0.099,0.18
2010/3/18,0.1,0.18
2010/3/19,0.101,0.18
2010/3/20,NA,0.18
2010/3/21,NA,0.18
2010/3/22,NA,0.18
2010/3/23,0.099,0.17
2010/3/24,0.101,0.17
2010/3/25,0.101,0.17
2010/3/26,0.097,0.17
2010/3/27,NA,0.17
2010/3/28,NA,0.17
2010/3/29,0.103,0.16
2010/3/30,0.1,0.16
2010/3/31,0.082,0.09
2010/4/1,0.09,0.17
2010/4/2,0.094,0.2
2010/4/3,NA,0.2
2010/4/4,NA,0.2
2010/4/5,0.094,0.2
2010/4/6,0.093,0.2
2010/4/7,0.091,0.19
2010/4/8,0.093,0.19
2010/4/9,0.097,0.19
2010/4/10,NA,0.19
2010/4/11,NA,0.19
2010/4/12,0.094,0.19
2010/4/13,0.094,0.2
2010/4/14,0.089,0.2
2010/4/15,0.089,0.22
2010/4/16,0.095,0.21
2010/4/17,NA,0.21
2010/4/18,NA,0.21
2010/4/19,0.092,0.2
2010/4/20,0.096,0.2
2010/4/21,0.094,0.2
2010/4/22,0.091,0.2
2010/4/23,0.092,0.2
2010/4/24,NA,0.2
2010/4/25,NA,0.2
2010/4/26,0.094,0.2
2010/4/27,0.092,0.2
2010/4/28,0.09,0.2
2010/4/29,NA,0.19
2010/4/30,0.096,0.2
2010/5/1,NA,0.2
2010/5/2,NA,0.2
2010/5/3,NA,0.2
2010/5/4,NA,0.21
2010/5/5,NA,0.21
2010/5/6,0.093,0.2
2010/5/7,0.091,0.2
2010/5/8,NA,0.2
2010/5/9,NA,0.2
2010/5/10,0.087,0.2
2010/5/11,0.089,0.2
2010/5/12,0.088,0.2
2010/5/13,0.088,0.2
2010/5/14,0.102,0.2
2010/5/15,NA,0.2
2010/5/16,NA,0.2
2010/5/17,0.09,0.21
2010/5/18,0.088,0.21
2010/5/19,0.091,0.2
2010/5/20,0.092,0.2
2010/5/21,0.093,0.2
2010/5/22,NA,0.2
2010/5/23,NA,0.2
2010/5/24,0.092,0.21
2010/5/25,0.09,0.21
2010/5/26,0.089,0.2
2010/5/27,0.089,0.2
2010/5/28,0.093,0.19
2010/5/29,NA,0.19
2010/5/30,NA,0.19
2010/5/31,0.089,0.19
2010/6/1,0.089,0.2
2010/6/2,0.088,0.2
2010/6/3,0.088,0.19
2010/6/4,0.091,0.19
2010/6/5,NA,0.19
2010/6/6,NA,0.19
2010/6/7,0.086,0.19
2010/6/8,0.106,0.19
2010/6/9,0.09,0.18
2010/6/10,0.096,0.18
2010/6/11,0.091,0.18
2010/6/12,NA,0.18
2010/6/13,NA,0.18
2010/6/14,0.098,0.18
2010/6/15,0.098,0.19
2010/6/16,0.094,0.19
2010/6/17,0.096,0.19
2010/6/18,0.093,0.18
2010/6/19,NA,0.18
2010/6/20,NA,0.18
2010/6/21,0.098,0.17
2010/6/22,0.097,0.18
2010/6/23,0.097,0.17
2010/6/24,0.103,0.16
2010/6/25,0.098,0.16
2010/6/26,NA,0.16
2010/6/27,NA,0.16
2010/6/28,0.099,0.17
2010/6/29,0.094,0.15
2010/6/30,0.096,0.09
2010/7/1,0.091,0.17
2010/7/2,0.091,0.18
2010/7/3,NA,0.18
2010/7/4,NA,0.18
2010/7/5,0.091,0.18
2010/7/6,0.111,0.18
2010/7/7,0.093,0.18
2010/7/8,0.092,0.17
2010/7/9,0.098,0.18
2010/7/10,NA,0.18
2010/7/11,NA,0.18
2010/7/12,0.092,0.17
2010/7/13,0.093,0.17
2010/7/14,0.092,0.17
2010/7/15,0.091,0.19
2010/7/16,0.094,0.19
2010/7/17,NA,0.19
2010/7/18,NA,0.19
2010/7/19,NA,0.19
2010/7/20,0.093,0.18
2010/7/21,0.09,0.18
2010/7/22,0.093,0.18
2010/7/23,0.093,0.19
2010/7/24,NA,0.19
2010/7/25,NA,0.19
2010/7/26,0.095,0.19
2010/7/27,0.092,0.19
2010/7/28,0.105,0.2
2010/7/29,0.094,0.19
2010/7/30,0.098,0.18
2010/7/31,NA,0.18
2010/8/1,NA,0.18
2010/8/2,0.096,0.19
2010/8/3,0.094,0.19
2010/8/4,0.095,0.19
2010/8/5,0.096,0.19
2010/8/6,0.097,0.18
2010/8/7,NA,0.18
2010/8/8,NA,0.18
2010/8/9,0.098,0.18
2010/8/10,0.105,0.18
2010/8/11,0.099,0.17
2010/8/12,0.096,0.18
2010/8/13,0.093,0.19
2010/8/14,NA,0.19
2010/8/15,NA,0.19
2010/8/16,0.093,0.2
2010/8/17,0.091,0.2
2010/8/18,0.095,0.19
2010/8/19,0.091,0.19
2010/8/20,0.092,0.2
2010/8/21,NA,0.2
2010/8/22,NA,0.2
2010/8/23,0.094,0.19
2010/8/24,0.097,0.19
2010/8/25,0.095,0.19
2010/8/26,0.089,0.19
2010/8/27,0.094,0.19
2010/8/28,NA,0.19
2010/8/29,NA,0.19
2010/8/30,0.095,0.19
2010/8/31,0.095,0.21
2010/9/1,0.093,0.19
2010/9/2,0.091,0.19
2010/9/3,0.09,0.19
2010/9/4,NA,0.19
2010/9/5,NA,0.19
2010/9/6,0.097,0.19
2010/9/7,0.087,0.2
2010/9/8,0.092,0.19
2010/9/9,0.09,0.18
2010/9/10,0.093,0.18
2010/9/11,NA,0.18
2010/9/12,NA,0.18
2010/9/13,0.089,0.18
2010/9/14,0.089,0.19
2010/9/15,0.089,0.21
2010/9/16,0.09,0.21
2010/9/17,0.086,0.21
2010/9/18,NA,0.21
2010/9/19,NA,0.21
2010/9/20,NA,0.21
2010/9/21,0.089,0.2
2010/9/22,0.09,0.21
2010/9/23,NA,0.2
2010/9/24,0.089,0.21
2010/9/25,NA,0.21
2010/9/26,NA,0.21
2010/9/27,0.088,0.19
2010/9/28,0.087,0.19
2010/9/29,0.091,0.19
2010/9/30,0.113,0.15
2010/10/1,0.091,0.2
2010/10/2,NA,0.2
2010/10/3,NA,0.2
2010/10/4,0.092,0.2
2010/10/5,0.09,0.2
2010/10/6,0.085,0.19
2010/10/7,0.087,0.18
2010/10/8,0.088,0.18
2010/10/9,NA,0.18
2010/10/10,NA,0.18
2010/10/11,NA,0.18
2010/10/12,0.088,0.18
2010/10/13,0.089,0.18
2010/10/14,0.091,0.19
2010/10/15,0.098,0.2
2010/10/16,NA,0.2
2010/10/17,NA,0.2
2010/10/18,0.093,0.19
2010/10/19,0.093,0.19
2010/10/20,0.091,0.19
2010/10/21,0.091,0.19
2010/10/22,0.093,0.19
2010/10/23,NA,0.19
2010/10/24,NA,0.19
2010/10/25,0.094,0.19
2010/10/26,0.088,0.19
2010/10/27,0.092,0.19
2010/10/28,0.09,0.19
2010/10/29,0.093,0.2
2010/10/30,NA,0.2
2010/10/31,NA,0.2
2010/11/1,0.093,0.2
2010/11/2,0.099,0.2
2010/11/3,NA,0.2
2010/11/4,0.104,0.19
2010/11/5,0.093,0.18
2010/11/6,NA,0.18
2010/11/7,NA,0.18
2010/11/8,0.091,0.18
2010/11/9,0.086,0.17
2010/11/10,0.089,0.17
2010/11/11,0.086,0.17
2010/11/12,0.086,0.19
2010/11/13,NA,0.19
2010/11/14,NA,0.19
2010/11/15,0.09,0.21
2010/11/16,0.087,0.21
2010/11/17,0.087,0.2
2010/11/18,0.087,0.2
2010/11/19,0.091,0.21
2010/11/20,NA,0.21
2010/11/21,NA,0.21
2010/11/22,0.089,0.19
2010/11/23,NA,0.2
2010/11/24,0.089,0.2
2010/11/25,0.091,0.2
2010/11/26,0.093,0.2
2010/11/27,NA,0.2
2010/11/28,NA,0.2
2010/11/29,0.09,0.2
2010/11/30,0.09,0.2
2010/12/1,0.087,0.2
2010/12/2,0.092,0.19
2010/12/3,0.094,0.18
2010/12/4,NA,0.18
2010/12/5,NA,0.18
2010/12/6,0.093,0.18
2010/12/7,0.091,0.17
2010/12/8,0.095,0.17
2010/12/9,0.089,0.16
2010/12/10,0.09,0.16
2010/12/11,NA,0.16
2010/12/12,NA,0.16
2010/12/13,0.09,0.17
2010/12/14,0.089,0.19
2010/12/15,0.09,0.2
2010/12/16,0.086,0.2
2010/12/17,0.083,0.2
2010/12/18,NA,0.2
2010/12/19,NA,0.2
2010/12/20,0.086,0.21
2010/12/21,0.085,0.2
2010/12/22,0.083,0.19
2010/12/23,NA,0.19
2010/12/24,0.079,0.19
2010/12/25,NA,0.19
2010/12/26,NA,0.19
2010/12/27,0.083,0.19
2010/12/28,0.08,0.18
2010/12/29,0.08,0.18
2010/12/30,0.079,0.19
2010/12/31,NA,0.13
2011/1/1,NA,0.13
2011/1/2,NA,0.13
2011/1/3,NA,0.19
2011/1/4,0.08,0.18
2011/1/5,0.079,0.18
2011/1/6,0.079,0.17
2011/1/7,0.094,0.17
2011/1/8,NA,0.17
2011/1/9,NA,0.17
2011/1/10,NA,0.17
2011/1/11,0.08,0.17
2011/1/12,0.081,0.16
2011/1/13,0.089,0.16
2011/1/14,0.086,0.16
2011/1/15,NA,0.16
2011/1/16,NA,0.16
2011/1/17,0.084,0.16
2011/1/18,0.084,0.19
2011/1/19,0.082,0.18
2011/1/20,0.085,0.18
2011/1/21,0.085,0.17
2011/1/22,NA,0.17
2011/1/23,NA,0.17
2011/1/24,0.085,0.18
2011/1/25,0.082,0.17
2011/1/26,0.095,0.17
2011/1/27,0.088,0.17
2011/1/28,0.087,0.17
2011/1/29,NA,0.17
2011/1/30,NA,0.17
2011/1/31,0.087,0.17
2011/2/1,0.088,0.18
2011/2/2,0.099,0.18
2011/2/3,0.102,0.17
2011/2/4,0.093,0.17
2011/2/5,NA,0.17
2011/2/6,NA,0.17
2011/2/7,0.094,0.17
2011/2/8,0.098,0.16
2011/2/9,0.104,0.15
2011/2/10,0.1,0.15
2011/2/11,NA,0.15
2011/2/12,NA,0.15
2011/2/13,NA,0.15
2011/2/14,0.102,0.15
2011/2/15,0.091,0.16
2011/2/16,0.087,0.15
2011/2/17,0.098,0.15
2011/2/18,0.084,0.15
2011/2/19,NA,0.15
2011/2/20,NA,0.15
2011/2/21,0.087,0.15
2011/2/22,0.089,0.15
2011/2/23,0.093,0.15
2011/2/24,0.086,0.15
2011/2/25,0.088,0.15
2011/2/26,NA,0.15
2011/2/27,NA,0.15
2011/2/28,0.091,0.16
2011/3/1,0.092,0.15
2011/3/2,0.085,0.16
2011/3/3,0.089,0.15
2011/3/4,0.085,0.15
2011/3/5,NA,0.15
2011/3/6,NA,0.15
2011/3/7,0.087,0.14
2011/3/8,0.085,0.14
2011/3/9,0.087,0.14
2011/3/10,0.09,0.14
2011/3/11,0.087,0.13
2011/3/12,NA,0.13
2011/3/13,NA,0.13
2011/3/14,0.109,0.14
2011/3/15,0.103,0.14
2011/3/16,0.092,0.14
2011/3/17,0.095,0.14
2011/3/18,0.092,0.15
2011/3/19,NA,0.15
2011/3/20,NA,0.15
2011/3/21,NA,0.14
2011/3/22,0.084,0.14
2011/3/23,0.077,0.14
2011/3/24,0.074,0.13
2011/3/25,0.071,0.13
2011/3/26,NA,0.13
2011/3/27,NA,0.13
2011/3/28,0.072,0.13
2011/3/29,0.072,0.13
2011/3/30,0.071,0.13
2011/3/31,0.062,0.1
2011/4/1,0.061,0.11
2011/4/2,NA,0.11
2011/4/3,NA,0.11
2011/4/4,0.061,0.09
2011/4/5,0.06,0.09
2011/4/6,0.062,0.1
2011/4/7,0.061,0.1
2011/4/8,0.062,0.09
2011/4/9,NA,0.09
2011/4/10,NA,0.09
2011/4/11,0.062,0.09
2011/4/12,0.061,0.08
2011/4/13,0.06,0.08
2011/4/14,0.063,0.09
2011/4/15,0.063,0.12
2011/4/16,NA,0.12
2011/4/17,NA,0.12
2011/4/18,0.062,0.1
2011/4/19,0.062,0.11
2011/4/20,0.064,0.1
2011/4/21,0.063,0.1
2011/4/22,0.064,0.1
2011/4/23,NA,0.1
2011/4/24,NA,0.1
2011/4/25,0.063,0.1
2011/4/26,0.064,0.09
2011/4/27,0.063,0.09
2011/4/28,0.064,0.09
2011/4/29,NA,0.09
2011/4/30,NA,0.09
2011/5/1,NA,0.09
2011/5/2,0.062,0.09
2011/5/3,NA,0.09
2011/5/4,NA,0.09
2011/5/5,NA,0.09
2011/5/6,0.063,0.09
2011/5/7,NA,0.09
2011/5/8,NA,0.09
2011/5/9,0.065,0.09
2011/5/10,0.065,0.09
2011/5/11,0.065,0.09
2011/5/12,0.067,0.09
2011/5/13,0.065,0.09
2011/5/14,NA,0.09
2011/5/15,NA,0.09
2011/5/16,0.069,0.1
2011/5/17,0.069,0.09
2011/5/18,0.069,0.1
2011/5/19,0.07,0.09
2011/5/20,0.07,0.1
2011/5/21,NA,0.1
2011/5/22,NA,0.1
2011/5/23,0.069,0.1
2011/5/24,0.094,0.1
2011/5/25,0.078,0.09
2011/5/26,0.072,0.09
2011/5/27,0.069,0.1
2011/5/28,NA,0.1
2011/5/29,NA,0.1
2011/5/30,0.069,0.1
2011/5/31,0.067,0.1
2011/6/1,0.066,0.1
2011/6/2,0.068,0.1
2011/6/3,0.068,0.11
2011/6/4,NA,0.11
2011/6/5,NA,0.11
2011/6/6,0.064,0.1
2011/6/7,0.066,0.09
2011/6/8,0.067,0.09
2011/6/9,0.069,0.09
2011/6/10,0.068,0.09
2011/6/11,NA,0.09
2011/6/12,NA,0.09
2011/6/13,0.068,0.1
2011/6/14,0.072,0.1
2011/6/15,0.07,0.1
2011/6/16,0.069,0.1
2011/6/17,0.068,0.1
2011/6/18,NA,0.1
2011/6/19,NA,0.1
2011/6/20,0.069,0.09
2011/6/21,0.073,0.09
2011/6/22,0.069,0.09
2011/6/23,0.071,0.08
2011/6/24,0.07,0.08
2011/6/25,NA,0.08
2011/6/26,NA,0.08
2011/6/27,0.068,0.08
2011/6/28,0.068,0.08
2011/6/29,0.069,0.07
2011/6/30,0.067,0.07
2011/7/1,0.067,0.08
2011/7/2,NA,0.08
2011/7/3,NA,0.08
2011/7/4,0.068,0.08
2011/7/5,0.068,0.08
2011/7/6,0.07,0.07
2011/7/7,0.07,0.07
2011/7/8,0.073,0.07
2011/7/9,NA,0.07
2011/7/10,NA,0.07
2011/7/11,0.076,0.07
2011/7/12,0.076,0.06
2011/7/13,0.076,0.06
2011/7/14,0.084,0.06
2011/7/15,0.075,0.06
2011/7/16,NA,0.06
2011/7/17,NA,0.06
2011/7/18,NA,0.06
2011/7/19,0.072,0.06
2011/7/20,0.073,0.06
2011/7/21,0.075,0.06
2011/7/22,0.073,0.06
2011/7/23,NA,0.06
2011/7/24,NA,0.06
2011/7/25,0.07,0.06
2011/7/26,0.073,0.06
2011/7/27,0.072,0.07
2011/7/28,0.074,0.08
2011/7/29,0.078,0.11
2011/7/30,NA,0.11
2011/7/31,NA,0.11
2011/8/1,0.076,0.17
2011/8/2,0.078,0.16
2011/8/3,0.083,0.12
2011/8/4,0.082,0.09
2011/8/5,0.086,0.08
2011/8/6,NA,0.08
2011/8/7,NA,0.08
2011/8/8,0.079,0.11
2011/8/9,0.079,0.1
2011/8/10,0.08,0.1
2011/8/11,0.077,0.09
2011/8/12,0.081,0.1
2011/8/13,NA,0.1
2011/8/14,NA,0.1
2011/8/15,0.083,0.1
2011/8/16,0.081,0.09
2011/8/17,0.087,0.09
2011/8/18,0.08,0.09
2011/8/19,0.084,0.09
2011/8/20,NA,0.09
2011/8/21,NA,0.09
2011/8/22,0.082,0.09
2011/8/23,0.082,0.08
2011/8/24,0.087,0.08
2011/8/25,0.078,0.08
2011/8/26,0.076,0.09
2011/8/27,NA,0.09
2011/8/28,NA,0.09
2011/8/29,0.079,0.09
2011/8/30,0.078,0.08
2011/8/31,0.075,0.08
2011/9/1,0.08,0.08
2011/9/2,0.082,0.08
2011/9/3,NA,0.08
2011/9/4,NA,0.08
2011/9/5,0.078,0.08
2011/9/6,0.085,0.09
2011/9/7,0.086,0.09
2011/9/8,0.081,0.09
2011/9/9,0.081,0.09
2011/9/10,NA,0.09
2011/9/11,NA,0.09
2011/9/12,0.085,0.09
2011/9/13,0.077,0.09
2011/9/14,0.077,0.08
2011/9/15,0.081,0.09
2011/9/16,0.078,0.09
2011/9/17,NA,0.09
2011/9/18,NA,0.09
2011/9/19,NA,0.09
2011/9/20,0.08,0.09
2011/9/21,0.08,0.08
2011/9/22,0.081,0.08
2011/9/23,NA,0.08
2011/9/24,NA,0.08
2011/9/25,NA,0.08
2011/9/26,0.079,0.08
2011/9/27,0.074,0.08
2011/9/28,0.078,0.08
2011/9/29,0.083,0.08
2011/9/30,0.075,0.06
2011/10/1,NA,0.06
2011/10/2,NA,0.06
2011/10/3,0.081,0.08
2011/10/4,0.083,0.07
2011/10/5,0.078,0.07
2011/10/6,0.081,0.07
2011/10/7,0.083,0.07
2011/10/8,NA,0.07
2011/10/9,NA,0.07
2011/10/10,NA,0.07
2011/10/11,0.082,0.07
2011/10/12,0.095,0.07
2011/10/13,0.09,0.07
2011/10/14,0.077,0.07
2011/10/15,NA,0.07
2011/10/16,NA,0.07
2011/10/17,0.077,0.07
2011/10/18,0.077,0.07
2011/10/19,0.079,0.07
2011/10/20,0.079,0.07
2011/10/21,0.08,0.07
2011/10/22,NA,0.07
2011/10/23,NA,0.07
2011/10/24,0.081,0.07
2011/10/25,0.085,0.07
2011/10/26,0.087,0.08
2011/10/27,0.076,0.07
2011/10/28,0.075,0.07
2011/10/29,NA,0.07
2011/10/30,NA,0.07
2011/10/31,0.081,0.09
2011/11/1,0.077,0.08
2011/11/2,0.078,0.08
2011/11/3,NA,0.09
2011/11/4,0.077,0.08
2011/11/5,NA,0.08
2011/11/6,NA,0.08
2011/11/7,0.073,0.08
2011/11/8,0.074,0.08
2011/11/9,0.075,0.08
2011/11/10,0.075,0.08
2011/11/11,0.073,0.08
2011/11/12,NA,0.08
2011/11/13,NA,0.08
2011/11/14,0.074,0.08
2011/11/15,0.075,0.09
2011/11/16,0.077,0.08
2011/11/17,0.078,0.08
2011/11/18,0.076,0.08
2011/11/19,NA,0.08
2011/11/20,NA,0.08
2011/11/21,0.081,0.08
2011/11/22,0.079,0.08
2011/11/23,NA,0.09
2011/11/24,0.082,0.09
2011/11/25,0.078,0.07
2011/11/26,NA,0.07
2011/11/27,NA,0.07
2011/11/28,0.076,0.08
2011/11/29,0.076,0.08
2011/11/30,0.081,0.1
2011/12/1,0.082,0.08
2011/12/2,0.077,0.08
2011/12/3,NA,0.08
2011/12/4,NA,0.08
2011/12/5,0.078,0.08
2011/12/6,0.077,0.08
2011/12/7,0.078,0.08
2011/12/8,0.077,0.07
2011/12/9,0.076,0.07
2011/12/10,NA,0.07
2011/12/11,NA,0.07
2011/12/12,0.078,0.07
2011/12/13,0.079,0.07
2011/12/14,0.079,0.07
2011/12/15,0.078,0.07
2011/12/16,0.08,0.07
2011/12/17,NA,0.07
2011/12/18,NA,0.07
2011/12/19,0.085,0.07
2011/12/20,0.083,0.07
2011/12/21,0.082,0.07
2011/12/22,0.079,0.07
2011/12/23,NA,0.08
2011/12/24,NA,0.08
2011/12/25,NA,0.08
2011/12/26,0.073,0.08
2011/12/27,0.071,0.07
2011/12/28,0.074,0.07
2011/12/29,0.073,0.07
2011/12/30,0.075,0.04
2011/12/31,NA,0.04
2012/1/1,NA,0.04
2012/1/2,NA,0.04
2012/1/3,NA,0.07
2012/1/4,0.079,0.07
2012/1/5,0.074,0.07
2012/1/6,0.08,0.07
2012/1/7,NA,0.07
2012/1/8,NA,0.07
2012/1/9,NA,0.08
2012/1/10,0.081,0.08
2012/1/11,0.09,0.08
2012/1/12,0.079,0.08
2012/1/13,0.076,0.09
2012/1/14,NA,0.09
2012/1/15,NA,0.09
2012/1/16,0.074,0.09
2012/1/17,0.083,0.09
2012/1/18,0.083,0.09
2012/1/19,0.086,0.1
2012/1/20,0.086,0.09
2012/1/21,NA,0.09
2012/1/22,NA,0.09
2012/1/23,0.08,0.09
2012/1/24,0.079,0.09
2012/1/25,0.08,0.08
2012/1/26,0.081,0.08
2012/1/27,0.081,0.09
2012/1/28,NA,0.09
2012/1/29,NA,0.09
2012/1/30,0.082,0.09
2012/1/31,0.075,0.11
2012/2/1,0.073,0.11
2012/2/2,0.076,0.11
2012/2/3,0.079,0.11
2012/2/4,NA,0.11
2012/2/5,NA,0.11
2012/2/6,0.083,0.11
2012/2/7,0.085,0.11
2012/2/8,0.085,0.11
2012/2/9,0.087,0.11
2012/2/10,0.084,0.12
2012/2/11,NA,0.12
2012/2/12,NA,0.12
2012/2/13,0.079,0.12
2012/2/14,0.096,0.12
2012/2/15,0.084,0.12
2012/2/16,0.093,0.11
2012/2/17,0.078,0.09
2012/2/18,NA,0.09
2012/2/19,NA,0.09
2012/2/20,0.09,0.09
2012/2/21,0.095,0.1
2012/2/22,0.088,0.08
2012/2/23,0.091,0.08
2012/2/24,0.079,0.09
2012/2/25,NA,0.09
2012/2/26,NA,0.09
2012/2/27,0.093,0.1
2012/2/28,0.083,0.1
2012/2/29,0.081,0.1
2012/3/1,0.087,0.11
2012/3/2,0.08,0.11
2012/3/3,NA,0.11
2012/3/4,NA,0.11
2012/3/5,0.089,0.11
2012/3/6,0.086,0.11
2012/3/7,0.087,0.11
2012/3/8,0.096,0.11
2012/3/9,0.086,0.12
2012/3/10,NA,0.12
2012/3/11,NA,0.12
2012/3/12,0.086,0.12
2012/3/13,0.091,0.12
2012/3/14,0.088,0.13
2012/3/15,0.087,0.14
2012/3/16,0.083,0.15
2012/3/17,NA,0.15
2012/3/18,NA,0.15
2012/3/19,0.086,0.15
2012/3/20,NA,0.15
2012/3/21,0.082,0.15
2012/3/22,0.083,0.14
2012/3/23,0.084,0.14
2012/3/24,NA,0.14
2012/3/25,NA,0.14
2012/3/26,0.078,0.14
2012/3/27,0.073,0.14
2012/3/28,0.078,0.13
2012/3/29,0.077,0.13
2012/3/30,0.076,0.09
2012/3/31,NA,0.09
2012/4/1,NA,0.09
2012/4/2,0.074,0.15
2012/4/3,0.073,0.15
2012/4/4,0.082,0.15
2012/4/5,0.068,0.15
2012/4/6,0.068,0.12
2012/4/7,NA,0.12
2012/4/8,NA,0.12
2012/4/9,0.068,0.16
2012/4/10,0.07,0.15
2012/4/11,0.074,0.16
2012/4/12,0.073,0.15
2012/4/13,0.067,0.15
2012/4/14,NA,0.15
2012/4/15,NA,0.15
2012/4/16,0.073,0.15
2012/4/17,0.07,0.16
2012/4/18,0.072,0.15
2012/4/19,0.073,0.13
2012/4/20,0.081,0.12
2012/4/21,NA,0.12
2012/4/22,NA,0.12
2012/4/23,0.083,0.13
2012/4/24,0.081,0.14
2012/4/25,0.084,0.15
2012/4/26,0.076,0.14
2012/4/27,0.08,0.13
2012/4/28,NA,0.13
2012/4/29,NA,0.13
2012/4/30,NA,0.16
2012/5/1,0.079,0.16
2012/5/2,0.08,0.15
2012/5/3,NA,0.15
2012/5/4,NA,0.16
2012/5/5,NA,0.16
2012/5/6,NA,0.16
2012/5/7,0.077,0.16
2012/5/8,0.077,0.16
2012/5/9,0.081,0.15
2012/5/10,0.079,0.15
2012/5/11,0.081,0.15
2012/5/12,NA,0.15
2012/5/13,NA,0.15
2012/5/14,0.086,0.16
2012/5/15,0.085,0.16
2012/5/16,0.079,0.16
2012/5/17,0.082,0.16
2012/5/18,0.084,0.16
2012/5/19,NA,0.16
2012/5/20,NA,0.16
2012/5/21,0.088,0.16
2012/5/22,0.086,0.16
2012/5/23,0.083,0.15
2012/5/24,0.085,0.15
2012/5/25,0.087,0.15
2012/5/26,NA,0.15
2012/5/27,NA,0.15
2012/5/28,0.087,0.15
2012/5/29,0.087,0.16
2012/5/30,0.087,0.16
2012/5/31,0.095,0.16
2012/6/1,0.08,0.16
2012/6/2,NA,0.16
2012/6/3,NA,0.16
2012/6/4,0.079,0.17
2012/6/5,0.075,0.17
2012/6/6,0.076,0.16
2012/6/7,0.074,0.16
2012/6/8,0.073,0.17
2012/6/9,NA,0.17
2012/6/10,NA,0.17
2012/6/11,0.073,0.17
2012/6/12,0.074,0.16
2012/6/13,0.081,0.17
2012/6/14,0.08,0.17
2012/6/15,0.073,0.18
2012/6/16,NA,0.18
2012/6/17,NA,0.18
2012/6/18,0.076,0.17
2012/6/19,0.078,0.17
2012/6/20,0.077,0.16
2012/6/21,0.078,0.17
2012/6/22,0.078,0.17
2012/6/23,NA,0.17
2012/6/24,NA,0.17
2012/6/25,0.077,0.17
2012/6/26,0.075,0.16
2012/6/27,0.075,0.15
2012/6/28,0.076,0.15
2012/6/29,0.076,0.09
2012/6/30,NA,0.09
2012/7/1,NA,0.09
2012/7/2,0.075,0.18
2012/7/3,0.075,0.17
2012/7/4,0.079,0.17
2012/7/5,0.08,0.17
2012/7/6,0.085,0.17
2012/7/7,NA,0.17
2012/7/8,NA,0.17
2012/7/9,0.083,0.17
2012/7/10,0.084,0.17
2012/7/11,0.083,0.17
2012/7/12,0.086,0.18
2012/7/13,0.088,0.19
2012/7/14,NA,0.19
2012/7/15,NA,0.19
2012/7/16,NA,0.18
2012/7/17,0.086,0.17
2012/7/18,0.087,0.16
2012/7/19,0.092,0.13
2012/7/20,0.09,0.13
2012/7/21,NA,0.13
2012/7/22,NA,0.13
2012/7/23,0.082,0.14
2012/7/24,0.083,0.15
2012/7/25,0.084,0.15
2012/7/26,0.08,0.14
2012/7/27,0.08,0.14
2012/7/28,NA,0.14
2012/7/29,NA,0.14
2012/7/30,0.084,0.14
2012/7/31,0.09,0.13
2012/8/1,0.091,0.14
2012/8/2,0.094,0.14
2012/8/3,0.09,0.14
2012/8/4,NA,0.14
2012/8/5,NA,0.14
2012/8/6,0.086,0.14
2012/8/7,0.086,0.13
2012/8/8,0.086,0.13
2012/8/9,0.09,0.13
2012/8/10,0.096,0.13
2012/8/11,NA,0.13
2012/8/12,NA,0.13
2012/8/13,0.089,0.13
2012/8/14,0.089,0.13
2012/8/15,0.081,0.13
2012/8/16,0.083,0.13
2012/8/17,0.082,0.13
2012/8/18,NA,0.13
2012/8/19,NA,0.13
2012/8/20,0.084,0.13
2012/8/21,0.084,0.13
2012/8/22,0.09,0.13
2012/8/23,0.084,0.13
2012/8/24,0.082,0.13
2012/8/25,NA,0.13
2012/8/26,NA,0.13
2012/8/27,0.079,0.13
2012/8/28,0.078,0.13
2012/8/29,0.081,0.13
2012/8/30,0.088,0.14
2012/8/31,0.093,0.13
2012/9/1,NA,0.13
2012/9/2,NA,0.13
2012/9/3,0.08,0.13
2012/9/4,0.083,0.14
2012/9/5,0.084,0.16
2012/9/6,0.084,0.16
2012/9/7,0.088,0.15
2012/9/8,NA,0.15
2012/9/9,NA,0.15
2012/9/10,0.08,0.15
2012/9/11,0.084,0.15
2012/9/12,0.09,0.15
2012/9/13,0.089,0.15
2012/9/14,0.091,0.16
2012/9/15,NA,0.16
2012/9/16,NA,0.16
2012/9/17,NA,0.16
2012/9/18,0.088,0.16
2012/9/19,0.086,0.15
2012/9/20,0.081,0.16
2012/9/21,0.081,0.15
2012/9/22,NA,0.15
2012/9/23,NA,0.15
2012/9/24,0.091,0.16
2012/9/25,0.084,0.15
2012/9/26,0.081,0.15
2012/9/27,0.089,0.14
2012/9/28,0.078,0.09
2012/9/29,NA,0.09
2012/9/30,NA,0.09
2012/10/1,0.086,0.15
2012/10/2,0.084,0.16
2012/10/3,0.084,0.16
2012/10/4,0.085,0.15
2012/10/5,0.086,0.15
2012/10/6,NA,0.15
2012/10/7,NA,0.15
2012/10/8,NA,0.15
2012/10/9,0.087,0.16
2012/10/10,0.086,0.16
2012/10/11,0.091,0.16
2012/10/12,0.082,0.16
2012/10/13,NA,0.16
2012/10/14,NA,0.16
2012/10/15,0.081,0.16
2012/10/16,0.08,0.16
2012/10/17,0.079,0.15
2012/10/18,0.082,0.15
2012/10/19,0.084,0.16
2012/10/20,NA,0.16
2012/10/21,NA,0.16
2012/10/22,0.088,0.15
2012/10/23,0.083,0.15
2012/10/24,0.086,0.17
2012/10/25,0.092,0.16
2012/10/26,0.086,0.16
2012/10/27,NA,0.16
2012/10/28,NA,0.16
2012/10/29,0.085,0.17
2012/10/30,0.082,0.17
2012/10/31,0.089,0.18
2012/11/1,0.089,0.17
2012/11/2,0.08,0.16
2012/11/3,NA,0.16
2012/11/4,NA,0.16
2012/11/5,0.082,0.17
2012/11/6,0.088,0.16
2012/11/7,0.093,0.16
2012/11/8,0.089,0.16
2012/11/9,0.089,0.16
2012/11/10,NA,0.16
2012/11/11,NA,0.16
2012/11/12,0.085,0.16
2012/11/13,0.079,0.16
2012/11/14,0.079,0.16
2012/11/15,0.076,0.16
2012/11/16,0.079,0.16
2012/11/17,NA,0.16
2012/11/18,NA,0.16
2012/11/19,0.076,0.16
2012/11/20,0.086,0.16
2012/11/21,0.089,0.16
2012/11/22,0.086,0.16
2012/11/23,NA,0.16
2012/11/24,NA,0.16
2012/11/25,NA,0.16
2012/11/26,0.082,0.16
2012/11/27,0.085,0.16
2012/11/28,0.107,0.16
2012/11/29,0.087,0.16
2012/11/30,0.091,0.16
2012/12/1,NA,0.16
2012/12/2,NA,0.16
2012/12/3,0.082,0.16
2012/12/4,0.089,0.17
2012/12/5,0.087,0.16
2012/12/6,0.091,0.16
2012/12/7,0.081,0.16
2012/12/8,NA,0.16
2012/12/9,NA,0.16
2012/12/10,0.079,0.16
2012/12/11,0.076,0.17
2012/12/12,0.078,0.17
2012/12/13,0.085,0.16
2012/12/14,0.084,0.17
2012/12/15,NA,0.17
2012/12/16,NA,0.17
2012/12/17,0.084,0.16
2012/12/18,0.081,0.17
2012/12/19,0.09,0.17
2012/12/20,0.085,0.17
2012/12/21,0.081,0.17
2012/12/22,NA,0.17
2012/12/23,NA,0.17
2012/12/24,NA,0.18
2012/12/25,0.081,0.18
2012/12/26,0.077,0.17
2012/12/27,0.074,0.17
2012/12/28,0.076,0.17
2012/12/29,NA,0.17
2012/12/30,NA,0.17
2012/12/31,NA,0.09
2013/1/1,NA,0.09
2013/1/2,NA,0.17
2013/1/3,NA,0.17
2013/1/4,0.075,0.16
2013/1/5,NA,0.16
2013/1/6,NA,0.16
2013/1/7,0.076,0.16
2013/1/8,0.081,0.15
2013/1/9,0.084,0.14
2013/1/10,0.081,0.14
2013/1/11,0.076,0.14
2013/1/12,NA,0.14
2013/1/13,NA,0.14
2013/1/14,NA,0.14
2013/1/15,0.082,0.15
2013/1/16,0.083,0.14
2013/1/17,0.08,0.14
2013/1/18,0.085,0.14
2013/1/19,NA,0.14
2013/1/20,NA,0.14
2013/1/21,0.084,0.14
2013/1/22,0.077,0.14
2013/1/23,0.083,0.13
2013/1/24,0.09,0.15
2013/1/25,0.083,0.14
2013/1/26,NA,0.14
2013/1/27,NA,0.14
2013/1/28,0.106,0.14
2013/1/29,0.079,0.12
2013/1/30,0.087,0.12
2013/1/31,0.082,0.15
2013/2/1,0.078,0.14
2013/2/2,NA,0.14
2013/2/3,NA,0.14
2013/2/4,0.084,0.13
2013/2/5,0.082,0.13
2013/2/6,0.089,0.13
2013/2/7,0.086,0.13
2013/2/8,0.084,0.14
2013/2/9,NA,0.14
2013/2/10,NA,0.14
2013/2/11,NA,0.14
2013/2/12,0.089,0.13
2013/2/13,0.092,0.14
2013/2/14,0.089,0.14
2013/2/15,0.077,0.16
2013/2/16,NA,0.16
2013/2/17,NA,0.16
2013/2/18,0.089,0.16
2013/2/19,0.086,0.15
2013/2/20,0.09,0.15
2013/2/21,0.096,0.16
2013/2/22,0.083,0.16
2013/2/23,NA,0.16
2013/2/24,NA,0.16
2013/2/25,0.09,0.15
2013/2/26,0.085,0.14
2013/2/27,0.093,0.14
2013/2/28,0.083,0.14
2013/3/1,0.085,0.14
2013/3/2,NA,0.14
2013/3/3,NA,0.14
2013/3/4,0.087,0.16
2013/3/5,0.088,0.15
2013/3/6,0.092,0.15
2013/3/7,0.088,0.16
2013/3/8,0.083,0.15
2013/3/9,NA,0.15
2013/3/10,NA,0.15
2013/3/11,0.084,0.16
2013/3/12,0.088,0.15
2013/3/13,0.081,0.14
2013/3/14,0.081,0.15
2013/3/15,0.077,0.16
2013/3/16,NA,0.16
2013/3/17,NA,0.16
2013/3/18,0.077,0.16
2013/3/19,0.079,0.15
2013/3/20,NA,0.15
2013/3/21,0.074,0.16
2013/3/22,0.073,0.15
2013/3/23,NA,0.15
2013/3/24,NA,0.15
2013/3/25,0.07,0.15
2013/3/26,0.076,0.14
2013/3/27,0.059,0.12
2013/3/28,0.061,0.13
2013/3/29,0.058,0.09
2013/3/30,NA,0.09
2013/3/31,NA,0.09
2013/4/1,0.064,0.16
2013/4/2,0.066,0.15
2013/4/3,0.067,0.14
2013/4/4,0.072,0.14
2013/4/5,0.074,0.15
2013/4/6,NA,0.15
2013/4/7,NA,0.15
2013/4/8,0.072,0.15
2013/4/9,0.075,0.15
2013/4/10,0.078,0.15
2013/4/11,0.073,0.15
2013/4/12,0.073,0.15
2013/4/13,NA,0.15
2013/4/14,NA,0.15
2013/4/15,0.077,0.15
2013/4/16,0.07,0.15
2013/4/17,0.071,0.15
2013/4/18,0.071,0.15
2013/4/19,0.072,0.15
2013/4/20,NA,0.15
2013/4/21,NA,0.15
2013/4/22,0.072,0.15
2013/4/23,0.074,0.14
2013/4/24,0.073,0.13
2013/4/25,0.077,0.13
2013/4/26,0.073,0.13
2013/4/27,NA,0.13
2013/4/28,NA,0.13
2013/4/29,NA,0.13
2013/4/30,0.071,0.14
2013/5/1,0.072,0.14
2013/5/2,0.074,0.15
2013/5/3,NA,0.14
2013/5/4,NA,0.14
2013/5/5,NA,0.14
2013/5/6,NA,0.14
2013/5/7,0.073,0.12
2013/5/8,0.072,0.12
2013/5/9,0.092,0.12
2013/5/10,0.073,0.12
2013/5/11,NA,0.12
2013/5/12,NA,0.12
2013/5/13,0.071,0.12
2013/5/14,0.073,0.11
2013/5/15,0.072,0.12
2013/5/16,0.074,0.11
2013/5/17,0.072,0.1
2013/5/18,NA,0.1
2013/5/19,NA,0.1
2013/5/20,0.073,0.1
2013/5/21,0.072,0.09
2013/5/22,0.073,0.08
2013/5/23,0.074,0.08
2013/5/24,0.073,0.09
2013/5/25,NA,0.09
2013/5/26,NA,0.09
2013/5/27,0.072,0.09
2013/5/28,0.07,0.09
2013/5/29,0.071,0.08
2013/5/30,0.072,0.08
2013/5/31,0.073,0.09
2013/6/1,NA,0.09
2013/6/2,NA,0.09
2013/6/3,0.074,0.1
2013/6/4,0.075,0.11
2013/6/5,0.076,0.09
2013/6/6,0.077,0.1
2013/6/7,0.075,0.09
2013/6/8,NA,0.09
2013/6/9,NA,0.09
2013/6/10,0.077,0.09
2013/6/11,0.074,0.09
2013/6/12,0.073,0.08
2013/6/13,0.075,0.09
2013/6/14,0.076,0.1
2013/6/15,NA,0.1
2013/6/16,NA,0.1
2013/6/17,0.072,0.11
2013/6/18,0.073,0.12
2013/6/19,0.073,0.1
2013/6/20,0.075,0.1
2013/6/21,0.072,0.1
2013/6/22,NA,0.1
2013/6/23,NA,0.1
2013/6/24,0.085,0.1
2013/6/25,0.071,0.09
2013/6/26,0.072,0.09
2013/6/27,0.072,0.09
2013/6/28,0.07,0.07
2013/6/29,NA,0.07
2013/6/30,NA,0.07
2013/7/1,0.073,0.1
2013/7/2,0.07,0.1
2013/7/3,0.072,0.1
2013/7/4,0.071,0.1
2013/7/5,0.077,0.1
2013/7/6,NA,0.1
2013/7/7,NA,0.1
2013/7/8,0.075,0.1
2013/7/9,0.074,0.1
2013/7/10,0.074,0.09
2013/7/11,0.073,0.09
2013/7/12,0.074,0.09
2013/7/13,NA,0.09
2013/7/14,NA,0.09
2013/7/15,NA,0.09
2013/7/16,0.075,0.09
2013/7/17,0.073,0.09
2013/7/18,0.073,0.09
2013/7/19,0.074,0.09
2013/7/20,NA,0.09
2013/7/21,NA,0.09
2013/7/22,0.073,0.09
2013/7/23,0.072,0.09
2013/7/24,0.074,0.09
2013/7/25,0.075,0.09
2013/7/26,0.073,0.09
2013/7/27,NA,0.09
2013/7/28,NA,0.09
2013/7/29,0.073,0.08
2013/7/30,0.073,0.09
2013/7/31,0.073,0.09
2013/8/1,0.072,0.08
2013/8/2,0.072,0.09
2013/8/3,NA,0.09
2013/8/4,NA,0.09
2013/8/5,0.073,0.08
2013/8/6,0.076,0.09
2013/8/7,0.073,0.09
2013/8/8,0.07,0.09
2013/8/9,0.071,0.08
2013/8/10,NA,0.08
2013/8/11,NA,0.08
2013/8/12,0.072,0.08
2013/8/13,0.073,0.08
2013/8/14,0.072,0.09
2013/8/15,0.072,0.08
2013/8/16,0.072,0.09
2013/8/17,NA,0.09
2013/8/18,NA,0.09
2013/8/19,0.073,0.09
2013/8/20,0.074,0.09
2013/8/21,0.075,0.08
2013/8/22,0.08,0.09
2013/8/23,0.074,0.08
2013/8/24,NA,0.08
2013/8/25,NA,0.08
2013/8/26,0.074,0.08
2013/8/27,0.074,0.07
2013/8/28,0.074,0.07
2013/8/29,0.078,0.08
2013/8/30,0.072,0.07
2013/8/31,NA,0.07
2013/9/1,NA,0.07
2013/9/2,0.072,0.07
2013/9/3,0.072,0.09
2013/9/4,0.071,0.08
2013/9/5,0.071,0.08
2013/9/6,0.071,0.08
2013/9/7,NA,0.08
2013/9/8,NA,0.08
2013/9/9,0.072,0.08
2013/9/10,0.097,0.08
2013/9/11,0.075,0.08
2013/9/12,0.072,0.08
2013/9/13,0.07,0.08
2013/9/14,NA,0.08
2013/9/15,NA,0.08
2013/9/16,NA,0.08
2013/9/17,0.069,0.08
2013/9/18,0.07,0.08
2013/9/19,0.07,0.09
2013/9/20,0.071,0.08
2013/9/21,NA,0.08
2013/9/22,NA,0.08
2013/9/23,NA,0.09
2013/9/24,0.069,0.09
2013/9/25,0.069,0.08
2013/9/26,0.067,0.08
2013/9/27,0.069,0.08
2013/9/28,NA,0.08
2013/9/29,NA,0.08
2013/9/30,0.062,0.06
2013/10/1,0.066,0.08
2013/10/2,0.068,0.07
2013/10/3,0.068,0.08
2013/10/4,0.069,0.08
2013/10/5,NA,0.08
2013/10/6,NA,0.08
2013/10/7,0.067,0.08
2013/10/8,0.067,0.08
2013/10/9,0.068,0.09
2013/10/10,0.07,0.09
2013/10/11,0.07,0.1
2013/10/12,NA,0.1
2013/10/13,NA,0.1
2013/10/14,NA,0.1
2013/10/15,0.071,0.1
2013/10/16,0.07,0.11
2013/10/17,0.069,0.1
2013/10/18,0.068,0.1
2013/10/19,NA,0.1
2013/10/20,NA,0.1
2013/10/21,0.069,0.09
2013/10/22,0.07,0.08
2013/10/23,0.078,0.08
2013/10/24,0.077,0.08
2013/10/25,0.072,0.08
2013/10/26,NA,0.08
2013/10/27,NA,0.08
2013/10/28,0.07,0.08
2013/10/29,0.07,0.08
2013/10/30,0.072,0.08
2013/10/31,0.072,0.07
2013/11/1,0.073,0.08
2013/11/2,NA,0.08
2013/11/3,NA,0.08
2013/11/4,NA,0.08
2013/11/5,0.072,0.08
2013/11/6,0.072,0.08
2013/11/7,0.072,0.08
2013/11/8,0.072,0.08
2013/11/9,NA,0.08
2013/11/10,NA,0.08
2013/11/11,0.074,0.08
2013/11/12,0.074,0.08
2013/11/13,0.073,0.08
2013/11/14,0.073,0.09
2013/11/15,0.072,0.09
2013/11/16,NA,0.09
2013/11/17,NA,0.09
2013/11/18,0.073,0.09
2013/11/19,0.074,0.09
2013/11/20,0.075,0.09
2013/11/21,0.076,0.09
2013/11/22,0.072,0.09
2013/11/23,NA,0.09
2013/11/24,NA,0.09
2013/11/25,0.074,0.09
2013/11/26,0.072,0.09
2013/11/27,0.08,0.09
2013/11/28,0.072,0.09
2013/11/29,0.071,0.07
2013/11/30,NA,0.07
2013/12/1,NA,0.07
2013/12/2,0.072,0.09
2013/12/3,0.072,0.09
2013/12/4,0.072,0.09
2013/12/5,0.072,0.09
2013/12/6,0.072,0.09
2013/12/7,NA,0.09
2013/12/8,NA,0.09
2013/12/9,0.075,0.09
2013/12/10,0.079,0.09
2013/12/11,0.091,0.08
2013/12/12,0.073,0.09
2013/12/13,0.071,0.08
2013/12/14,NA,0.08
2013/12/15,NA,0.08
2013/12/16,0.074,0.09
2013/12/17,0.073,0.09
2013/12/18,0.073,0.09
2013/12/19,0.073,0.09
2013/12/20,0.074,0.09
2013/12/21,NA,0.09
2013/12/22,NA,0.09
2013/12/23,NA,0.09
2013/12/24,0.073,0.08
2013/12/25,0.072,0.08
2013/12/26,0.072,0.08
2013/12/27,0.073,0.08
2013/12/28,NA,0.08
2013/12/29,NA,0.08
2013/12/30,0.068,0.08
2013/12/31,NA,0.07
2014/1/1,NA,0.07
2014/1/2,NA,0.08
2014/1/3,NA,0.08
2014/1/4,NA,0.08
2014/1/5,NA,0.08
2014/1/6,0.072,0.08
2014/1/7,0.071,0.07
2014/1/8,0.071,0.07
2014/1/9,0.073,0.07
2014/1/10,0.074,0.07
2014/1/11,NA,0.07
2014/1/12,NA,0.07
2014/1/13,NA,0.07
2014/1/14,0.072,0.07
2014/1/15,0.072,0.07
2014/1/16,0.071,0.07
2014/1/17,0.071,0.07
2014/1/18,NA,0.07
2014/1/19,NA,0.07
2014/1/20,0.072,0.07
2014/1/21,0.071,0.07
2014/1/22,0.071,0.07
2014/1/23,0.072,0.07
2014/1/24,0.072,0.07
2014/1/25,NA,0.07
2014/1/26,NA,0.07
2014/1/27,0.072,0.07
2014/1/28,0.07,0.07
2014/1/29,0.091,0.07
2014/1/30,0.07,0.07
2014/1/31,0.071,0.07
2014/2/1,NA,0.07
2014/2/2,NA,0.07
2014/2/3,0.074,0.07
2014/2/4,0.082,0.07
2014/2/5,0.08,0.07
2014/2/6,0.079,0.07
2014/2/7,0.072,0.06
2014/2/8,NA,0.06
2014/2/9,NA,0.06
2014/2/10,0.074,0.07
2014/2/11,NA,0.06
2014/2/12,0.079,0.07
2014/2/13,0.077,0.06
2014/2/14,0.071,0.06
2014/2/15,NA,0.06
2014/2/16,NA,0.06
2014/2/17,0.075,0.06
2014/2/18,0.071,0.07
2014/2/19,0.079,0.07
2014/2/20,0.086,0.07
2014/2/21,0.079,0.07
2014/2/22,NA,0.07
2014/2/23,NA,0.07
2014/2/24,0.073,0.07
2014/2/25,0.08,0.07
2014/2/26,0.079,0.07
2014/2/27,0.073,0.07
2014/2/28,0.072,0.06
2014/3/1,NA,0.06
2014/3/2,NA,0.06
2014/3/3,0.074,0.07
2014/3/4,0.074,0.07
2014/3/5,0.078,0.08
2014/3/6,0.075,0.08
2014/3/7,0.073,0.08
2014/3/8,NA,0.08
2014/3/9,NA,0.08
2014/3/10,0.075,0.08
2014/3/11,0.075,0.08
2014/3/12,0.075,0.08
2014/3/13,0.073,0.08
2014/3/14,0.072,0.08
2014/3/15,NA,0.08
2014/3/16,NA,0.08
2014/3/17,0.074,0.08
2014/3/18,0.08,0.08
2014/3/19,0.077,0.08
2014/3/20,0.072,0.08
2014/3/21,NA,0.08
2014/3/22,NA,0.08
2014/3/23,NA,0.08
2014/3/24,0.073,0.09
2014/3/25,0.069,0.09
2014/3/26,0.07,0.08
2014/3/27,0.07,0.08
2014/3/28,0.069,0.08
2014/3/29,NA,0.08
2014/3/30,NA,0.08
2014/3/31,0.044,0.06
2014/4/1,0.065,0.08
2014/4/2,0.064,0.09
2014/4/3,0.064,0.08
2014/4/4,0.066,0.08
2014/4/5,NA,0.08
2014/4/6,NA,0.08
2014/4/7,0.065,0.09
2014/4/8,0.065,0.08
2014/4/9,0.064,0.08
2014/4/10,0.065,0.08
2014/4/11,0.065,0.09
2014/4/12,NA,0.09
2014/4/13,NA,0.09
2014/4/14,0.065,0.09
2014/4/15,0.064,0.1
2014/4/16,0.064,0.09
2014/4/17,0.064,0.09
2014/4/18,0.065,0.1
2014/4/19,NA,0.1
2014/4/20,NA,0.1
2014/4/21,0.065,0.1
2014/4/22,0.065,0.1
2014/4/23,0.065,0.1
2014/4/24,0.065,0.1
2014/4/25,0.067,0.09
2014/4/26,NA,0.09
2014/4/27,NA,0.09
2014/4/28,0.067,0.09
2014/4/29,NA,0.1
2014/4/30,0.065,0.09
2014/5/1,0.065,0.09
2014/5/2,0.067,0.09
2014/5/3,NA,0.09
2014/5/4,NA,0.09
2014/5/5,NA,0.09
2014/5/6,NA,0.09
2014/5/7,0.064,0.08
2014/5/8,0.065,0.08
2014/5/9,0.065,0.08
2014/5/10,NA,0.08
2014/5/11,NA,0.08
2014/5/12,0.065,0.08
2014/5/13,0.066,0.09
2014/5/14,0.067,0.08
2014/5/15,0.065,0.09
2014/5/16,0.067,0.09
2014/5/17,NA,0.09
2014/5/18,NA,0.09
2014/5/19,0.067,0.09
2014/5/20,0.067,0.09
2014/5/21,0.089,0.09
2014/5/22,0.067,0.09
2014/5/23,0.068,0.09
2014/5/24,NA,0.09
2014/5/25,NA,0.09
2014/5/26,0.068,0.09
2014/5/27,0.066,0.09
2014/5/28,0.065,0.09
2014/5/29,0.07,0.09
2014/5/30,0.069,0.08
2014/5/31,NA,0.08
2014/6/1,NA,0.08
2014/6/2,0.067,0.09
2014/6/3,0.066,0.1
2014/6/4,0.066,0.09
2014/6/5,0.067,0.09
2014/6/6,0.069,0.09
2014/6/7,NA,0.09
2014/6/8,NA,0.09
2014/6/9,0.069,0.09
2014/6/10,0.07,0.09
2014/6/11,0.071,0.09
2014/6/12,0.071,0.09
2014/6/13,0.069,0.1
2014/6/14,NA,0.1
2014/6/15,NA,0.1
2014/6/16,0.067,0.1
2014/6/17,0.066,0.1
2014/6/18,0.068,0.1
2014/6/19,0.066,0.1
2014/6/20,0.066,0.1
2014/6/21,NA,0.1
2014/6/22,NA,0.1
2014/6/23,0.065,0.1
2014/6/24,0.066,0.1
2014/6/25,0.069,0.1
2014/6/26,0.066,0.1
2014/6/27,0.066,0.1
2014/6/28,NA,0.1
2014/6/29,NA,0.1
2014/6/30,0.058,0.09
2014/7/1,0.065,0.1
2014/7/2,0.065,0.1
2014/7/3,0.065,0.09
2014/7/4,0.066,0.09
2014/7/5,NA,0.09
2014/7/6,NA,0.09
2014/7/7,0.065,0.1
2014/7/8,0.066,0.09
2014/7/9,0.066,0.09
2014/7/10,0.064,0.09
2014/7/11,0.065,0.09
2014/7/12,NA,0.09
2014/7/13,NA,0.09
2014/7/14,0.066,0.09
2014/7/15,0.065,0.09
2014/7/16,0.065,0.09
2014/7/17,0.065,0.09
2014/7/18,0.068,0.09
2014/7/19,NA,0.09
2014/7/20,NA,0.09
2014/7/21,NA,0.1
2014/7/22,0.066,0.09
2014/7/23,0.067,0.09
2014/7/24,0.067,0.09
2014/7/25,0.07,0.09
2014/7/26,NA,0.09
2014/7/27,NA,0.09
2014/7/28,0.066,0.09
2014/7/29,0.066,0.09
2014/7/30,0.065,0.09
2014/7/31,0.065,0.08
2014/8/1,0.068,0.09
2014/8/2,NA,0.09
2014/8/3,NA,0.09
2014/8/4,0.067,0.09
2014/8/5,0.072,0.09
2014/8/6,0.069,0.09
2014/8/7,0.07,0.09
2014/8/8,0.068,0.09
2014/8/9,NA,0.09
2014/8/10,NA,0.09
2014/8/11,0.066,0.09
2014/8/12,0.067,0.09
2014/8/13,0.067,0.09
2014/8/14,0.068,0.09
2014/8/15,0.068,0.09
2014/8/16,NA,0.09
2014/8/17,NA,0.09
2014/8/18,0.066,0.09
2014/8/19,0.067,0.09
2014/8/20,0.073,0.09
2014/8/21,0.067,0.09
2014/8/22,0.068,0.09
2014/8/23,NA,0.09
2014/8/24,NA,0.09
2014/8/25,0.068,0.09
2014/8/26,0.071,0.09
2014/8/27,0.067,0.09
2014/8/28,0.074,0.09
2014/8/29,0.07,0.07
2014/8/30,NA,0.07
2014/8/31,NA,0.07
2014/9/1,0.068,0.07
2014/9/2,0.07,0.09
2014/9/3,0.069,0.09
2014/9/4,0.074,0.09
2014/9/5,0.07,0.09
2014/9/6,NA,0.09
2014/9/7,NA,0.09
2014/9/8,0.067,0.09
2014/9/9,0.067,0.09
2014/9/10,0.071,0.09
2014/9/11,0.067,0.09
2014/9/12,0.07,0.09
2014/9/13,NA,0.09
2014/9/14,NA,0.09
2014/9/15,NA,0.09
2014/9/16,0.067,0.09
2014/9/17,0.066,0.09
2014/9/18,0.068,0.09
2014/9/19,0.069,0.09
2014/9/20,NA,0.09
2014/9/21,NA,0.09
2014/9/22,0.065,0.09
2014/9/23,NA,0.09
2014/9/24,0.066,0.09
2014/9/25,0.073,0.09
2014/9/26,0.066,0.09
2014/9/27,NA,0.09
2014/9/28,NA,0.09
2014/9/29,0.066,0.08
2014/9/30,0.029,0.07
2014/10/1,0.049,0.09
2014/10/2,0.056,0.09
2014/10/3,0.061,0.09
2014/10/4,NA,0.09
2014/10/5,NA,0.09
2014/10/6,0.06,0.09
2014/10/7,0.059,0.09
2014/10/8,0.059,0.09
2014/10/9,0.059,0.08
2014/10/10,0.06,0.09
2014/10/11,NA,0.09
2014/10/12,NA,0.09
2014/10/13,NA,0.09
2014/10/14,0.06,0.09
2014/10/15,0.061,0.09
2014/10/16,0.058,0.09
2014/10/17,0.059,0.09
2014/10/18,NA,0.09
2014/10/19,NA,0.09
2014/10/20,0.06,0.09
2014/10/21,0.06,0.09
2014/10/22,0.061,0.09
2014/10/23,0.06,0.09
2014/10/24,0.06,0.09
2014/10/25,NA,0.09
2014/10/26,NA,0.09
2014/10/27,0.059,0.09
2014/10/28,0.059,0.09
2014/10/29,0.059,0.09
2014/10/30,0.059,0.09
2014/10/31,0.06,0.07
2014/11/1,NA,0.07
2014/11/2,NA,0.07
2014/11/3,NA,0.09
2014/11/4,0.061,0.1
2014/11/5,0.061,0.09
2014/11/6,0.061,0.09
2014/11/7,0.062,0.09
2014/11/8,NA,0.09
2014/11/9,NA,0.09
2014/11/10,0.068,0.09
2014/11/11,0.068,0.09
2014/11/12,0.065,0.09
2014/11/13,0.063,0.09
2014/11/14,0.066,0.09
2014/11/15,NA,0.09
2014/11/16,NA,0.09
2014/11/17,0.064,0.1
2014/11/18,0.065,0.11
2014/11/19,0.065,0.1
2014/11/20,0.066,0.1
2014/11/21,0.069,0.1
2014/11/22,NA,0.1
2014/11/23,NA,0.1
2014/11/24,NA,0.1
2014/11/25,0.065,0.1
2014/11/26,0.066,0.1
2014/11/27,0.066,0.1
2014/11/28,0.067,0.08
2014/11/29,NA,0.08
2014/11/30,NA,0.08
2014/12/1,0.065,0.13
2014/12/2,0.065,0.12
2014/12/3,0.065,0.12
2014/12/4,0.065,0.12
2014/12/5,0.067,0.12
2014/12/6,NA,0.12
2014/12/7,NA,0.12
2014/12/8,0.065,0.12
2014/12/9,0.073,0.12
2014/12/10,0.067,0.12
2014/12/11,0.085,0.12
2014/12/12,0.068,0.12
2014/12/13,NA,0.12
2014/12/14,NA,0.12
2014/12/15,0.069,0.11
2014/12/16,0.067,0.12
2014/12/17,0.068,0.13
2014/12/18,0.066,0.13
2014/12/19,0.065,0.13
2014/12/20,NA,0.13
2014/12/21,NA,0.13
2014/12/22,0.066,0.13
2014/12/23,NA,0.13
2014/12/24,0.067,0.13
2014/12/25,0.068,0.13
2014/12/26,0.068,0.13
2014/12/27,NA,0.13
2014/12/28,NA,0.13
2014/12/29,0.068,0.13
2014/12/30,0.066,0.13
2014/12/31,NA,0.06
2015/1/1,NA,0.06
2015/1/2,NA,0.12
2015/1/3,NA,0.12
2015/1/4,NA,0.12
2015/1/5,0.07,0.12
2015/1/6,0.071,0.12
2015/1/7,0.073,0.12
2015/1/8,0.074,0.12
2015/1/9,0.075,0.12
2015/1/10,NA,0.12
2015/1/11,NA,0.12
2015/1/12,NA,0.12
2015/1/13,0.074,0.12
2015/1/14,0.073,0.12
2015/1/15,0.074,0.12
2015/1/16,0.074,0.13
2015/1/17,NA,0.13
2015/1/18,NA,0.13
2015/1/19,0.074,0.13
2015/1/20,0.077,0.12
2015/1/21,0.074,0.12
2015/1/22,0.075,0.12
2015/1/23,0.073,0.12
2015/1/24,NA,0.12
2015/1/25,NA,0.12
2015/1/26,0.071,0.12
2015/1/27,0.073,0.11
2015/1/28,0.087,0.12
2015/1/29,0.071,0.11
2015/1/30,0.071,0.06
2015/1/31,NA,0.06
2015/2/1,NA,0.06
2015/2/2,0.071,0.12
2015/2/3,0.073,0.12
2015/2/4,0.075,0.11
2015/2/5,0.076,0.12
2015/2/6,0.073,0.11
2015/2/7,NA,0.11
2015/2/8,NA,0.11
2015/2/9,0.081,0.12
2015/2/10,0.074,0.12
2015/2/11,NA,0.12
2015/2/12,0.074,0.12
2015/2/13,0.073,0.12
2015/2/14,NA,0.12
2015/2/15,NA,0.12
2015/2/16,0.075,0.12
2015/2/17,0.079,0.12
2015/2/18,0.077,0.12
2015/2/19,0.082,0.12
2015/2/20,0.075,0.12
2015/2/21,NA,0.12
2015/2/22,NA,0.12
2015/2/23,0.078,0.11
2015/2/24,0.077,0.11
2015/2/25,0.086,0.11
2015/2/26,0.075,0.11
2015/2/27,0.074,0.06
2015/2/28,NA,0.06
2015/3/1,NA,0.06
2015/3/2,0.075,0.12
2015/3/3,0.075,0.12
2015/3/4,0.075,0.11
2015/3/5,0.08,0.11
2015/3/6,0.075,0.12
2015/3/7,NA,0.12
2015/3/8,NA,0.12
2015/3/9,0.076,0.12
2015/3/10,0.076,0.12
2015/3/11,0.083,0.11
2015/3/12,0.076,0.11
2015/3/13,0.075,0.11
2015/3/14,NA,0.11
2015/3/15,NA,0.11
2015/3/16,0.075,0.12
2015/3/17,0.075,0.12
2015/3/18,0.075,0.11
2015/3/19,0.071,0.12
2015/3/20,0.066,0.12
2015/3/21,NA,0.12
2015/3/22,NA,0.12
2015/3/23,0.065,0.12
2015/3/24,0.064,0.11
2015/3/25,0.065,0.12
2015/3/26,0.065,0.11
2015/3/27,0.067,0.12
2015/3/28,NA,0.12
2015/3/29,NA,0.12
2015/3/30,0.064,0.12
2015/3/31,0.015,0.06
2015/4/1,0.056,0.12
2015/4/2,0.057,0.12
2015/4/3,0.058,0.12
2015/4/4,NA,0.12
2015/4/5,NA,0.12
2015/4/6,0.057,0.13
2015/4/7,0.058,0.12
2015/4/8,0.059,0.12
2015/4/9,0.059,0.12
2015/4/10,0.061,0.12
2015/4/11,NA,0.12
2015/4/12,NA,0.12
2015/4/13,0.06,0.13
2015/4/14,0.059,0.13
2015/4/15,0.061,0.13
2015/4/16,0.066,0.13
2015/4/17,0.063,0.13
2015/4/18,NA,0.13
2015/4/19,NA,0.13
2015/4/20,0.062,0.13
2015/4/21,0.062,0.13
2015/4/22,0.062,0.13
2015/4/23,0.063,0.13
2015/4/24,0.065,0.13
2015/4/25,NA,0.13
2015/4/26,NA,0.13
2015/4/27,0.064,0.13
2015/4/28,0.064,0.13
2015/4/29,NA,0.13
2015/4/30,0.063,0.08
2015/5/1,0.068,0.13
2015/5/2,NA,0.13
2015/5/3,NA,0.13
2015/5/4,NA,0.13
2015/5/5,NA,0.13
2015/5/6,NA,0.13
2015/5/7,0.065,0.13
2015/5/8,0.068,0.13
2015/5/9,NA,0.13
2015/5/10,NA,0.13
2015/5/11,0.067,0.13
2015/5/12,0.067,0.13
2015/5/13,0.068,0.13
2015/5/14,0.068,0.13
2015/5/15,0.07,0.13
2015/5/16,NA,0.13
2015/5/17,NA,0.13
2015/5/18,0.068,0.13
2015/5/19,0.069,0.12
2015/5/20,0.069,0.12
2015/5/21,0.07,0.12
2015/5/22,0.072,0.13
2015/5/23,NA,0.13
2015/5/24,NA,0.13
2015/5/25,0.069,0.13
2015/5/26,0.071,0.12
2015/5/27,0.074,0.12
2015/5/28,0.071,0.12
2015/5/29,0.073,0.08
2015/5/30,NA,0.08
2015/5/31,NA,0.08
2015/6/1,0.073,0.12
2015/6/2,0.075,0.12
2015/6/3,0.074,0.13
2015/6/4,0.073,0.13
2015/6/5,0.075,0.13
2015/6/6,NA,0.13
2015/6/7,NA,0.13
2015/6/8,0.073,0.13
2015/6/9,0.074,0.13
2015/6/10,0.089,0.13
2015/6/11,0.074,0.13
2015/6/12,0.074,0.13
2015/6/13,NA,0.13
2015/6/14,NA,0.13
2015/6/15,0.073,0.13
2015/6/16,0.073,0.14
2015/6/17,0.076,0.14
2015/6/18,0.074,0.14
2015/6/19,0.074,0.13
2015/6/20,NA,0.13
2015/6/21,NA,0.13
2015/6/22,0.073,0.13
2015/6/23,0.074,0.13
2015/6/24,0.077,0.13
2015/6/25,0.073,0.13
2015/6/26,0.073,0.13
2015/6/27,NA,0.13
2015/6/28,NA,0.13
2015/6/29,0.072,0.14
2015/6/30,0.011,0.08
2015/7/1,0.062,0.13
2015/7/2,0.072,0.13
2015/7/3,0.075,0.13
2015/7/4,NA,0.13
2015/7/5,NA,0.13
2015/7/6,0.075,0.13
2015/7/7,0.075,0.13
2015/7/8,0.075,0.13
2015/7/9,0.075,0.13
2015/7/10,0.076,0.13
2015/7/11,NA,0.13
2015/7/12,NA,0.13
2015/7/13,0.075,0.13
2015/7/14,0.076,0.13
2015/7/15,0.076,0.13
2015/7/16,0.075,0.14
2015/7/17,0.074,0.13
2015/7/18,NA,0.13
2015/7/19,NA,0.13
2015/7/20,NA,0.14
2015/7/21,0.076,0.13
2015/7/22,0.075,0.13
2015/7/23,0.076,0.13
2015/7/24,0.076,0.13
2015/7/25,NA,0.13
2015/7/26,NA,0.13
2015/7/27,0.075,0.14
2015/7/28,0.075,0.14
2015/7/29,0.074,0.14
2015/7/30,0.075,0.14
2015/7/31,0.064,0.08
2015/8/1,NA,0.08
2015/8/2,NA,0.08
2015/8/3,0.074,0.14
2015/8/4,0.076,0.14
2015/8/5,0.078,0.14
2015/8/6,0.076,0.14
2015/8/7,0.076,0.14
2015/8/8,NA,0.14
2015/8/9,NA,0.14
2015/8/10,0.075,0.14
2015/8/11,0.076,0.15
2015/8/12,0.077,0.15
2015/8/13,0.075,0.15
2015/8/14,0.076,0.14
2015/8/15,NA,0.14
2015/8/16,NA,0.14
2015/8/17,0.077,0.15
2015/8/18,0.083,0.15
2015/8/19,0.077,0.15
2015/8/20,0.076,0.15
2015/8/21,0.077,0.15
2015/8/22,NA,0.15
2015/8/23,NA,0.15
2015/8/24,0.076,0.15
2015/8/25,0.076,0.15
2015/8/26,0.08,0.14
2015/8/27,0.076,0.14
2015/8/28,0.076,0.14
2015/8/29,NA,0.14
2015/8/30,NA,0.14
2015/8/31,0.071,0.08
2015/9/1,0.076,0.14
2015/9/2,0.077,0.14
2015/9/3,0.077,0.14
2015/9/4,0.076,0.14
2015/9/5,NA,0.14
2015/9/6,NA,0.14
2015/9/7,0.075,0.14
2015/9/8,0.075,0.14
2015/9/9,0.075,0.14
2015/9/10,0.076,0.14
2015/9/11,0.076,0.14
2015/9/12,NA,0.14
2015/9/13,NA,0.14
2015/9/14,0.076,0.14
2015/9/15,0.076,0.14
2015/9/16,0.091,0.14
2015/9/17,0.076,0.14
2015/9/18,0.077,0.14
2015/9/19,NA,0.14
2015/9/20,NA,0.14
2015/9/21,NA,0.14
2015/9/22,NA,0.14
2015/9/23,NA,0.14
2015/9/24,0.076,0.14
2015/9/25,0.077,0.13
2015/9/26,NA,0.13
2015/9/27,NA,0.13
2015/9/28,0.076,0.13
2015/9/29,0.076,0.13
2015/9/30,0.01,0.07
2015/10/1,0.076,0.13
2015/10/2,0.076,0.13
2015/10/3,NA,0.13
2015/10/4,NA,0.13
2015/10/5,0.077,0.13
2015/10/6,0.077,0.13
2015/10/7,0.076,0.13
2015/10/8,0.077,0.13
2015/10/9,0.075,0.13
2015/10/10,NA,0.13
2015/10/11,NA,0.13
2015/10/12,NA,0.13
2015/10/13,0.076,0.13
2015/10/14,0.076,0.13
2015/10/15,0.076,0.13
2015/10/16,0.077,0.13
2015/10/17,NA,0.13
2015/10/18,NA,0.13
2015/10/19,0.076,0.13
2015/10/20,0.076,0.13
2015/10/21,0.076,0.13
2015/10/22,0.076,0.12
2015/10/23,0.077,0.12
2015/10/24,NA,0.12
2015/10/25,NA,0.12
2015/10/26,0.076,0.12
2015/10/27,0.076,0.12
2015/10/28,0.076,0.12
2015/10/29,0.076,0.12
2015/10/30,0.074,0.07
2015/10/31,NA,0.07
2015/11/1,NA,0.07
2015/11/2,0.076,0.12
2015/11/3,NA,0.12
2015/11/4,0.085,0.12
2015/11/5,0.077,0.12
2015/11/6,0.077,0.12
2015/11/7,NA,0.12
2015/11/8,NA,0.12
2015/11/9,0.078,0.12
2015/11/10,0.077,0.12
2015/11/11,0.078,0.12
2015/11/12,0.078,0.12
2015/11/13,0.078,0.12
2015/11/14,NA,0.12
2015/11/15,NA,0.12
2015/11/16,0.078,0.13
2015/11/17,0.078,0.13
2015/11/18,0.084,0.12
2015/11/19,0.078,0.12
2015/11/20,0.077,0.12
2015/11/21,NA,0.12
2015/11/22,NA,0.12
2015/11/23,NA,0.12
2015/11/24,0.078,0.12
2015/11/25,0.078,0.12
2015/11/26,0.076,0.12
2015/11/27,0.077,0.12
2015/11/28,NA,0.12
2015/11/29,NA,0.12
2015/11/30,0.076,0.08
2015/12/1,0.076,0.13
2015/12/2,0.077,0.13
2015/12/3,0.077,0.13
2015/12/4,0.076,0.13
2015/12/5,NA,0.13
2015/12/6,NA,0.13
2015/12/7,0.077,0.13
2015/12/8,0.076,0.13
2015/12/9,0.076,0.14
2015/12/10,0.077,0.14
2015/12/11,0.076,0.14
2015/12/12,NA,0.14
2015/12/13,NA,0.14
2015/12/14,0.076,0.15
2015/12/15,0.076,0.15
2015/12/16,0.076,0.15
2015/12/17,0.089,0.37
2015/12/18,0.075,0.37
2015/12/19,NA,0.37
2015/12/20,NA,0.37
2015/12/21,0.075,0.36
2015/12/22,0.074,0.36
2015/12/23,NA,0.36
2015/12/24,0.086,0.36
2015/12/25,0.073,0.36
2015/12/26,NA,0.36
2015/12/27,NA,0.36
2015/12/28,0.073,0.36
2015/12/29,0.073,0.36
2015/12/30,0.038,0.35
2015/12/31,NA,0.2
2016/1/1,NA,0.2
2016/1/2,NA,0.2
2016/1/3,NA,0.2
2016/1/4,0.07,0.36
2016/1/5,0.074,0.36
2016/1/6,0.075,0.36
2016/1/7,0.075,0.36
2016/1/8,0.077,0.36
2016/1/9,NA,0.36
2016/1/10,NA,0.36
2016/1/11,NA,0.36
2016/1/12,0.075,0.36
2016/1/13,0.075,0.36
2016/1/14,0.075,0.36
2016/1/15,0.075,0.36
2016/1/16,NA,0.36
2016/1/17,NA,0.36
2016/1/18,0.074,0.36
2016/1/19,0.076,0.36
2016/1/20,0.074,0.37
2016/1/21,0.075,0.37
2016/1/22,0.075,0.38
2016/1/23,NA,0.38
2016/1/24,NA,0.38
2016/1/25,0.075,0.38
2016/1/26,0.079,0.38
2016/1/27,0.076,0.38
2016/1/28,0.074,0.38
2016/1/29,0.066,0.29
2016/1/30,NA,0.29
2016/1/31,NA,0.29
2016/2/1,0.058,0.38
2016/2/2,0.061,0.38
2016/2/3,0.064,0.38
2016/2/4,0.066,0.38
2016/2/5,0.068,0.38
2016/2/6,NA,0.38
2016/2/7,NA,0.38
2016/2/8,0.072,0.38
2016/2/9,0.073,0.38
2016/2/10,0.072,0.38
2016/2/11,NA,0.38
2016/2/12,0.071,0.38
2016/2/13,NA,0.38
2016/2/14,NA,0.38
2016/2/15,0.074,0.38
2016/2/16,0.001,0.38
2016/2/17,-0.002,0.37
2016/2/18,-0.009,0.38
2016/2/19,-0.008,0.38
2016/2/20,NA,0.38
2016/2/21,NA,0.38
2016/2/22,-0.001,0.38
2016/2/23,-0.001,0.38
2016/2/24,-0.003,0.38
2016/2/25,-0.003,0.37
2016/2/26,-0.002,0.37
2016/2/27,NA,0.37
2016/2/28,NA,0.37
2016/2/29,-0.001,0.29
2016/3/1,-0.003,0.36
2016/3/2,-0.002,0.37
2016/3/3,-0.002,0.37
2016/3/4,-0.001,0.36
2016/3/5,NA,0.36
2016/3/6,NA,0.36
2016/3/7,-0.001,0.36
2016/3/8,0,0.36
2016/3/9,-0.001,0.36
2016/3/10,-0.003,0.36
2016/3/11,-0.001,0.36
2016/3/12,NA,0.36
2016/3/13,NA,0.36
2016/3/14,-0.002,0.36
2016/3/15,-0.002,0.37
2016/3/16,0.002,0.37
2016/3/17,-0.003,0.37
2016/3/18,-0.002,0.37
2016/3/19,NA,0.37
2016/3/20,NA,0.37
2016/3/21,NA,0.37
2016/3/22,-0.003,0.37
2016/3/23,-0.004,0.37
2016/3/24,-0.003,0.37
2016/3/25,-0.007,0.37
2016/3/26,NA,0.37
2016/3/27,NA,0.37
2016/3/28,-0.007,0.37
2016/3/29,-0.006,0.37
2016/3/30,-0.007,0.37
2016/3/31,-0.002,0.25
2016/4/1,-0.006,0.37
2016/4/2,NA,0.37
2016/4/3,NA,0.37
2016/4/4,-0.007,0.37
2016/4/5,-0.007,0.37
2016/4/6,-0.007,0.37
2016/4/7,-0.007,0.37
2016/4/8,-0.012,0.37
2016/4/9,NA,0.37
2016/4/10,NA,0.37
2016/4/11,-0.006,0.37
2016/4/12,-0.005,0.37
2016/4/13,-0.01,0.37
2016/4/14,-0.005,0.37
2016/4/15,-0.01,0.37
2016/4/16,NA,0.37
2016/4/17,NA,0.37
2016/4/18,-0.074,0.37
2016/4/19,-0.078,0.37
2016/4/20,-0.08,0.37
2016/4/21,-0.081,0.37
2016/4/22,-0.08,0.37
2016/4/23,NA,0.37
2016/4/24,NA,0.37
2016/4/25,-0.075,0.37
2016/4/26,-0.067,0.37
2016/4/27,-0.058,0.37
2016/4/28,-0.056,0.37
2016/4/29,NA,0.3
2016/4/30,NA,0.3
2016/5/1,NA,0.3
2016/5/2,-0.067,0.37
2016/5/3,NA,0.37
2016/5/4,NA,0.37
2016/5/5,NA,0.37
2016/5/6,-0.066,0.37
2016/5/7,NA,0.37
2016/5/8,NA,0.37
2016/5/9,-0.066,0.37
2016/5/10,-0.068,0.37
2016/5/11,-0.065,0.37
2016/5/12,-0.063,0.37
2016/5/13,-0.055,0.37
2016/5/14,NA,0.37
2016/5/15,NA,0.37
2016/5/16,-0.063,0.37
2016/5/17,-0.058,0.37
2016/5/18,-0.059,0.37
2016/5/19,-0.058,0.37
2016/5/20,-0.053,0.37
2016/5/21,NA,0.37
2016/5/22,NA,0.37
2016/5/23,-0.057,0.37
2016/5/24,-0.055,0.37
2016/5/25,-0.055,0.37
2016/5/26,-0.054,0.37
2016/5/27,-0.049,0.37
2016/5/28,NA,0.37
2016/5/29,NA,0.37
2016/5/30,-0.054,0.37
2016/5/31,-0.054,0.29
2016/6/1,-0.054,0.37
2016/6/2,-0.055,0.37
2016/6/3,-0.046,0.37
2016/6/4,NA,0.37
2016/6/5,NA,0.37
2016/6/6,-0.05,0.37
2016/6/7,-0.049,0.37
2016/6/8,-0.049,0.37
2016/6/9,-0.05,0.37
2016/6/10,-0.049,0.37
2016/6/11,NA,0.37
2016/6/12,NA,0.37
2016/6/13,-0.05,0.37
2016/6/14,-0.05,0.37
2016/6/15,-0.053,0.37
2016/6/16,-0.057,0.38
2016/6/17,-0.057,0.38
2016/6/18,NA,0.38
2016/6/19,NA,0.38
2016/6/20,-0.057,0.38
2016/6/21,-0.059,0.38
2016/6/22,-0.061,0.38
2016/6/23,-0.061,0.39
2016/6/24,-0.062,0.4
2016/6/25,NA,0.4
2016/6/26,NA,0.4
2016/6/27,-0.061,0.41
2016/6/28,-0.062,0.41
2016/6/29,-0.061,0.41
2016/6/30,-0.064,0.3
2016/7/1,-0.058,0.41
2016/7/2,NA,0.41
2016/7/3,NA,0.41
2016/7/4,-0.057,0.41
2016/7/5,-0.054,0.4
2016/7/6,-0.056,0.4
2016/7/7,-0.055,0.4
2016/7/8,-0.053,0.4
2016/7/9,NA,0.4
2016/7/10,NA,0.4
2016/7/11,-0.053,0.4
2016/7/12,-0.05,0.4
2016/7/13,-0.044,0.4
2016/7/14,-0.038,0.4
2016/7/15,-0.034,0.4
2016/7/16,NA,0.4
2016/7/17,NA,0.4
2016/7/18,NA,0.4
2016/7/19,-0.04,0.4
2016/7/20,-0.037,0.4
2016/7/21,-0.035,0.4
2016/7/22,-0.03,0.4
2016/7/23,NA,0.4
2016/7/24,NA,0.4
2016/7/25,-0.033,0.4
2016/7/26,-0.029,0.4
2016/7/27,-0.028,0.4
2016/7/28,-0.031,0.4
2016/7/29,-0.046,0.3
2016/7/30,NA,0.3
2016/7/31,NA,0.3
2016/8/1,-0.04,0.4
2016/8/2,-0.039,0.4
2016/8/3,-0.041,0.4
2016/8/4,-0.038,0.4
2016/8/5,-0.037,0.4
2016/8/6,NA,0.4
2016/8/7,NA,0.4
2016/8/8,-0.045,0.4
2016/8/9,-0.048,0.4
2016/8/10,-0.047,0.4
2016/8/11,NA,0.4
2016/8/12,-0.041,0.4
2016/8/13,NA,0.4
2016/8/14,NA,0.4
2016/8/15,-0.029,0.4
2016/8/16,-0.044,0.4
2016/8/17,-0.044,0.4
2016/8/18,-0.045,0.4
2016/8/19,-0.047,0.4
2016/8/20,NA,0.4
2016/8/21,NA,0.4
2016/8/22,-0.045,0.4
2016/8/23,-0.046,0.4
2016/8/24,-0.047,0.4
2016/8/25,-0.047,0.4
2016/8/26,-0.044,0.4
2016/8/27,NA,0.4
2016/8/28,NA,0.4
2016/8/29,-0.046,0.4
2016/8/30,-0.046,0.4
2016/8/31,-0.048,0.3
2016/9/1,-0.049,0.4
2016/9/2,-0.047,0.4
2016/9/3,NA,0.4
2016/9/4,NA,0.4
2016/9/5,-0.045,0.4
2016/9/6,-0.046,0.4
2016/9/7,-0.047,0.4
2016/9/8,-0.047,0.4
2016/9/9,-0.046,0.4
2016/9/10,NA,0.4
2016/9/11,NA,0.4
2016/9/12,-0.049,0.4
2016/9/13,-0.057,0.4
2016/9/14,-0.063,0.4
2016/9/15,-0.065,0.4
2016/9/16,-0.06,0.4
2016/9/17,NA,0.4
2016/9/18,NA,0.4
2016/9/19,NA,0.4
2016/9/20,-0.06,0.4
2016/9/21,-0.061,0.4
2016/9/22,NA,0.4
2016/9/23,-0.054,0.4
2016/9/24,NA,0.4
2016/9/25,NA,0.4
2016/9/26,-0.05,0.4
2016/9/27,-0.045,0.4
2016/9/28,-0.043,0.4
2016/9/29,-0.037,0.4
2016/9/30,-0.06,0.29
2016/10/1,NA,0.29
2016/10/2,NA,0.29
2016/10/3,-0.044,0.4
2016/10/4,-0.036,0.4
2016/10/5,-0.03,0.4
2016/10/6,-0.02,0.4
2016/10/7,-0.018,0.4
2016/10/8,NA,0.4
2016/10/9,NA,0.4
2016/10/10,NA,0.4
2016/10/11,-0.028,0.41
2016/10/12,-0.032,0.41
2016/10/13,-0.032,0.41
2016/10/14,-0.035,0.41
2016/10/15,NA,0.41
2016/10/16,NA,0.41
2016/10/17,-0.048,0.41
2016/10/18,-0.045,0.41
2016/10/19,-0.041,0.41
2016/10/20,-0.035,0.41
2016/10/21,-0.035,0.41
2016/10/22,NA,0.41
2016/10/23,NA,0.41
2016/10/24,-0.04,0.41
2016/10/25,-0.041,0.41
2016/10/26,-0.042,0.41
2016/10/27,-0.044,0.41
2016/10/28,-0.043,0.41
2016/10/29,NA,0.41
2016/10/30,NA,0.41
2016/10/31,-0.047,0.31
2016/11/1,-0.045,0.41
2016/11/2,-0.045,0.41
2016/11/3,NA,0.41
2016/11/4,-0.044,0.41
2016/11/5,NA,0.41
2016/11/6,NA,0.41
2016/11/7,-0.044,0.41
2016/11/8,-0.044,0.41
2016/11/9,-0.049,0.41
2016/11/10,-0.05,0.41
2016/11/11,-0.05,0.41
2016/11/12,NA,0.41
2016/11/13,NA,0.41
2016/11/14,-0.053,0.41
2016/11/15,-0.046,0.41
2016/11/16,-0.048,0.41
2016/11/17,-0.045,0.41
2016/11/18,-0.049,0.41
2016/11/19,NA,0.41
2016/11/20,NA,0.41
2016/11/21,-0.051,0.41
2016/11/22,-0.053,0.41
2016/11/23,NA,0.41
2016/11/24,-0.054,0.41
2016/11/25,-0.054,0.41
2016/11/26,NA,0.41
2016/11/27,NA,0.41
2016/11/28,-0.054,0.41
2016/11/29,-0.052,0.41
2016/11/30,-0.054,0.31
2016/12/1,-0.051,0.41
2016/12/2,-0.049,0.41
2016/12/3,NA,0.41
2016/12/4,NA,0.41
2016/12/5,-0.052,0.41
2016/12/6,-0.054,0.41
2016/12/7,-0.056,0.41
2016/12/8,-0.053,0.41
2016/12/9,-0.05,0.41
2016/12/10,NA,0.41
2016/12/11,NA,0.41
2016/12/12,-0.052,0.41
2016/12/13,-0.043,0.41
2016/12/14,-0.034,0.41
2016/12/15,-0.029,0.66
2016/12/16,-0.037,0.66
2016/12/17,NA,0.66
2016/12/18,NA,0.66
2016/12/19,-0.036,0.66
2016/12/20,-0.032,0.66
2016/12/21,-0.027,0.66
2016/12/22,-0.028,0.66
2016/12/23,NA,0.66
2016/12/24,NA,0.66
2016/12/25,NA,0.66
2016/12/26,-0.041,0.66
2016/12/27,-0.048,0.66
2016/12/28,-0.046,0.66
2016/12/29,-0.048,0.66
2016/12/30,-0.058,0.55
2016/12/31,NA,0.55
2017/1/1,NA,0.55
2017/1/2,NA,0.55
2017/1/3,NA,0.66
2017/1/4,-0.051,0.66
2017/1/5,-0.047,0.66
2017/1/6,-0.042,0.66
2017/1/7,NA,0.66
2017/1/8,NA,0.66
2017/1/9,NA,0.66
2017/1/10,-0.037,0.66
2017/1/11,-0.03,0.66
2017/1/12,-0.027,0.66
2017/1/13,-0.026,0.66
2017/1/14,NA,0.66
2017/1/15,NA,0.66
2017/1/16,-0.047,0.66
2017/1/17,-0.048,0.66
2017/1/18,-0.047,0.66
2017/1/19,-0.047,0.66
2017/1/20,-0.046,0.66
2017/1/21,NA,0.66
2017/1/22,NA,0.66
2017/1/23,-0.048,0.66
2017/1/24,-0.05,0.66
2017/1/25,-0.049,0.66
2017/1/26,-0.051,0.66
2017/1/27,-0.051,0.66
2017/1/28,NA,0.66
2017/1/29,NA,0.66
2017/1/30,-0.05,0.66
2017/1/31,-0.058,0.56
2017/2/1,-0.054,0.66
2017/2/2,-0.052,0.66
2017/2/3,-0.05,0.66
2017/2/4,NA,0.66
2017/2/5,NA,0.66
2017/2/6,-0.046,0.66
2017/2/7,-0.035,0.66
2017/2/8,-0.028,0.66
2017/2/9,-0.027,0.66
2017/2/10,-0.023,0.66
2017/2/11,NA,0.66
2017/2/12,NA,0.66
2017/2/13,-0.027,0.66
2017/2/14,-0.026,0.66
2017/2/15,-0.026,0.66
2017/2/16,-0.045,0.66
2017/2/17,-0.047,0.66
2017/2/18,NA,0.66
2017/2/19,NA,0.66
2017/2/20,-0.046,0.66
2017/2/21,-0.042,0.66
2017/2/22,-0.036,0.66
2017/2/23,-0.032,0.66
2017/2/24,-0.033,0.66
2017/2/25,NA,0.66
2017/2/26,NA,0.66
2017/2/27,-0.039,0.66
2017/2/28,-0.048,0.57
2017/3/1,-0.046,0.66
2017/3/2,-0.042,0.66
2017/3/3,-0.037,0.66
2017/3/4,NA,0.66
2017/3/5,NA,0.66
2017/3/6,-0.038,0.66
2017/3/7,-0.035,0.66
2017/3/8,-0.032,0.66
2017/3/9,-0.027,0.66
2017/3/10,-0.029,0.66
2017/3/11,NA,0.66
2017/3/12,NA,0.66
2017/3/13,-0.048,0.66
2017/3/14,-0.053,0.66
2017/3/15,-0.046,0.66
2017/3/16,-0.043,0.91
2017/3/17,-0.039,0.91
2017/3/18,NA,0.91
2017/3/19,NA,0.91
2017/3/20,NA,0.91
2017/3/21,-0.042,0.91
2017/3/22,-0.039,0.91
2017/3/23,-0.037,0.91
2017/3/24,-0.039,0.91
2017/3/25,NA,0.91
2017/3/26,NA,0.91
2017/3/27,-0.044,0.91
2017/3/28,-0.047,0.91
2017/3/29,-0.046,0.91
2017/3/30,-0.046,0.91
2017/3/31,-0.06,0.82
2017/4/1,NA,0.82
2017/4/2,NA,0.82
2017/4/3,-0.056,0.91
2017/4/4,-0.056,0.91
2017/4/5,-0.052,0.91
2017/4/6,-0.042,0.91
2017/4/7,-0.035,0.91
2017/4/8,NA,0.91
2017/4/9,NA,0.91
2017/4/10,-0.037,0.91
2017/4/11,-0.037,0.91
2017/4/12,-0.036,0.91
2017/4/13,-0.034,0.91
2017/4/14,-0.047,0.91
2017/4/15,NA,0.91
2017/4/16,NA,0.91
2017/4/17,-0.054,0.91
2017/4/18,-0.053,0.91
2017/4/19,-0.056,0.91
2017/4/20,-0.061,0.91
2017/4/21,-0.066,0.91
2017/4/22,NA,0.91
2017/4/23,NA,0.91
2017/4/24,-0.07,0.91
2017/4/25,-0.074,0.91
2017/4/26,-0.074,0.91
2017/4/27,-0.075,0.91
2017/4/28,-0.074,0.83
2017/4/29,NA,0.83
2017/4/30,NA,0.83
2017/5/1,-0.074,0.91
2017/5/2,-0.07,0.91
2017/5/3,NA,0.91
2017/5/4,NA,0.91
2017/5/5,NA,0.91
2017/5/6,NA,0.91
2017/5/7,NA,0.91
2017/5/8,-0.065,0.91
2017/5/9,-0.053,0.91
2017/5/10,-0.042,0.91
2017/5/11,-0.039,0.91
2017/5/12,-0.037,0.91
2017/5/13,NA,0.91
2017/5/14,NA,0.91
2017/5/15,-0.033,0.91
2017/5/16,-0.048,0.91
2017/5/17,-0.051,0.91
2017/5/18,-0.052,0.91
2017/5/19,-0.051,0.91
2017/5/20,NA,0.91
2017/5/21,NA,0.91
2017/5/22,-0.051,0.91
2017/5/23,-0.037,0.91
2017/5/24,-0.054,0.91
2017/5/25,-0.055,0.91
2017/5/26,-0.055,0.91
2017/5/27,NA,0.91
2017/5/28,NA,0.91
2017/5/29,-0.061,0.91
2017/5/30,-0.061,0.91
2017/5/31,-0.065,0.83
2017/6/1,-0.06,0.91
2017/6/2,-0.059,0.91
2017/6/3,NA,0.91
2017/6/4,NA,0.91
2017/6/5,-0.058,0.91
2017/6/6,-0.057,0.91
2017/6/7,-0.056,0.91
2017/6/8,-0.055,0.91
2017/6/9,-0.053,0.91
2017/6/10,NA,0.91
2017/6/11,NA,0.91
2017/6/12,-0.054,0.91
2017/6/13,-0.054,0.91
2017/6/14,-0.055,0.91
2017/6/15,-0.052,1.16
2017/6/16,-0.06,1.16
2017/6/17,NA,1.16
2017/6/18,NA,1.16
2017/6/19,-0.058,1.16
2017/6/20,-0.055,1.16
2017/6/21,-0.056,1.16
2017/6/22,-0.055,1.16
2017/6/23,-0.051,1.16
2017/6/24,NA,1.16
2017/6/25,NA,1.16
2017/6/26,-0.053,1.16
2017/6/27,-0.05,1.16
2017/6/28,-0.051,1.16
2017/6/29,-0.053,1.16
2017/6/30,-0.069,1.06
2017/7/1,NA,1.06
2017/7/2,NA,1.06
2017/7/3,-0.06,1.16
2017/7/4,-0.056,1.16
2017/7/5,-0.054,1.16
2017/7/6,-0.051,1.16
2017/7/7,-0.05,1.16
2017/7/8,NA,1.16
2017/7/9,NA,1.16
2017/7/10,-0.05,1.16
2017/7/11,-0.048,1.16
2017/7/12,-0.044,1.16
2017/7/13,-0.04,1.16
2017/7/14,-0.042,1.16
2017/7/15,NA,1.16
2017/7/16,NA,1.16
2017/7/17,NA,1.16
2017/7/18,-0.055,1.16
2017/7/19,-0.055,1.16
2017/7/20,-0.056,1.16
2017/7/21,-0.055,1.16
2017/7/22,NA,1.16
2017/7/23,NA,1.16
2017/7/24,-0.058,1.16
2017/7/25,-0.06,1.16
2017/7/26,-0.06,1.16
2017/7/27,-0.063,1.16
2017/7/28,-0.063,1.16
2017/7/29,NA,1.16
2017/7/30,NA,1.16
2017/7/31,-0.064,1.07
2017/8/1,-0.063,1.16
2017/8/2,-0.063,1.16
2017/8/3,-0.057,1.16
2017/8/4,-0.054,1.16
2017/8/5,NA,1.16
2017/8/6,NA,1.16
2017/8/7,-0.049,1.16
2017/8/8,-0.042,1.16
2017/8/9,-0.033,1.16
2017/8/10,-0.028,1.16
2017/8/11,NA,1.16
2017/8/12,NA,1.16
2017/8/13,NA,1.16
2017/8/14,-0.028,1.16
2017/8/15,-0.026,1.16
2017/8/16,-0.047,1.16
2017/8/17,-0.049,1.16
2017/8/18,-0.052,1.16
2017/8/19,NA,1.16
2017/8/20,NA,1.16
2017/8/21,-0.053,1.16
2017/8/22,-0.055,1.16
2017/8/23,-0.04,1.16
2017/8/24,-0.052,1.16
2017/8/25,-0.055,1.16
2017/8/26,NA,1.16
2017/8/27,NA,1.16
2017/8/28,-0.056,1.16
2017/8/29,-0.057,1.16
2017/8/30,-0.059,1.16
2017/8/31,-0.066,1.07
2017/9/1,-0.063,1.16
2017/9/2,NA,1.16
2017/9/3,NA,1.16
2017/9/4,-0.064,1.16
2017/9/5,-0.064,1.16
2017/9/6,-0.064,1.16
2017/9/7,-0.064,1.16
2017/9/8,-0.065,1.16
2017/9/9,NA,1.16
2017/9/10,NA,1.16
2017/9/11,-0.064,1.16
2017/9/12,-0.063,1.16
2017/9/13,-0.062,1.16
2017/9/14,-0.059,1.16
2017/9/15,-0.06,1.16
2017/9/16,NA,1.16
2017/9/17,NA,1.16
2017/9/18,NA,1.16
2017/9/19,-0.061,1.16
2017/9/20,-0.057,1.16
2017/9/21,-0.054,1.16
2017/9/22,-0.046,1.16
2017/9/23,NA,1.16
2017/9/24,NA,1.16
2017/9/25,-0.042,1.16
2017/9/26,-0.046,1.16
2017/9/27,-0.048,1.16
2017/9/28,-0.048,1.16
2017/9/29,-0.063,1.06
2017/9/30,NA,1.06
2017/10/1,NA,1.06
2017/10/2,-0.047,1.16
2017/10/3,-0.043,1.16
2017/10/4,-0.035,1.16
2017/10/5,-0.032,1.16
2017/10/6,-0.028,1.16
2017/10/7,NA,1.16
2017/10/8,NA,1.16
2017/10/9,NA,1.16
2017/10/10,-0.029,1.16
2017/10/11,-0.024,1.16
2017/10/12,-0.021,1.16
2017/10/13,-0.021,1.16
2017/10/14,NA,1.16
2017/10/15,NA,1.16
2017/10/16,-0.043,1.16
2017/10/17,-0.043,1.16
2017/10/18,-0.041,1.16
2017/10/19,-0.042,1.16
2017/10/20,-0.041,1.16
2017/10/21,NA,1.16
2017/10/22,NA,1.16
2017/10/23,-0.042,1.16
2017/10/24,-0.041,1.16
2017/10/25,-0.041,1.16
2017/10/26,-0.041,1.16
2017/10/27,-0.039,1.16
2017/10/28,NA,1.16
2017/10/29,NA,1.16
2017/10/30,-0.04,1.16
2017/10/31,-0.046,1.07
2017/11/1,-0.044,1.16
2017/11/2,-0.044,1.16
2017/11/3,NA,1.16
2017/11/4,NA,1.16
2017/11/5,NA,1.16
2017/11/6,-0.046,1.16
2017/11/7,-0.045,1.16
2017/11/8,-0.044,1.16
2017/11/9,-0.044,1.16
2017/11/10,-0.044,1.16
2017/11/11,NA,1.16
2017/11/12,NA,1.16
2017/11/13,-0.048,1.16
2017/11/14,-0.048,1.16
2017/11/15,-0.045,1.16
2017/11/16,-0.046,1.16
2017/11/17,-0.048,1.16
2017/11/18,NA,1.16
2017/11/19,NA,1.16
2017/11/20,-0.047,1.16
2017/11/21,-0.05,1.16
2017/11/22,-0.054,1.16
2017/11/23,NA,1.16
2017/11/24,-0.054,1.16
2017/11/25,NA,1.16
2017/11/26,NA,1.16
2017/11/27,-0.053,1.16
2017/11/28,-0.053,1.16
2017/11/29,-0.053,1.16
2017/11/30,-0.055,1.07
2017/12/1,-0.056,1.16
2017/12/2,NA,1.16
2017/12/3,NA,1.16
2017/12/4,-0.052,1.16
2017/12/5,-0.05,1.16
2017/12/6,-0.034,1.16
2017/12/7,-0.043,1.16
2017/12/8,-0.038,1.16
2017/12/9,NA,1.16
2017/12/10,NA,1.16
2017/12/11,-0.036,1.16
2017/12/12,-0.034,1.17
2017/12/13,-0.032,1.17
2017/12/14,-0.026,1.41
2017/12/15,-0.037,1.41
2017/12/16,NA,1.41
2017/12/17,NA,1.41
2017/12/18,-0.046,1.42
2017/12/19,-0.048,1.42
2017/12/20,-0.047,1.42
2017/12/21,-0.046,1.42
2017/12/22,-0.045,1.42
2017/12/23,NA,1.42
2017/12/24,NA,1.42
2017/12/25,-0.043,1.42
2017/12/26,-0.039,1.42
2017/12/27,-0.037,1.42
2017/12/28,-0.036,1.42
2017/12/29,-0.062,1.33
2017/12/30,NA,1.33
2017/12/31,NA,1.33
2018/1/1,NA,1.33
2018/1/2,NA,1.42
2018/1/3,NA,1.42
2018/1/4,-0.047,1.42
2018/1/5,-0.042,1.42
2018/1/6,NA,1.42
2018/1/7,NA,1.42
2018/1/8,NA,1.42
2018/1/9,-0.038,1.42
2018/1/10,-0.036,1.42
2018/1/11,-0.03,1.42
2018/1/12,-0.027,1.42
2018/1/13,NA,1.42
2018/1/14,NA,1.42
2018/1/15,-0.029,1.42
2018/1/16,-0.042,1.42
2018/1/17,-0.042,1.42
2018/1/18,-0.042,1.42
2018/1/19,-0.041,1.42
2018/1/20,NA,1.42
2018/1/21,NA,1.42
2018/1/22,-0.041,1.42
2018/1/23,-0.041,1.42
2018/1/24,-0.036,1.42
2018/1/25,-0.041,1.42
2018/1/26,-0.04,1.42
2018/1/27,NA,1.42
2018/1/28,NA,1.42
2018/1/29,-0.043,1.42
2018/1/30,-0.044,1.42
2018/1/31,-0.05,1.34
2018/2/1,-0.045,1.42
2018/2/2,-0.042,1.42
2018/2/3,NA,1.42
2018/2/4,NA,1.42
2018/2/5,-0.044,1.42
2018/2/6,-0.041,1.42
2018/2/7,-0.038,1.42
2018/2/8,-0.036,1.42
2018/2/9,-0.034,1.42
2018/2/10,NA,1.42
2018/2/11,NA,1.42
2018/2/12,NA,1.42
2018/2/13,-0.032,1.42
2018/2/14,-0.029,1.42
2018/2/15,-0.033,1.42
2018/2/16,-0.042,1.42
2018/2/17,NA,1.42
2018/2/18,NA,1.42
2018/2/19,-0.044,1.42
2018/2/20,-0.045,1.42
2018/2/21,-0.048,1.42
2018/2/22,-0.048,1.42
2018/2/23,-0.046,1.42
2018/2/24,NA,1.42
2018/2/25,NA,1.42
2018/2/26,-0.048,1.42
2018/2/27,-0.048,1.42
2018/2/28,-0.053,1.35
2018/3/1,-0.052,1.42
2018/3/2,-0.05,1.42
2018/3/3,NA,1.42
2018/3/4,NA,1.42
2018/3/5,-0.054,1.42
2018/3/6,-0.053,1.42
2018/3/7,-0.055,1.42
2018/3/8,-0.057,1.42
2018/3/9,-0.061,1.42
2018/3/10,NA,1.42
2018/3/11,NA,1.42
2018/3/12,-0.065,1.42
2018/3/13,-0.068,1.42
2018/3/14,-0.068,1.42
2018/3/15,-0.069,1.43
2018/3/16,-0.063,1.43
2018/3/17,NA,1.43
2018/3/18,NA,1.43
2018/3/19,-0.062,1.43
2018/3/20,-0.061,1.44
2018/3/21,NA,1.44
2018/3/22,-0.063,1.68
2018/3/23,-0.064,1.68
2018/3/24,NA,1.68
2018/3/25,NA,1.68
2018/3/26,-0.064,1.68
2018/3/27,-0.066,1.68
2018/3/28,-0.066,1.68
2018/3/29,-0.066,1.68
2018/3/30,-0.068,1.67
2018/3/31,NA,1.67
2018/4/1,NA,1.67
2018/4/2,-0.067,1.68
2018/4/3,-0.067,1.83
2018/4/4,-0.063,1.74
2018/4/5,-0.062,1.75
2018/4/6,-0.059,1.75
2018/4/7,NA,1.75
2018/4/8,NA,1.75
2018/4/9,-0.058,1.75
2018/4/10,-0.055,1.75
2018/4/11,-0.053,1.76
2018/4/12,-0.047,1.73
2018/4/13,-0.044,1.72
2018/4/14,NA,1.72
2018/4/15,NA,1.72
2018/4/16,-0.059,1.77
2018/4/17,-0.063,1.76
2018/4/18,-0.063,1.75
2018/4/19,-0.069,1.73
2018/4/20,-0.07,1.72
2018/4/21,NA,1.72
2018/4/22,NA,1.72
2018/4/23,-0.071,1.7
2018/4/24,-0.072,1.71
2018/4/25,-0.072,1.71
2018/4/26,-0.071,1.72
2018/4/27,-0.067,1.72
2018/4/28,NA,1.72
2018/4/29,NA,1.72
2018/4/30,NA,1.77
2018/5/1,-0.075,1.76
2018/5/2,-0.075,1.75
2018/5/3,NA,1.74
2018/5/4,NA,1.72
2018/5/5,NA,1.72
2018/5/6,NA,1.72
2018/5/7,-0.072,1.71
2018/5/8,-0.063,1.72
2018/5/9,-0.052,1.72
2018/5/10,-0.042,1.73
2018/5/11,-0.034,1.73
2018/5/12,NA,1.73
2018/5/13,NA,1.73
2018/5/14,-0.034,1.75
2018/5/15,-0.036,1.79
2018/5/16,-0.055,1.75
2018/5/17,-0.062,1.74
2018/5/18,-0.064,1.73
2018/5/19,NA,1.73
2018/5/20,NA,1.73
2018/5/21,-0.068,1.69
2018/5/22,-0.068,1.65
2018/5/23,-0.07,1.67
2018/5/24,-0.07,1.74
2018/5/25,-0.071,1.73
2018/5/26,NA,1.73
2018/5/27,NA,1.73
2018/5/28,-0.069,1.73
2018/5/29,-0.07,1.72
2018/5/30,-0.07,1.72
2018/5/31,-0.065,1.81
2018/6/1,-0.072,1.81
2018/6/2,NA,1.81
2018/6/3,NA,1.81
2018/6/4,-0.071,1.8
2018/6/5,-0.073,1.75
2018/6/6,-0.072,1.73
2018/6/7,-0.071,1.71
2018/6/8,-0.072,1.69
2018/6/9,NA,1.69
2018/6/10,NA,1.69
2018/6/11,-0.071,1.69
2018/6/12,-0.071,1.67
2018/6/13,-0.068,1.71
2018/6/14,-0.067,1.9
2018/6/15,-0.064,1.91
2018/6/16,NA,1.91
2018/6/17,NA,1.91
2018/6/18,-0.069,1.9
2018/6/19,-0.07,1.88
2018/6/20,-0.073,1.87
2018/6/21,-0.072,1.87
2018/6/22,-0.075,1.92
2018/6/23,NA,1.92
2018/6/24,NA,1.92
2018/6/25,-0.073,1.91
2018/6/26,-0.074,1.9
2018/6/27,-0.073,1.9
2018/6/28,-0.071,1.93
2018/6/29,-0.069,2.12
2018/6/30,NA,2.12
2018/7/1,NA,2.12
2018/7/2,-0.074,2.04
2018/7/3,-0.073,2
2018/7/4,-0.073,2
2018/7/5,-0.072,1.97
2018/7/6,-0.069,1.93
2018/7/7,NA,1.93
2018/7/8,NA,1.93
2018/7/9,-0.071,1.89
2018/7/10,-0.071,1.89
2018/7/11,-0.068,1.89
2018/7/12,-0.064,1.9
2018/7/13,-0.065,1.9
2018/7/14,NA,1.9
2018/7/15,NA,1.9
2018/7/16,NA,1.95
2018/7/17,-0.072,1.92
2018/7/18,-0.072,1.9
2018/7/19,-0.072,1.9
2018/7/20,-0.072,1.88
2018/7/21,NA,1.88
2018/7/22,NA,1.88
2018/7/23,-0.068,1.87
2018/7/24,-0.07,1.9
2018/7/25,-0.069,1.87
2018/7/26,-0.07,1.9
2018/7/27,-0.071,1.88
2018/7/28,NA,1.88
2018/7/29,NA,1.88
2018/7/30,-0.068,1.88
2018/7/31,-0.065,1.93
2018/8/1,-0.071,1.88
2018/8/2,-0.072,1.91
2018/8/3,-0.071,1.86
2018/8/4,NA,1.86
2018/8/5,NA,1.86
2018/8/6,-0.071,1.86
2018/8/7,-0.066,1.87
2018/8/8,-0.06,1.88
2018/8/9,-0.055,1.91
2018/8/10,-0.047,1.9
2018/8/11,NA,1.9
2018/8/12,NA,1.9
2018/8/13,-0.051,1.91
2018/8/14,-0.051,1.93
2018/8/15,-0.052,1.98
2018/8/16,-0.067,1.99
2018/8/17,-0.067,1.9
2018/8/18,NA,1.9
2018/8/19,NA,1.9
2018/8/20,-0.066,1.9
2018/8/21,-0.063,1.9
2018/8/22,-0.061,1.9
2018/8/23,-0.055,1.94
2018/8/24,-0.053,1.95
2018/8/25,NA,1.95
2018/8/26,NA,1.95
2018/8/27,-0.053,1.95
2018/8/28,-0.051,1.95
2018/8/29,-0.053,1.93
2018/8/30,-0.05,1.93
2018/8/31,-0.055,1.97
2018/9/1,NA,1.97
2018/9/2,NA,1.97
2018/9/3,-0.052,1.97
2018/9/4,-0.054,1.95
2018/9/5,-0.052,1.95
2018/9/6,-0.051,1.94
2018/9/7,-0.053,1.94
2018/9/8,NA,1.94
2018/9/9,NA,1.94
2018/9/10,-0.054,1.94
2018/9/11,-0.057,1.94
2018/9/12,-0.058,1.94
2018/9/13,-0.058,1.94
2018/9/14,-0.062,1.95
2018/9/15,NA,1.95
2018/9/16,NA,1.95
2018/9/17,NA,2
2018/9/18,-0.064,1.94
2018/9/19,-0.064,1.92
2018/9/20,-0.064,1.92
2018/9/21,-0.063,1.92
2018/9/22,NA,1.92
2018/9/23,NA,1.92
2018/9/24,NA,1.95
2018/9/25,-0.062,1.93
2018/9/26,-0.062,1.92
2018/9/27,-0.06,2.16
2018/9/28,-0.064,2.25
2018/9/29,NA,2.25
2018/9/30,NA,2.25
2018/10/1,-0.063,2.22
2018/10/2,-0.062,2.2
2018/10/3,-0.06,2.2
2018/10/4,-0.057,2.18
2018/10/5,-0.051,2.16
2018/10/6,NA,2.16
2018/10/7,NA,2.16
2018/10/8,NA,2.16
2018/10/9,-0.052,2.15
2018/10/10,-0.053,2.15
2018/10/11,-0.05,2.17
2018/10/12,-0.042,2.18
2018/10/13,NA,2.18
2018/10/14,NA,2.18
2018/10/15,-0.039,2.21
2018/10/16,-0.058,2.18
2018/10/17,-0.061,2.18
2018/10/18,-0.064,2.19
2018/10/19,-0.068,2.19
2018/10/20,NA,2.19
2018/10/21,NA,2.19
2018/10/22,-0.069,2.18
2018/10/23,-0.069,2.17
2018/10/24,-0.057,2.18
2018/10/25,-0.069,2.19
2018/10/26,-0.071,2.19
2018/10/27,NA,2.19
2018/10/28,NA,2.19
2018/10/29,-0.07,2.18
2018/10/30,-0.072,2.18
2018/10/31,-0.068,2.22
2018/11/1,-0.071,2.22
2018/11/2,-0.071,2.25
2018/11/3,NA,2.25
2018/11/4,NA,2.25
2018/11/5,-0.072,2.24
2018/11/6,-0.071,2.22
2018/11/7,-0.07,2.18
2018/11/8,-0.071,2.21
2018/11/9,-0.071,2.2
2018/11/10,NA,2.2
2018/11/11,NA,2.2
2018/11/12,-0.07,2.2
2018/11/13,-0.072,2.2
2018/11/14,-0.067,2.2
2018/11/15,-0.073,2.28
2018/11/16,-0.072,2.26
2018/11/17,NA,2.26
2018/11/18,NA,2.26
2018/11/19,-0.068,2.24
2018/11/20,-0.066,2.2
2018/11/21,-0.069,2.18
2018/11/22,-0.071,2.18
2018/11/23,NA,2.23
2018/11/24,NA,2.23
2018/11/25,NA,2.23
2018/11/26,-0.07,2.2
2018/11/27,-0.073,2.19
2018/11/28,-0.07,2.19
2018/11/29,-0.072,2.24
2018/11/30,-0.062,2.28
2018/12/1,NA,2.28
2018/12/2,NA,2.28
2018/12/3,-0.069,2.23
2018/12/4,-0.069,2.27
2018/12/5,-0.069,2.27
2018/12/6,-0.07,2.34
2018/12/7,-0.067,2.3
2018/12/8,NA,2.3
2018/12/9,NA,2.3
2018/12/10,-0.068,2.22
2018/12/11,-0.068,2.19
2018/12/12,-0.066,2.2
2018/12/13,-0.062,2.21
2018/12/14,-0.065,2.21
2018/12/15,NA,2.21
2018/12/16,NA,2.21
2018/12/17,-0.067,2.31
2018/12/18,-0.068,2.32
2018/12/19,-0.07,2.3
2018/12/20,-0.071,2.41
2018/12/21,-0.071,2.4
2018/12/22,NA,2.4
2018/12/23,NA,2.4
2018/12/24,NA,2.41
2018/12/25,-0.07,2.41
2018/12/26,-0.07,2.44
2018/12/27,-0.07,2.44
2018/12/28,-0.055,2.46
2018/12/29,NA,2.46
2018/12/30,NA,2.46
2018/12/31,NA,3
2019/1/1,NA,3
2019/1/2,NA,3.15
2019/1/3,NA,2.7
2019/1/4,-0.07,2.45
2019/1/5,NA,2.45
2019/1/6,NA,2.45
2019/1/7,-0.068,2.41
2019/1/8,-0.066,2.42
2019/1/9,-0.062,2.45
2019/1/10,-0.058,2.43
2019/1/11,-0.058,2.41
2019/1/12,NA,2.41
2019/1/13,NA,2.41
2019/1/14,NA,2.4
2019/1/15,-0.062,2.46
2019/1/16,-0.068,2.43
2019/1/17,-0.062,2.41
2019/1/18,-0.067,2.42
2019/1/19,NA,2.42
2019/1/20,NA,2.42
2019/1/21,-0.067,2.42
2019/1/22,-0.067,2.41
2019/1/23,-0.067,2.4
2019/1/24,-0.066,2.41
2019/1/25,-0.063,2.4
2019/1/26,NA,2.4
2019/1/27,NA,2.4
2019/1/28,-0.062,2.39
2019/1/29,-0.064,2.4
2019/1/30,-0.063,2.39
2019/1/31,-0.06,2.58
2019/2/1,-0.061,2.47
2019/2/2,NA,2.47
2019/2/3,NA,2.47
2019/2/4,-0.061,2.4
2019/2/5,-0.058,2.4
2019/2/6,-0.052,2.38
2019/2/7,-0.049,2.38
2019/2/8,-0.047,2.37
2019/2/9,NA,2.37
2019/2/10,NA,2.37
2019/2/11,NA,2.4
2019/2/12,-0.049,2.39
2019/2/13,-0.051,2.38
2019/2/14,-0.052,2.39
2019/2/15,-0.057,2.43
2019/2/16,NA,2.43
2019/2/17,NA,2.43
2019/2/18,-0.063,2.43
2019/2/19,-0.063,2.4
2019/2/20,-0.058,2.39
2019/2/21,-0.056,2.39
2019/2/22,-0.058,2.4
2019/2/23,NA,2.4
2019/2/24,NA,2.4
2019/2/25,-0.058,2.38
2019/2/26,-0.052,2.38
2019/2/27,-0.05,2.37
2019/2/28,-0.054,2.58
2019/3/1,-0.049,2.38
2019/3/2,NA,2.38
2019/3/3,NA,2.38
2019/3/4,-0.047,2.38
2019/3/5,-0.042,2.38
2019/3/6,-0.034,2.38
2019/3/7,-0.029,2.38
2019/3/8,-0.027,2.39
2019/3/9,NA,2.39
2019/3/10,NA,2.39
2019/3/11,-0.024,2.38
2019/3/12,-0.022,2.39
2019/3/13,-0.021,2.4
2019/3/14,-0.023,2.42
2019/3/15,-0.021,2.46
2019/3/16,NA,2.46
2019/3/17,NA,2.46
2019/3/18,-0.051,2.41
2019/3/19,-0.053,2.42
2019/3/20,-0.059,2.47
2019/3/21,NA,2.44
2019/3/22,-0.061,2.4
2019/3/23,NA,2.4
2019/3/24,NA,2.4
2019/3/25,-0.062,2.4
2019/3/26,-0.064,2.4
2019/3/27,-0.066,2.4
2019/3/28,-0.067,2.43
2019/3/29,-0.06,2.65
2019/3/30,NA,2.65
2019/3/31,NA,2.65
2019/4/1,-0.067,2.46
2019/4/2,-0.067,2.46
2019/4/3,-0.066,2.47
2019/4/4,-0.063,2.46
2019/4/5,-0.063,2.46
2019/4/6,NA,2.46
2019/4/7,NA,2.46
2019/4/8,-0.063,2.46
2019/4/9,-0.064,2.45
2019/4/10,-0.064,2.45
2019/4/11,-0.063,2.44
2019/4/12,-0.062,2.44
2019/4/13,NA,2.44
2019/4/14,NA,2.44
2019/4/15,-0.061,2.47
2019/4/16,-0.065,2.47
2019/4/17,-0.065,2.5
2019/4/18,-0.069,2.5
2019/4/19,-0.072,2.5
2019/4/20,NA,2.5
2019/4/21,NA,2.5
2019/4/22,-0.076,2.46
2019/4/23,-0.077,2.46
2019/4/24,-0.075,2.44
2019/4/25,-0.075,2.45
2019/4/26,-0.073,2.46
2019/4/27,NA,2.46
2019/4/28,NA,2.46
2019/4/29,NA,2.48
2019/4/30,NA,2.76
2019/5/1,NA,2.54
2019/5/2,NA,2.5
2019/5/3,NA,2.43
2019/5/4,NA,2.43
2019/5/5,NA,2.43
2019/5/6,NA,2.42
2019/5/7,-0.07,2.44
2019/5/8,-0.061,2.43
2019/5/9,-0.048,2.41
2019/5/10,-0.033,2.4
2019/5/11,NA,2.4
2019/5/12,NA,2.4
2019/5/13,-0.028,2.38
2019/5/14,-0.023,2.39
2019/5/15,-0.025,2.48
2019/5/16,-0.066,2.43
2019/5/17,-0.068,2.42
2019/5/18,NA,2.42
2019/5/19,NA,2.42
2019/5/20,-0.068,2.39
2019/5/21,-0.065,2.38
2019/5/22,-0.058,2.37
2019/5/23,-0.049,2.37
2019/5/24,-0.042,2.37
2019/5/25,NA,2.37
2019/5/26,NA,2.37
2019/5/27,-0.041,2.37
2019/5/28,-0.042,2.41
2019/5/29,-0.044,2.4
2019/5/30,-0.051,2.4
2019/5/31,-0.059,2.49
2019/6/1,NA,2.49
2019/6/2,NA,2.49
2019/6/3,-0.06,2.4
2019/6/4,-0.057,2.39
2019/6/5,-0.054,2.4
2019/6/6,-0.053,2.4
2019/6/7,-0.053,2.39
2019/6/8,NA,2.39
2019/6/9,NA,2.39
2019/6/10,-0.056,2.39
2019/6/11,-0.057,2.38
2019/6/12,-0.058,2.37
2019/6/13,-0.057,2.35
2019/6/14,-0.061,2.35
2019/6/15,NA,2.35
2019/6/16,NA,2.35
2019/6/17,-0.067,2.41
2019/6/18,-0.068,2.39
2019/6/19,-0.069,2.36
2019/6/20,-0.068,2.36
2019/6/21,-0.067,2.37
2019/6/22,NA,2.37
2019/6/23,NA,2.37
2019/6/24,-0.066,2.39
2019/6/25,-0.066,2.41
2019/6/26,-0.068,2.43
2019/6/27,-0.07,2.42
2019/6/28,-0.076,2.5
2019/6/29,NA,2.5
2019/6/30,NA,2.5
2019/7/1,-0.071,2.42
2019/7/2,-0.071,2.51
2019/7/3,-0.071,2.56
2019/7/4,-0.072,2.56
2019/7/5,-0.074,2.59
2019/7/6,NA,2.59
2019/7/7,NA,2.59
2019/7/8,-0.075,2.48
2019/7/9,-0.076,2.45
2019/7/10,-0.077,2.46
2019/7/11,-0.076,2.41
2019/7/12,-0.076,2.36
2019/7/13,NA,2.36
2019/7/14,NA,2.36
2019/7/15,NA,2.46
2019/7/16,-0.072,2.47
2019/7/17,-0.066,2.47
2019/7/18,-0.065,2.46
2019/7/19,-0.064,2.41
2019/7/20,NA,2.41
2019/7/21,NA,2.41
2019/7/22,-0.063,2.4
2019/7/23,-0.065,2.4
2019/7/24,-0.067,2.41
2019/7/25,-0.071,2.42
2019/7/26,-0.073,2.41
2019/7/27,NA,2.41
2019/7/28,NA,2.41
2019/7/29,-0.072,2.4
2019/7/30,-0.071,2.39
2019/7/31,-0.071,2.55
2019/8/1,-0.07,2.19
2019/8/2,-0.063,2.19
2019/8/3,NA,2.19
2019/8/4,NA,2.19
2019/8/5,-0.05,2.13
2019/8/6,-0.031,2.11
2019/8/7,-0.032,2.1
2019/8/8,-0.033,2.09
2019/8/9,-0.029,2.11
2019/8/10,NA,2.11
2019/8/11,NA,2.11
2019/8/12,NA,2.12
2019/8/13,-0.025,2.16
2019/8/14,-0.019,2.13
2019/8/15,-0.02,2.18
2019/8/16,-0.057,2.13
2019/8/17,NA,2.13
2019/8/18,NA,2.13
2019/8/19,-0.061,2.11
2019/8/20,-0.059,2.13
2019/8/21,-0.058,2.1
2019/8/22,-0.058,2.09
2019/8/23,-0.052,2.1
2019/8/24,NA,2.1
2019/8/25,NA,2.1
2019/8/26,-0.047,2.1
2019/8/27,-0.041,2.15
2019/8/28,-0.043,2.12
2019/8/29,-0.05,2.12
2019/8/30,-0.061,2.16
2019/8/31,NA,2.16
2019/9/1,NA,2.16
2019/9/2,-0.063,2.16
2019/9/3,-0.067,2.17
2019/9/4,-0.067,2.21
2019/9/5,-0.067,2.21
2019/9/6,-0.064,2.15
2019/9/7,NA,2.15
2019/9/8,NA,2.15
2019/9/9,-0.067,2.12
2019/9/10,-0.061,2.14
2019/9/11,-0.055,2.15
2019/9/12,-0.043,2.2
2019/9/13,-0.042,2.2
2019/9/14,NA,2.2
2019/9/15,NA,2.2
2019/9/16,NA,2.43
2019/9/17,-0.065,5.25
2019/9/18,-0.065,2.55
2019/9/19,-0.065,1.95
2019/9/20,-0.057,1.86
2019/9/21,NA,1.86
2019/9/22,NA,1.86
2019/9/23,NA,1.85
2019/9/24,-0.059,1.96
2019/9/25,-0.058,2.01
2019/9/26,-0.055,1.85
2019/9/27,-0.046,1.82
2019/9/28,NA,1.82
2019/9/29,NA,1.82
2019/9/30,-0.064,2.35
2019/10/1,-0.048,1.88
2019/10/2,-0.036,1.85
2019/10/3,-0.019,1.84
2019/10/4,-0.011,1.82
2019/10/5,NA,1.82
2019/10/6,NA,1.82
2019/10/7,-0.012,1.83
2019/10/8,-0.012,1.85
2019/10/9,-0.012,1.85
2019/10/10,-0.011,1.85
2019/10/11,-0.01,1.85
2019/10/12,NA,1.85
2019/10/13,NA,1.85
2019/10/14,NA,1.85
2019/10/15,-0.009,2
2019/10/16,-0.051,2.05
2019/10/17,-0.045,1.95
2019/10/18,-0.031,1.88
2019/10/19,NA,1.88
2019/10/20,NA,1.88
2019/10/21,-0.019,1.86
2019/10/22,NA,1.87
2019/10/23,-0.014,1.87
2019/10/24,-0.013,1.86
2019/10/25,-0.014,1.84
2019/10/26,NA,1.84
2019/10/27,NA,1.84
2019/10/28,-0.016,1.82
2019/10/29,-0.021,1.81
2019/10/30,-0.024,1.82
2019/10/31,-0.03,1.76
2019/11/1,-0.024,1.58
2019/11/2,NA,1.58
2019/11/3,NA,1.58
2019/11/4,NA,1.56
2019/11/5,-0.027,1.58
2019/11/6,-0.031,1.57
2019/11/7,-0.038,1.56
2019/11/8,-0.05,1.56
2019/11/9,NA,1.56
2019/11/10,NA,1.56
2019/11/11,-0.065,1.56
2019/11/12,-0.07,1.57
2019/11/13,-0.072,1.57
2019/11/14,-0.074,1.58
2019/11/15,-0.063,1.59
2019/11/16,NA,1.59
2019/11/17,NA,1.59
2019/11/18,-0.058,1.56
2019/11/19,-0.054,1.57
2019/11/20,-0.047,1.57
2019/11/21,-0.039,1.58
2019/11/22,-0.03,1.58
2019/11/23,NA,1.58
2019/11/24,NA,1.58
2019/11/25,-0.027,1.56
2019/11/26,-0.018,1.54
2019/11/27,-0.023,1.55
2019/11/28,-0.024,1.55
2019/11/29,-0.034,1.65
2019/11/30,NA,1.65
2019/12/1,NA,1.65
2019/12/2,-0.031,1.63
2019/12/3,-0.028,1.55
2019/12/4,-0.025,1.54
2019/12/5,-0.017,1.55
2019/12/6,-0.009,1.55
2019/12/7,NA,1.55
2019/12/8,NA,1.55
2019/12/9,-0.008,1.56
2019/12/10,-0.008,1.55
2019/12/11,-0.008,1.54
2019/12/12,-0.009,1.53
2019/12/13,-0.008,1.54
2019/12/14,NA,1.54
2019/12/15,NA,1.54
2019/12/16,-0.053,1.62
2019/12/17,-0.057,1.54
2019/12/18,-0.06,1.53
2019/12/19,-0.061,1.53
2019/12/20,-0.061,1.53
2019/12/21,NA,1.53
2019/12/22,NA,1.53
2019/12/23,-0.059,1.52
2019/12/24,-0.058,1.52
2019/12/25,-0.056,1.52
2019/12/26,-0.055,1.52
2019/12/27,-0.051,1.53
2019/12/28,NA,1.53
2019/12/29,NA,1.53
2019/12/30,-0.068,1.54
2019/12/31,NA,1.55
2020/1/1,NA,1.55
2020/1/2,NA,1.54
2020/1/3,NA,1.55
2020/1/4,NA,1.55
2020/1/5,NA,1.55
2020/1/6,-0.061,1.55
2020/1/7,-0.064,1.56
2020/1/8,-0.061,1.55
2020/1/9,-0.052,1.55
2020/1/10,-0.035,1.55
2020/1/11,NA,1.55
2020/1/12,NA,1.55
2020/1/13,NA,1.54
2020/1/14,-0.028,1.55
2020/1/15,-0.016,1.56
2020/1/16,-0.042,1.55
2020/1/17,-0.023,1.54
2020/1/18,NA,1.54
2020/1/19,NA,1.54
2020/1/20,-0.018,1.54
2020/1/21,-0.018,1.54
2020/1/22,-0.018,1.54
2020/1/23,-0.018,1.54
2020/1/24,-0.016,1.53
2020/1/25,NA,1.53
2020/1/26,NA,1.53
2020/1/27,-0.019,1.53
2020/1/28,-0.02,1.53
2020/1/29,-0.025,1.53
2020/1/30,-0.032,1.58
2020/1/31,-0.039,1.6
2020/2/1,NA,1.6
2020/2/2,NA,1.6
2020/2/3,-0.033,1.59
2020/2/4,-0.023,1.6
2020/2/5,-0.015,1.59
2020/2/6,-0.016,1.59
2020/2/7,-0.014,1.58
2020/2/8,NA,1.58
2020/2/9,NA,1.58
2020/2/10,-0.01,1.58
2020/2/11,NA,1.58
2020/2/12,-0.008,1.57
2020/2/13,-0.008,1.57
2020/2/14,-0.011,1.58
2020/2/15,NA,1.58
2020/2/16,NA,1.58
2020/2/17,-0.025,1.58
2020/2/18,-0.018,1.6
2020/2/19,-0.017,1.59
2020/2/20,-0.016,1.6
2020/2/21,-0.016,1.58
2020/2/22,NA,1.58
2020/2/23,NA,1.58
2020/2/24,NA,1.58
2020/2/25,-0.012,1.59
2020/2/26,-0.014,1.58
2020/2/27,-0.014,1.58
2020/2/28,-0.025,1.6
2020/2/29,NA,1.6
2020/3/1,NA,1.6
2020/3/2,-0.023,1.59
2020/3/3,-0.024,1.64
2020/3/4,-0.032,1.23
2020/3/5,-0.042,1.12
2020/3/6,-0.052,1.1
2020/3/7,NA,1.1
2020/3/8,NA,1.1
2020/3/9,-0.06,1.09
2020/3/10,-0.065,1.11
2020/3/11,-0.065,1.15
2020/3/12,-0.066,1.2
2020/3/13,-0.067,1.1
2020/3/14,NA,1.1
2020/3/15,NA,1.1
2020/3/16,-0.068,0.26
2020/3/17,-0.068,0.54
2020/3/18,-0.063,0.1
2020/3/19,-0.051,0.06
2020/3/20,NA,0.04
2020/3/21,NA,0.04
2020/3/22,NA,0.04
2020/3/23,-0.048,0.02
2020/3/24,-0.039,0.01
2020/3/25,-0.028,0.01
2020/3/26,-0.02,0.01
2020/3/27,-0.017,0.01
2020/3/28,NA,0.01
2020/3/29,NA,0.01
2020/3/30,-0.017,0.01
2020/3/31,-0.07,0.01
2020/4/1,-0.022,0.01
2020/4/2,-0.02,0.01
2020/4/3,-0.017,0.01
2020/4/4,NA,0.01
2020/4/5,NA,0.01
2020/4/6,-0.022,0.01
2020/4/7,-0.035,0.01
2020/4/8,-0.046,0.01
2020/4/9,-0.048,0.01
2020/4/10,-0.032,0.01
2020/4/11,NA,0.01
2020/4/12,NA,0.01
2020/4/13,-0.019,0.02
2020/4/14,-0.01,0.06
2020/4/15,-0.009,0.03
2020/4/16,-0.044,0.03
2020/4/17,-0.046,0.03
2020/4/18,NA,0.03
2020/4/19,NA,0.03
2020/4/20,-0.042,0.02
2020/4/21,-0.043,0.01
2020/4/22,-0.043,0.01
2020/4/23,-0.046,0.01
2020/4/24,-0.047,0.03
2020/4/25,NA,0.03
2020/4/26,NA,0.03
2020/4/27,-0.047,0.03
2020/4/28,-0.048,0.01
2020/4/29,NA,0.01
2020/4/30,-0.06,0.04
2020/5/1,-0.044,0.03
2020/5/2,NA,0.03
2020/5/3,NA,0.03
2020/5/4,NA,0.05
2020/5/5,NA,0.05
2020/5/6,NA,0.05
2020/5/7,-0.035,0.05
2020/5/8,-0.027,0.06
2020/5/9,NA,0.06
2020/5/10,NA,0.06
2020/5/11,-0.019,0.06
2020/5/12,-0.022,0.06
2020/5/13,-0.026,0.04
2020/5/14,-0.02,0.02
2020/5/15,-0.04,0.05
2020/5/16,NA,0.05
2020/5/17,NA,0.05
2020/5/18,-0.058,0.04
2020/5/19,-0.061,0.04
2020/5/20,-0.061,0.01
2020/5/21,-0.062,0.02
2020/5/22,-0.059,0.04
2020/5/23,NA,0.04
2020/5/24,NA,0.04
2020/5/25,-0.059,0.04
2020/5/26,-0.06,0.06
2020/5/27,-0.059,0.06
2020/5/28,-0.057,0.06
2020/5/29,-0.073,0.06
2020/5/30,NA,0.06
2020/5/31,NA,0.06
2020/6/1,-0.058,0.06
2020/6/2,-0.059,0.07
2020/6/3,-0.068,0.06
2020/6/4,-0.064,0.07
2020/6/5,-0.057,0.07
2020/6/6,NA,0.07
2020/6/7,NA,0.07
2020/6/8,-0.055,0.07
2020/6/9,-0.048,0.08
2020/6/10,-0.038,0.07
2020/6/11,-0.031,0.08
2020/6/12,-0.023,0.08
2020/6/13,NA,0.08
2020/6/14,NA,0.08
2020/6/15,-0.018,0.09
2020/6/16,-0.056,0.09
2020/6/17,-0.055,0.09
2020/6/18,-0.055,0.09
2020/6/19,-0.042,0.09
2020/6/20,NA,0.09
2020/6/21,NA,0.09
2020/6/22,-0.045,0.08
2020/6/23,-0.042,0.07
2020/6/24,-0.043,0.08
2020/6/25,-0.042,0.09
2020/6/26,-0.038,0.08
2020/6/27,NA,0.08
2020/6/28,NA,0.08
2020/6/29,-0.041,0.08
2020/6/30,-0.068,0.1
2020/7/1,-0.041,0.11
2020/7/2,-0.039,0.11
2020/7/3,-0.034,0.11
2020/7/4,NA,0.11
2020/7/5,NA,0.11
2020/7/6,-0.034,0.1
2020/7/7,-0.027,0.1
2020/7/8,-0.023,0.1
2020/7/9,-0.021,0.1
2020/7/10,-0.017,0.1
2020/7/11,NA,0.1
2020/7/12,NA,0.1
2020/7/13,-0.019,0.1
2020/7/14,-0.017,0.11
2020/7/15,-0.014,0.13
2020/7/16,-0.05,0.12
2020/7/17,-0.037,0.12
2020/7/18,NA,0.12
2020/7/19,NA,0.12
2020/7/20,-0.035,0.12
2020/7/21,-0.03,0.11
2020/7/22,-0.028,0.1
2020/7/23,NA,0.1
2020/7/24,NA,0.1
2020/7/25,NA,0.1
2020/7/26,NA,0.1
2020/7/27,-0.028,0.1
2020/7/28,-0.026,0.1
2020/7/29,-0.023,0.09
2020/7/30,-0.02,0.1
2020/7/31,-0.021,0.1
2020/8/1,NA,0.1
2020/8/2,NA,0.1
2020/8/3,-0.02,0.1
2020/8/4,-0.021,0.09
2020/8/5,-0.022,0.09
2020/8/6,-0.022,0.09
2020/8/7,-0.02,0.09
2020/8/8,NA,0.09
2020/8/9,NA,0.09
2020/8/10,NA,0.09
2020/8/11,-0.02,0.1
2020/8/12,-0.019,0.09
2020/8/13,-0.016,0.09
2020/8/14,-0.024,0.09
2020/8/15,NA,0.09
2020/8/16,NA,0.09
2020/8/17,-0.052,0.1
2020/8/18,-0.045,0.09
2020/8/19,-0.04,0.09
2020/8/20,-0.039,0.07
2020/8/21,-0.037,0.07
2020/8/22,NA,0.07
2020/8/23,NA,0.07
2020/8/24,-0.041,0.08
2020/8/25,-0.048,0.08
2020/8/26,-0.051,0.07
2020/8/27,-0.054,0.07
2020/8/28,-0.054,0.07
2020/8/29,NA,0.07
2020/8/30,NA,0.07
2020/8/31,-0.057,0.09
2020/9/1,-0.052,0.09
2020/9/2,-0.051,0.09
2020/9/3,-0.058,0.1
2020/9/4,-0.057,0.09
2020/9/5,NA,0.09
2020/9/6,NA,0.09
2020/9/7,-0.064,0.09
2020/9/8,-0.066,0.09
2020/9/9,-0.07,0.09
2020/9/10,-0.073,0.09
2020/9/11,-0.074,0.09
2020/9/12,NA,0.09
2020/9/13,NA,0.09
2020/9/14,-0.072,0.09
2020/9/15,-0.052,0.1
2020/9/16,-0.056,0.1
2020/9/17,-0.051,0.1
2020/9/18,-0.046,0.09
2020/9/19,NA,0.09
2020/9/20,NA,0.09
2020/9/21,NA,0.08
2020/9/22,NA,0.07
2020/9/23,-0.046,0.06
2020/9/24,-0.038,0.07
2020/9/25,-0.03,0.08
2020/9/26,NA,0.08
2020/9/27,NA,0.08
2020/9/28,-0.032,0.08
2020/9/29,-0.031,0.07
2020/9/30,-0.061,0.08
2020/10/1,-0.031,0.08
2020/10/2,-0.022,0.1
2020/10/3,NA,0.1
2020/10/4,NA,0.1
2020/10/5,-0.019,0.09
2020/10/6,-0.014,0.1
2020/10/7,-0.01,0.09
2020/10/8,-0.008,0.08
2020/10/9,-0.008,0.09
2020/10/10,NA,0.09
2020/10/11,NA,0.09
2020/10/12,-0.016,0.09
2020/10/13,-0.02,0.09
2020/10/14,-0.02,0.09
2020/10/15,-0.014,0.1
2020/10/16,-0.033,0.09
2020/10/17,NA,0.09
2020/10/18,NA,0.09
2020/10/19,-0.031,0.09
2020/10/20,-0.022,0.08
2020/10/21,-0.019,0.07
2020/10/22,-0.017,0.07
2020/10/23,-0.012,0.08
2020/10/24,NA,0.08
2020/10/25,NA,0.08
2020/10/26,-0.016,0.09
2020/10/27,-0.019,0.09
2020/10/28,-0.024,0.08
2020/10/29,-0.026,0.09
2020/10/30,-0.029,0.09
2020/10/31,NA,0.09
2020/11/1,NA,0.09
2020/11/2,-0.03,0.11
2020/11/3,NA,0.1
2020/11/4,-0.032,0.1
2020/11/5,-0.031,0.11
2020/11/6,-0.029,0.1
2020/11/7,NA,0.1
2020/11/8,NA,0.1
2020/11/9,-0.03,0.1
2020/11/10,-0.034,0.1
2020/11/11,-0.034,0.1
2020/11/12,-0.034,0.09
2020/11/13,-0.03,0.09
2020/11/14,NA,0.09
2020/11/15,NA,0.09
2020/11/16,-0.038,0.1
2020/11/17,-0.033,0.09
2020/11/18,-0.035,0.07
2020/11/19,-0.034,0.06
2020/11/20,-0.033,0.05
2020/11/21,NA,0.05
2020/11/22,NA,0.05
2020/11/23,NA,0.05
2020/11/24,-0.031,0.07
2020/11/25,-0.03,0.08
2020/11/26,-0.03,0.08
2020/11/27,-0.03,0.08
2020/11/28,NA,0.08
2020/11/29,NA,0.08
2020/11/30,-0.032,0.09
2020/12/1,-0.03,0.08
2020/12/2,-0.029,0.08
2020/12/3,-0.03,0.08
2020/12/4,-0.03,0.09
2020/12/5,NA,0.09
2020/12/6,NA,0.09
2020/12/7,-0.028,0.08
2020/12/8,-0.028,0.07
2020/12/9,-0.032,0.08
2020/12/10,-0.032,0.08
2020/12/11,-0.03,0.08
2020/12/12,NA,0.08
2020/12/13,NA,0.08
2020/12/14,-0.028,0.08
2020/12/15,-0.023,0.09
2020/12/16,-0.033,0.09
2020/12/17,-0.027,0.09
2020/12/18,-0.022,0.09
2020/12/19,NA,0.09
2020/12/20,NA,0.09
2020/12/21,-0.022,0.09
2020/12/22,-0.02,0.07
2020/12/23,-0.019,0.06
2020/12/24,-0.021,0.08
2020/12/25,-0.016,0.08
2020/12/26,NA,0.08
2020/12/27,NA,0.08
2020/12/28,-0.019,0.09
2020/12/29,-0.019,0.1
2020/12/30,-0.033,0.09
2020/12/31,NA,0.07
2021/1/1,NA,0.07
2021/1/2,NA,0.07
2021/1/3,NA,0.07
2021/1/4,-0.018,0.1
2021/1/5,-0.019,0.11
2021/1/6,-0.018,0.1
2021/1/7,-0.018,0.1
2021/1/8,-0.016,0.09
2021/1/9,NA,0.09
2021/1/10,NA,0.09
2021/1/11,NA,0.09
2021/1/12,-0.016,0.08
2021/1/13,-0.012,0.08
2021/1/14,-0.008,0.08
2021/1/15,-0.015,0.08
2021/1/16,NA,0.08
2021/1/17,NA,0.08
2021/1/18,-0.024,0.08
2021/1/19,-0.021,0.07
2021/1/20,-0.019,0.06
2021/1/21,-0.018,0.04
2021/1/22,-0.016,0.05
2021/1/23,NA,0.05
2021/1/24,NA,0.05
2021/1/25,-0.017,0.06
2021/1/26,-0.016,0.03
2021/1/27,-0.017,0.03
2021/1/28,-0.016,0.04
2021/1/29,-0.012,0.06
2021/1/30,NA,0.06
2021/1/31,NA,0.06
2021/2/1,-0.016,0.07
2021/2/2,-0.013,0.07
2021/2/3,-0.013,0.07
2021/2/4,-0.011,0.05
2021/2/5,-0.01,0.02
2021/2/6,NA,0.02
2021/2/7,NA,0.02
2021/2/8,-0.011,0.02
2021/2/9,-0.01,0.05
2021/2/10,-0.008,0.06
2021/2/11,NA,0.06
2021/2/12,-0.011,0.05
2021/2/13,NA,0.05
2021/2/14,NA,0.05
2021/2/15,-0.008,0.05
2021/2/16,-0.021,0.06
2021/2/17,-0.022,0.06
2021/2/18,-0.022,0.03
2021/2/19,-0.019,0.02
2021/2/20,NA,0.02
2021/2/21,NA,0.02
2021/2/22,-0.02,0.03
2021/2/23,NA,0.01
2021/2/24,-0.02,0.02
2021/2/25,-0.022,0.03
2021/2/26,-0.022,0.01
2021/2/27,NA,0.01
2021/2/28,NA,0.01
2021/3/1,-0.024,0.02
2021/3/2,-0.022,0.04
2021/3/3,-0.02,0.04
2021/3/4,-0.016,0.02
2021/3/5,-0.014,0.02
2021/3/6,NA,0.02
2021/3/7,NA,0.02
2021/3/8,-0.014,0.02
2021/3/9,-0.013,0.02
2021/3/10,-0.013,0.02
2021/3/11,-0.012,0.01
2021/3/12,-0.013,0.01
2021/3/13,NA,0.01
2021/3/14,NA,0.01
2021/3/15,-0.016,0.01
2021/3/16,-0.019,0.01
2021/3/17,-0.018,0.01
2021/3/18,-0.014,0.01
2021/3/19,-0.01,0.01
2021/3/20,NA,0.01
2021/3/21,NA,0.01
2021/3/22,-0.014,0.01
2021/3/23,-0.014,0.01
2021/3/24,-0.015,0.01
2021/3/25,-0.015,0.01
2021/3/26,-0.014,0.01
2021/3/27,NA,0.01
2021/3/28,NA,0.01
2021/3/29,-0.014,0.01
2021/3/30,-0.014,0.01
2021/3/31,-0.044,0.01
2021/4/1,-0.014,0.01
2021/4/2,-0.012,0.01
2021/4/3,NA,0.01
2021/4/4,NA,0.01
2021/4/5,-0.01,0.01
2021/4/6,-0.01,0.01
2021/4/7,-0.01,0.01
2021/4/8,-0.01,0.01
2021/4/9,-0.01,0.01
2021/4/10,NA,0.01
2021/4/11,NA,0.01
2021/4/12,-0.012,0.01
2021/4/13,-0.013,0.01
2021/4/14,-0.013,0.01
2021/4/15,-0.01,0.01
2021/4/16,-0.014,0.01
2021/4/17,NA,0.01
2021/4/18,NA,0.01
2021/4/19,-0.013,0.01
2021/4/20,-0.013,0.01
2021/4/21,-0.013,0.01
2021/4/22,-0.013,0.01
2021/4/23,-0.012,0.01
2021/4/24,NA,0.01
2021/4/25,NA,0.01
2021/4/26,-0.012,0.01
2021/4/27,-0.013,0.01
2021/4/28,-0.014,0.01
2021/4/29,NA,0.01
2021/4/30,-0.017,0.01
2021/5/1,NA,0.01
2021/5/2,NA,0.01
2021/5/3,NA,0.01
2021/5/4,NA,0.01
2021/5/5,NA,0.01
2021/5/6,-0.016,0.01
2021/5/7,-0.016,0.01
2021/5/8,NA,0.01
2021/5/9,NA,0.01
2021/5/10,-0.016,0.01
2021/5/11,-0.015,0.01
2021/5/12,-0.016,0.01
2021/5/13,-0.014,0.01
2021/5/14,-0.011,0.01
2021/5/15,NA,0.01
2021/5/16,NA,0.01
2021/5/17,-0.015,0.01
2021/5/18,-0.016,0.01
2021/5/19,-0.016,0.01
2021/5/20,-0.015,0.01
2021/5/21,-0.014,0.01
2021/5/22,NA,0.01
2021/5/23,NA,0.01
2021/5/24,-0.015,0.01
2021/5/25,-0.016,0.01
2021/5/26,-0.018,0.01
2021/5/27,-0.021,0.01
2021/5/28,-0.025,0.01
2021/5/29,NA,0.01
2021/5/30,NA,0.01
2021/5/31,-0.034,0.01
2021/6/1,-0.038,0.01
2021/6/2,-0.043,0.01
2021/6/3,-0.037,0.01
2021/6/4,-0.034,0.01
2021/6/5,NA,0.01
2021/6/6,NA,0.01
2021/6/7,-0.032,0.01
2021/6/8,-0.029,0.01
2021/6/9,-0.026,0.01
2021/6/10,-0.022,0.01
2021/6/11,-0.016,0.01
2021/6/12,NA,0.01
2021/6/13,NA,0.01
2021/6/14,-0.015,0.01
2021/6/15,-0.013,0.01
2021/6/16,-0.034,0.01
2021/6/17,-0.028,0.05
2021/6/18,-0.027,0.05
2021/6/19,NA,0.05
2021/6/20,NA,0.05
2021/6/21,-0.026,0.05
2021/6/22,-0.029,0.05
2021/6/23,-0.028,0.05
2021/6/24,-0.028,0.05
2021/6/25,-0.029,0.05
2021/6/26,NA,0.05
2021/6/27,NA,0.05
2021/6/28,-0.03,0.05
2021/6/29,-0.029,0.05
2021/6/30,-0.05,0.05
2021/7/1,-0.03,0.05
2021/7/2,-0.027,0.05
2021/7/3,NA,0.05
2021/7/4,NA,0.05
2021/7/5,-0.031,0.05
2021/7/6,-0.032,0.05
2021/7/7,-0.032,0.05
2021/7/8,-0.033,0.05
2021/7/9,-0.034,0.05
2021/7/10,NA,0.05
2021/7/11,NA,0.05
2021/7/12,-0.035,0.05
2021/7/13,-0.038,0.05
2021/7/14,-0.043,0.05
2021/7/15,-0.037,0.05
2021/7/16,-0.035,0.05
2021/7/17,NA,0.05
2021/7/18,NA,0.05
2021/7/19,-0.035,0.05
2021/7/20,-0.035,0.05
2021/7/21,-0.038,0.05
2021/7/22,NA,0.05
2021/7/23,NA,0.05
2021/7/24,NA,0.05
2021/7/25,NA,0.05
2021/7/26,-0.038,0.05
2021/7/27,-0.039,0.05
2021/7/28,-0.041,0.05
2021/7/29,-0.043,0.05
2021/7/30,-0.044,0.05
2021/7/31,NA,0.05
2021/8/1,NA,0.05
2021/8/2,-0.043,0.05
2021/8/3,-0.041,0.05
2021/8/4,-0.039,0.05
2021/8/5,-0.03,0.05
2021/8/6,-0.028,0.05
2021/8/7,NA,0.05
2021/8/8,NA,0.05
2021/8/9,NA,0.05
2021/8/10,-0.028,0.05
2021/8/11,-0.026,0.05
2021/8/12,-0.02,0.05
2021/8/13,-0.017,0.05
2021/8/14,NA,0.05
2021/8/15,NA,0.05
2021/8/16,-0.036,0.05
2021/8/17,-0.037,0.05
2021/8/18,-0.037,0.05
2021/8/19,-0.038,0.05
2021/8/20,-0.038,0.05
2021/8/21,NA,0.05
2021/8/22,NA,0.05
2021/8/23,-0.032,0.05
2021/8/24,-0.037,0.05
2021/8/25,-0.037,0.05
2021/8/26,-0.037,0.05
2021/8/27,-0.037,0.05
2021/8/28,NA,0.05
2021/8/29,NA,0.05
2021/8/30,-0.036,0.05
2021/8/31,-0.036,0.05
2021/9/1,-0.032,0.05
2021/9/2,-0.026,0.05
2021/9/3,-0.02,0.05
2021/9/4,NA,0.05
2021/9/5,NA,0.05
2021/9/6,-0.018,0.05
2021/9/7,-0.014,0.05
2021/9/8,-0.009,0.05
2021/9/9,-0.006,0.05
2021/9/10,-0.01,0.05
2021/9/11,NA,0.05
2021/9/12,NA,0.05
2021/9/13,-0.016,0.05
2021/9/14,-0.024,0.05
2021/9/15,-0.033,0.05
2021/9/16,-0.026,0.05
2021/9/17,-0.022,0.05
2021/9/18,NA,0.05
2021/9/19,NA,0.05
2021/9/20,NA,0.05
2021/9/21,-0.022,0.05
2021/9/22,-0.021,0.05
2021/9/23,NA,0.05
2021/9/24,-0.022,0.05
2021/9/25,NA,0.05
2021/9/26,NA,0.05
2021/9/27,-0.024,0.05
2021/9/28,-0.025,0.05
2021/9/29,-0.025,0.05
2021/9/30,-0.049,0.05
2021/10/1,-0.018,0.05
2021/10/2,NA,0.05
2021/10/3,NA,0.05
2021/10/4,-0.017,0.05
2021/10/5,-0.015,0.05
2021/10/6,-0.012,0.05
2021/10/7,-0.009,0.05
2021/10/8,-0.008,0.05
2021/10/9,NA,0.05
2021/10/10,NA,0.05
2021/10/11,-0.021,0.05
2021/10/12,-0.032,0.05
2021/10/13,-0.04,0.05
2021/10/14,-0.052,0.05
2021/10/15,-0.046,0.05
2021/10/16,NA,0.05
2021/10/17,NA,0.05
2021/10/18,-0.039,0.05
2021/10/19,-0.038,0.03
2021/10/20,-0.036,0.03
2021/10/21,-0.031,0.03
2021/10/22,-0.028,0.05
2021/10/23,NA,0.05
2021/10/24,NA,0.05
2021/10/25,-0.027,0.04
2021/10/26,-0.026,0.05
2021/10/27,-0.027,0.05
2021/10/28,-0.027,0.05
2021/10/29,-0.027,0.05
2021/10/30,NA,0.05
2021/10/31,NA,0.05
2021/11/1,-0.029,0.05
2021/11/2,-0.031,0.05
2021/11/3,NA,0.05
2021/11/4,-0.033,0.05
2021/11/5,-0.036,0.05
2021/11/6,NA,0.05
2021/11/7,NA,0.05
2021/11/8,-0.045,0.05
2021/11/9,-0.051,0.05
2021/11/10,-0.049,0.05
2021/11/11,-0.047,0.05
2021/11/12,-0.038,0.05
2021/11/13,NA,0.05
2021/11/14,NA,0.05
2021/11/15,-0.03,0.05
2021/11/16,-0.037,0.05
2021/11/17,-0.037,0.05
2021/11/18,-0.038,0.05
2021/11/19,-0.037,0.05
2021/11/20,NA,0.05
2021/11/21,NA,0.05
2021/11/22,-0.038,0.05
2021/11/23,NA,0.05
2021/11/24,-0.041,0.05
2021/11/25,-0.042,0.05
2021/11/26,-0.043,0.05
2021/11/27,NA,0.05
2021/11/28,NA,0.05
2021/11/29,-0.047,0.05
2021/11/30,-0.048,0.05
2021/12/1,-0.05,0.05
2021/12/2,-0.05,0.05
2021/12/3,-0.043,0.05
2021/12/4,NA,0.05
2021/12/5,NA,0.05
2021/12/6,-0.035,0.05
2021/12/7,-0.028,0.05
2021/12/8,-0.022,0.05
2021/12/9,-0.015,0.05
2021/12/10,-0.008,0.05
2021/12/11,NA,0.05
2021/12/12,NA,0.05
2021/12/13,-0.009,0.05
2021/12/14,-0.014,0.05
2021/12/15,-0.022,0.05
2021/12/16,-0.033,0.05
2021/12/17,-0.028,0.05
2021/12/18,NA,0.05
2021/12/19,NA,0.05
2021/12/20,-0.028,0.04
2021/12/21,-0.028,0.05
2021/12/22,-0.028,0.05
2021/12/23,-0.027,0.05
2021/12/24,-0.023,0.05
2021/12/25,NA,0.05
2021/12/26,NA,0.05
2021/12/27,-0.021,0.05
2021/12/28,-0.018,0.05
2021/12/29,-0.016,0.05
2021/12/30,-0.018,0.05
2021/12/31,NA,0.05
2022/1/1,NA,0.05
2022/1/2,NA,0.05
2022/1/3,NA,0.05
2022/1/4,-0.016,0.05
2022/1/5,-0.012,0.05
2022/1/6,-0.009,0.05
2022/1/7,-0.008,0.05
2022/1/8,NA,0.05
2022/1/9,NA,0.05
2022/1/10,NA,0.05
2022/1/11,-0.014,0.05
2022/1/12,-0.021,0.05
2022/1/13,-0.021,0.05
2022/1/14,-0.02,0.05
2022/1/15,NA,0.05
2022/1/16,NA,0.05
2022/1/17,-0.029,0.05
2022/1/18,-0.028,0.05
2022/1/19,-0.026,0.05
2022/1/20,-0.025,0.04
2022/1/21,-0.02,0.05
2022/1/22,NA,0.05
2022/1/23,NA,0.05
2022/1/24,-0.021,0.04
2022/1/25,-0.021,0.05
2022/1/26,-0.021,0.04
2022/1/27,-0.021,0.04
2022/1/28,-0.021,0.05
2022/1/29,NA,0.05
2022/1/30,NA,0.05
2022/1/31,-0.021,0.05
2022/2/1,-0.02,0.05
2022/2/2,-0.02,0.05
2022/2/3,-0.019,0.05
2022/2/4,-0.018,0.05
2022/2/5,NA,0.05
2022/2/6,NA,0.05
2022/2/7,-0.02,0.05
2022/2/8,-0.02,0.05
2022/2/9,-0.02,0.04
2022/2/10,-0.022,0.05
2022/2/11,NA,0.05
2022/2/12,NA,0.05
2022/2/13,NA,0.05
2022/2/14,-0.019,0.05
2022/2/15,-0.01,0.05
2022/2/16,-0.024,0.05
2022/2/17,-0.022,0.05
2022/2/18,-0.018,0.05
2022/2/19,NA,0.05
2022/2/20,NA,0.05
2022/2/21,-0.019,0.05
2022/2/22,-0.017,0.05
2022/2/23,NA,0.05
2022/2/24,-0.017,0.05
2022/2/25,-0.013,0.05
2022/2/26,NA,0.05
2022/2/27,NA,0.05
2022/2/28,-0.012,0.05
2022/3/1,-0.011,0.05
2022/3/2,-0.01,0.05
2022/3/3,-0.009,0.05
2022/3/4,-0.009,0.05
2022/3/5,NA,0.05
2022/3/6,NA,0.05
2022/3/7,-0.007,0.05
2022/3/8,-0.007,0.05
2022/3/9,-0.007,0.05
2022/3/10,-0.008,0.05
2022/3/11,-0.01,0.05
2022/3/12,NA,0.05
2022/3/13,NA,0.05
2022/3/14,-0.011,0.05
2022/3/15,-0.008,0.05
2022/3/16,-0.013,0.05
2022/3/17,-0.009,0.3
2022/3/18,-0.006,0.3
2022/3/19,NA,0.3
2022/3/20,NA,0.3
2022/3/21,NA,0.29
2022/3/22,-0.005,0.28
2022/3/23,-0.006,0.27
2022/3/24,-0.005,0.27
2022/3/25,-0.004,0.28
2022/3/26,NA,0.28
2022/3/27,NA,0.28
2022/3/28,-0.004,0.28
2022/3/29,-0.004,0.28
2022/3/30,-0.004,0.27
2022/3/31,-0.02,0.29
2022/4/1,-0.004,0.3
2022/4/2,NA,0.3
2022/4/3,NA,0.3
2022/4/4,-0.004,0.3
2022/4/5,-0.005,0.3
2022/4/6,-0.005,0.3
2022/4/7,-0.006,0.3
2022/4/8,-0.006,0.3
2022/4/9,NA,0.3
2022/4/10,NA,0.3
2022/4/11,-0.008,0.3
2022/4/12,-0.008,0.29
2022/4/13,-0.01,0.29
2022/4/14,-0.013,0.29
2022/4/15,-0.016,0.29
2022/4/16,NA,0.29
2022/4/17,NA,0.29
2022/4/18,-0.019,0.29
2022/4/19,-0.017,0.28
2022/4/20,-0.016,0.27
2022/4/21,-0.016,0.26
2022/4/22,-0.015,0.27
2022/4/23,NA,0.27
2022/4/24,NA,0.27
2022/4/25,-0.016,0.27
2022/4/26,-0.017,0.27
2022/4/27,-0.018,0.28
2022/4/28,-0.021,0.28
2022/4/29,NA,0.28
2022/4/30,NA,0.28
2022/5/1,NA,0.28
2022/5/2,-0.02,0.3
2022/5/3,NA,0.3
2022/5/4,NA,0.3
2022/5/5,NA,0.79
2022/5/6,-0.019,0.78
2022/5/7,NA,0.78
2022/5/8,NA,0.78
2022/5/9,-0.017,0.78
2022/5/10,-0.013,0.78
2022/5/11,-0.009,0.78
2022/5/12,-0.007,0.79
2022/5/13,-0.005,0.79
2022/5/14,NA,0.79
2022/5/15,NA,0.79
2022/5/16,-0.019,0.8
2022/5/17,-0.018,0.8
2022/5/18,-0.019,0.79
2022/5/19,-0.019,0.79
2022/5/20,-0.02,0.78
2022/5/21,NA,0.78
2022/5/22,NA,0.78
2022/5/23,-0.021,0.78
2022/5/24,-0.02,0.78
2022/5/25,-0.02,0.78
2022/5/26,-0.019,0.78
2022/5/27,-0.021,0.78
2022/5/28,NA,0.78
2022/5/29,NA,0.78
2022/5/30,-0.022,0.78
2022/5/31,-0.026,0.79
2022/6/1,-0.029,0.8
2022/6/2,-0.034,0.79
2022/6/3,-0.039,0.78
2022/6/4,NA,0.78
2022/6/5,NA,0.78
2022/6/6,-0.043,0.78
2022/6/7,-0.045,0.77
2022/6/8,-0.041,0.76
2022/6/9,-0.029,0.75
2022/6/10,-0.025,0.75
2022/6/11,NA,0.75
2022/6/12,NA,0.75
2022/6/13,-0.033,0.73
2022/6/14,-0.034,0.69
2022/6/15,-0.023,0.7
2022/6/16,-0.042,1.45
2022/6/17,-0.04,1.45
2022/6/18,NA,1.45
2022/6/19,NA,1.45
2022/6/20,-0.044,1.45
2022/6/21,-0.046,1.45
2022/6/22,-0.047,1.45
2022/6/23,-0.047,1.44
2022/6/24,-0.04,1.46
2022/6/25,NA,1.46
2022/6/26,NA,1.46
2022/6/27,-0.04,1.5
2022/6/28,-0.039,1.52
2022/6/29,-0.033,1.51
2022/6/30,-0.04,1.5
2022/7/1,-0.026,1.52
2022/7/2,NA,1.52
2022/7/3,NA,1.52
2022/7/4,-0.022,1.52
2022/7/5,-0.016,1.54
2022/7/6,-0.012,1.54
2022/7/7,-0.01,1.54
2022/7/8,-0.008,1.53
2022/7/9,NA,1.53
2022/7/10,NA,1.53
2022/7/11,-0.01,1.53
2022/7/12,-0.008,1.54
2022/7/13,-0.007,1.53
2022/7/14,-0.007,1.53
2022/7/15,-0.014,1.54
2022/7/16,NA,1.54
2022/7/17,NA,1.54
2022/7/18,NA,1.54
2022/7/19,-0.019,1.54
2022/7/20,-0.014,1.53
2022/7/21,-0.012,1.53
2022/7/22,-0.009,1.52
2022/7/23,NA,1.52
2022/7/24,NA,1.52
2022/7/25,-0.01,1.53
2022/7/26,-0.01,1.53
2022/7/27,-0.01,1.53
2022/7/28,-0.01,2.28
2022/7/29,-0.01,2.27
2022/7/30,NA,2.27
2022/7/31,NA,2.27
2022/8/1,-0.01,2.28
2022/8/2,-0.009,2.3
2022/8/3,-0.009,2.29
2022/8/4,-0.009,2.29
2022/8/5,-0.009,2.28
2022/8/6,NA,2.28
2022/8/7,NA,2.28
2022/8/8,-0.009,2.28
2022/8/9,-0.009,2.29
2022/8/10,-0.008,2.28
2022/8/11,NA,2.28
2022/8/12,-0.008,2.28
2022/8/13,NA,2.28
2022/8/14,NA,2.28
2022/8/15,-0.007,2.29
2022/8/16,-0.018,2.29
2022/8/17,-0.014,2.29
2022/8/18,-0.01,2.28
2022/8/19,-0.009,2.28
2022/8/20,NA,2.28
2022/8/21,NA,2.28
2022/8/22,-0.014,2.28
2022/8/23,-0.022,2.27
2022/8/24,-0.031,2.27
2022/8/25,-0.038,2.28
2022/8/26,-0.039,2.28
2022/8/27,NA,2.28
2022/8/28,NA,2.28
2022/8/29,-0.039,2.28
2022/8/30,-0.039,2.29
2022/8/31,-0.041,2.29
2022/9/1,-0.044,2.29
2022/9/2,-0.048,2.29
2022/9/3,NA,2.29
2022/9/4,NA,2.29
2022/9/5,-0.047,2.29
2022/9/6,-0.043,2.29
2022/9/7,-0.041,2.28
2022/9/8,-0.037,2.28
2022/9/9,-0.03,2.28
2022/9/10,NA,2.28
2022/9/11,NA,2.28
2022/9/12,-0.032,2.28
2022/9/13,-0.033,2.28
2022/9/14,-0.033,2.27
2022/9/15,-0.032,2.28
2022/9/16,-0.053,2.27
2022/9/17,NA,2.27
2022/9/18,NA,2.27
2022/9/19,NA,2.27
2022/9/20,-0.052,2.26
2022/9/21,-0.052,2.25
2022/9/22,-0.055,2.99
2022/9/23,NA,2.99
2022/9/24,NA,2.99
2022/9/25,NA,2.99
2022/9/26,-0.063,2.99
2022/9/27,-0.069,2.98
2022/9/28,-0.068,2.98
2022/9/29,-0.066,2.96
2022/9/30,-0.073,2.98
2022/10/1,NA,2.98
2022/10/2,NA,2.98
2022/10/3,-0.065,3
2022/10/4,-0.059,3.04
2022/10/5,-0.052,3.04
2022/10/6,-0.039,3.05
2022/10/7,-0.021,3.05
2022/10/8,NA,3.05
2022/10/9,NA,3.05
2022/10/10,NA,3.05
2022/10/11,-0.022,3.05
2022/10/12,-0.026,3.04
2022/10/13,-0.033,3.04
2022/10/14,-0.042,3.04
2022/10/15,NA,3.04
2022/10/16,NA,3.04
2022/10/17,-0.065,3.05
2022/10/18,-0.063,3.04
2022/10/19,-0.056,3.04
2022/10/20,-0.052,3.03
2022/10/21,-0.049,3.02
2022/10/22,NA,3.02
2022/10/23,NA,3.02
2022/10/24,-0.057,3.01
2022/10/25,-0.059,3.02
2022/10/26,-0.06,3.03
2022/10/27,-0.056,3.04
2022/10/28,-0.052,3.05
2022/10/29,NA,3.05
2022/10/30,NA,3.05
2022/10/31,-0.062,3.05
2022/11/1,-0.057,3.05
2022/11/2,-0.055,3.05
2022/11/3,NA,3.8
2022/11/4,-0.054,3.8
2022/11/5,NA,3.8
2022/11/6,NA,3.8
2022/11/7,-0.054,3.78
2022/11/8,-0.059,3.78
2022/11/9,-0.063,3.78
2022/11/10,-0.066,3.78
2022/11/11,-0.068,3.78
2022/11/12,NA,3.78
2022/11/13,NA,3.78
2022/11/14,-0.067,3.79
2022/11/15,-0.067,3.8
2022/11/16,-0.07,3.81
2022/11/17,-0.071,3.8
2022/11/18,-0.071,3.8
2022/11/19,NA,3.8
2022/11/20,NA,3.8
2022/11/21,-0.072,3.8
2022/11/22,-0.073,3.8
2022/11/23,NA,3.79
2022/11/24,-0.073,3.79
2022/11/25,-0.075,3.8
2022/11/26,NA,3.8
2022/11/27,NA,3.8
2022/11/28,-0.077,3.8
2022/11/29,-0.078,3.81
2022/11/30,-0.079,3.82
2022/12/1,-0.079,3.82
2022/12/2,-0.078,3.81
2022/12/3,NA,3.81
2022/12/4,NA,3.81
2022/12/5,-0.078,3.81
2022/12/6,-0.078,3.8
2022/12/7,-0.077,3.8
2022/12/8,-0.077,3.8
2022/12/9,-0.077,3.8
2022/12/10,NA,3.8
2022/12/11,NA,3.8
2022/12/12,-0.077,3.8
2022/12/13,-0.075,3.8
2022/12/14,-0.068,3.8
2022/12/15,-0.064,4.32
2022/12/16,-0.072,4.32
2022/12/17,NA,4.32
2022/12/18,NA,4.32
2022/12/19,-0.071,4.3
2022/12/20,-0.068,4.3
2022/12/21,-0.067,4.3
2022/12/22,-0.065,4.3
2022/12/23,-0.062,4.3
2022/12/24,NA,4.3
2022/12/25,NA,4.3
2022/12/26,-0.062,4.3
2022/12/27,-0.053,4.3
2022/12/28,-0.047,4.3
2022/12/29,-0.033,4.3
2022/12/30,-0.022,4.3
2022/12/31,NA,4.3
2023/1/1,NA,4.3
2023/1/2,NA,4.3
2023/1/3,NA,4.31
2023/1/4,-0.038,4.3
2023/1/5,-0.039,4.31
2023/1/6,-0.015,4.31
2023/1/7,NA,4.31
2023/1/8,NA,4.31
2023/1/9,NA,4.31
2023/1/10,-0.027,4.31
2023/1/11,-0.03,4.3
2023/1/12,-0.022,4.3
2023/1/13,-0.035,4.3
2023/1/14,NA,4.3
2023/1/15,NA,4.3
2023/1/16,-0.026,4.3
2023/1/17,-0.014,4.31
2023/1/18,-0.011,4.3
2023/1/19,-0.01,4.31
2023/1/20,-0.01,4.3
2023/1/21,NA,4.3
2023/1/22,NA,4.3
2023/1/23,-0.012,4.3
2023/1/24,-0.015,4.3
2023/1/25,-0.014,4.31
2023/1/26,-0.014,4.3
2023/1/27,-0.014,4.3
2023/1/28,NA,4.3
2023/1/29,NA,4.3
2023/1/30,-0.014,4.3
2023/1/31,-0.014,4.31
2023/2/1,-0.013,4.31
2023/2/2,-0.013,4.56
2023/2/3,-0.012,4.55
2023/2/4,NA,4.55
2023/2/5,NA,4.55
2023/2/6,-0.021,4.55
2023/2/7,-0.029,4.55
2023/2/8,-0.035,4.55
2023/2/9,-0.036,4.55
2023/2/10,-0.034,4.55
2023/2/11,NA,4.55
2023/2/12,NA,4.55
2023/2/13,-0.035,4.55
2023/2/14,-0.032,4.55
2023/2/15,-0.026,4.55
2023/2/16,-0.01,4.55
2023/2/17,-0.007,4.55
2023/2/18,NA,4.55
2023/2/19,NA,4.55
2023/2/20,-0.009,4.55
2023/2/21,-0.009,4.55
2023/2/22,-0.008,4.55
2023/2/23,NA,4.55
2023/2/24,-0.009,4.55
2023/2/25,NA,4.55
2023/2/26,NA,4.55
2023/2/27,-0.01,4.55
2023/2/28,-0.011,4.55
2023/3/1,-0.011,4.55
2023/3/2,-0.011,4.55
2023/3/3,-0.01,4.55
2023/3/4,NA,4.55
2023/3/5,NA,4.55
2023/3/6,-0.011,4.55
2023/3/7,-0.011,4.55
2023/3/8,-0.012,4.55
2023/3/9,-0.017,4.55
2023/3/10,-0.029,4.55
2023/3/11,NA,4.55
2023/3/12,NA,4.55
2023/3/13,-0.033,4.55
2023/3/14,-0.033,4.55
2023/3/15,-0.023,4.58
2023/3/16,-0.021,4.57
2023/3/17,-0.016,4.55
2023/3/18,NA,4.55
2023/3/19,NA,4.55
2023/3/20,-0.015,4.55
2023/3/21,NA,4.55
2023/3/22,-0.014,4.55
2023/3/23,-0.013,4.8
2023/3/24,-0.009,4.8
2023/3/25,NA,4.8
2023/3/26,NA,4.8
2023/3/27,-0.014,4.81
2023/3/28,-0.015,4.84
2023/3/29,-0.015,4.83
2023/3/30,-0.014,4.82
2023/3/31,-0.03,4.87
2023/4/1,NA,4.87
2023/4/2,NA,4.87
2023/4/3,-0.009,4.84
2023/4/4,-0.008,4.83
2023/4/5,-0.007,4.81
2023/4/6,-0.006,4.81
2023/4/7,-0.005,4.81
2023/4/8,NA,4.81
2023/4/9,NA,4.81
2023/4/10,-0.006,4.81
2023/4/11,-0.007,4.8
2023/4/12,-0.006,4.8
2023/4/13,-0.006,4.8
2023/4/14,-0.007,4.8
2023/4/15,NA,4.8
2023/4/16,NA,4.8
2023/4/17,-0.01,4.8
2023/4/18,-0.009,4.8
2023/4/19,-0.01,4.8
2023/4/20,-0.009,4.8
2023/4/21,-0.01,4.8
2023/4/22,NA,4.8
2023/4/23,NA,4.8
2023/4/24,-0.013,4.8
2023/4/25,-0.019,4.8
2023/4/26,-0.031,4.8
2023/4/27,-0.049,4.81
2023/4/28,-0.073,4.81
2023/4/29,NA,4.81
2023/4/30,NA,4.81
2023/5/1,-0.073,4.81
2023/5/2,-0.074,4.81
2023/5/3,NA,4.81
2023/5/4,NA,5.06
2023/5/5,NA,5.06
2023/5/6,NA,5.06
2023/5/7,NA,5.06
2023/5/8,-0.073,5.06
2023/5/9,-0.07,5.06
2023/5/10,-0.061,5.06
2023/5/11,-0.046,5.05
2023/5/12,-0.03,5.05
2023/5/13,NA,5.05
2023/5/14,NA,5.05
2023/5/15,-0.023,5.06
2023/5/16,-0.034,5.05
2023/5/17,-0.033,5.05
2023/5/18,-0.034,5.05
2023/5/19,-0.031,5.05
2023/5/20,NA,5.05
2023/5/21,NA,5.05
2023/5/22,-0.034,5.05
2023/5/23,-0.037,5.05
2023/5/24,-0.047,5.05
2023/5/25,-0.059,5.06
2023/5/26,-0.063,5.06
2023/5/27,NA,5.06
2023/5/28,NA,5.06
2023/5/29,-0.062,5.06
2023/5/30,-0.064,5.06
2023/5/31,-0.071,5.08
2023/6/1,-0.07,5.08
2023/6/2,-0.072,5.07
2023/6/3,NA,5.07
2023/6/4,NA,5.07
2023/6/5,-0.068,5.06
2023/6/6,-0.058,5.05
2023/6/7,-0.047,5.05
2023/6/8,-0.039,5.05
2023/6/9,-0.028,5.05
2023/6/10,NA,5.05
2023/6/11,NA,5.05
2023/6/12,-0.058,5.05
2023/6/13,-0.079,5.05
2023/6/14,-0.078,5.05
2023/6/15,-0.07,5.06
2023/6/16,-0.061,5.05
2023/6/17,NA,5.05
2023/6/18,NA,5.05
2023/6/19,-0.064,5.05
2023/6/20,-0.069,5.05
2023/6/21,-0.072,5.05
2023/6/22,-0.073,5.05
2023/6/23,-0.074,5.05
2023/6/24,NA,5.05
2023/6/25,NA,5.05
2023/6/26,-0.075,5.05
2023/6/27,-0.074,5.05
2023/6/28,-0.076,5.06
2023/6/29,-0.075,5.06
2023/6/30,-0.077,5.09
2023/7/1,NA,5.09
2023/7/2,NA,5.09
2023/7/3,-0.071,5.06
2023/7/4,-0.06,5.06
2023/7/5,-0.032,5.06
2023/7/6,-0.016,5.06
2023/7/7,-0.012,5.06
2023/7/8,NA,5.06
2023/7/9,NA,5.06
2023/7/10,-0.021,5.06
2023/7/11,-0.026,5.06
2023/7/12,-0.019,5.05
2023/7/13,-0.009,5.06
2023/7/14,-0.021,5.05
2023/7/15,NA,5.05
2023/7/16,NA,5.05
2023/7/17,NA,5.06
2023/7/18,-0.048,5.06
2023/7/19,-0.052,5.05
2023/7/20,-0.061,5.06
2023/7/21,-0.07,5.05
2023/7/22,NA,5.05
2023/7/23,NA,5.05
2023/7/24,-0.073,5.05
2023/7/25,-0.074,5.06
2023/7/26,-0.073,5.06
2023/7/27,-0.071,5.31
2023/7/28,-0.059,5.3
2023/7/29,NA,5.3
2023/7/30,NA,5.3
2023/7/31,-0.061,5.31
2023/8/1,-0.063,5.31
2023/8/2,-0.07,5.3
2023/8/3,-0.07,5.3
2023/8/4,-0.072,5.3
2023/8/5,NA,5.3
2023/8/6,NA,5.3
2023/8/7,-0.075,5.3
2023/8/8,-0.073,5.3
2023/8/9,-0.074,5.3
2023/8/10,-0.072,5.3
2023/8/11,NA,5.3
2023/8/12,NA,5.3
2023/8/13,NA,5.3
2023/8/14,-0.068,5.3
2023/8/15,-0.029,5.3
2023/8/16,-0.06,5.3
2023/8/17,-0.064,5.3
2023/8/18,-0.064,5.3
2023/8/19,NA,5.3
2023/8/20,NA,5.3
2023/8/21,-0.065,5.3
2023/8/22,-0.064,5.3
2023/8/23,-0.064,5.3
2023/8/24,-0.063,5.3
2023/8/25,-0.061,5.3
2023/8/26,NA,5.3
2023/8/27,NA,5.3
2023/8/28,-0.06,5.3
2023/8/29,-0.055,5.3
2023/8/30,-0.052,5.3
2023/8/31,-0.056,5.31
2023/9/1,-0.06,5.31
2023/9/2,NA,5.31
2023/9/3,NA,5.31
2023/9/4,-0.069,5.31
2023/9/5,-0.072,5.31
2023/9/6,-0.076,5.3
2023/9/7,-0.072,5.31
2023/9/8,-0.066,5.3
2023/9/9,NA,5.3
2023/9/10,NA,5.3
2023/9/11,-0.06,5.3
2023/9/12,-0.048,5.3
2023/9/13,-0.016,5.3
2023/9/14,-0.012,5.3
2023/9/15,-0.043,5.31
2023/9/16,NA,5.31
2023/9/17,NA,5.31
2023/9/18,NA,5.31
2023/9/19,-0.059,5.31
2023/9/20,-0.056,5.3
2023/9/21,-0.049,5.3
2023/9/22,-0.039,5.3
2023/9/23,NA,5.3
2023/9/24,NA,5.3
2023/9/25,-0.042,5.31
2023/9/26,-0.051,5.31
2023/9/27,-0.064,5.32
2023/9/28,-0.063,5.31
2023/9/29,-0.062,5.31
2023/9/30,NA,5.31
2023/10/1,NA,5.31
2023/10/2,-0.044,5.32
2023/10/3,-0.031,5.33
2023/10/4,-0.021,5.32
2023/10/5,-0.015,5.32
2023/10/6,-0.016,5.31
2023/10/7,NA,5.31
2023/10/8,NA,5.31
2023/10/9,NA,5.31
2023/10/10,-0.03,5.31
2023/10/11,-0.033,5.31
2023/10/12,-0.029,5.31
2023/10/13,-0.019,5.31
2023/10/14,NA,5.31
2023/10/15,NA,5.31
2023/10/16,-0.028,5.31
2023/10/17,-0.015,5.31
2023/10/18,-0.011,5.3
2023/10/19,-0.01,5.3
2023/10/20,-0.01,5.3
2023/10/21,NA,5.3
2023/10/22,NA,5.3
2023/10/23,-0.012,5.3
2023/10/24,-0.014,5.3
2023/10/25,-0.018,5.3
2023/10/26,-0.019,5.31
2023/10/27,-0.013,5.31
2023/10/28,NA,5.31
2023/10/29,NA,5.31
2023/10/30,-0.016,5.31
2023/10/31,-0.02,5.35
2023/11/1,-0.016,5.32
2023/11/2,-0.011,5.33
2023/11/3,NA,5.32
2023/11/4,NA,5.32
2023/11/5,NA,5.32
2023/11/6,-0.011,5.32
2023/11/7,-0.01,5.32
2023/11/8,-0.01,5.32
2023/11/9,-0.011,5.32
2023/11/10,-0.014,5.32
2023/11/11,NA,5.32
2023/11/12,NA,5.32
2023/11/13,-0.014,5.32
2023/11/14,-0.012,5.32
2023/11/15,-0.011,5.32
2023/11/16,-0.027,5.32
2023/11/17,-0.015,5.32
2023/11/18,NA,5.32
2023/11/19,NA,5.32
2023/11/20,-0.013,5.31
2023/11/21,-0.012,5.31
2023/11/22,-0.012,5.31
2023/11/23,NA,5.31
2023/11/24,-0.012,5.32
2023/11/25,NA,5.32
2023/11/26,NA,5.32
2023/11/27,-0.017,5.32
2023/11/28,-0.021,5.32
2023/11/29,-0.022,5.31
2023/11/30,-0.022,5.33
2023/12/1,-0.015,5.39
2023/12/2,NA,5.39
2023/12/3,NA,5.39
2023/12/4,-0.013,5.37
2023/12/5,-0.011,5.33
2023/12/6,-0.01,5.32
2023/12/7,-0.01,5.32
2023/12/8,-0.01,5.32
2023/12/9,NA,5.32
2023/12/10,NA,5.32
2023/12/11,-0.011,5.32
2023/12/12,-0.01,5.31
2023/12/13,-0.009,5.31
2023/12/14,-0.008,5.31
2023/12/15,-0.009,5.32
2023/12/16,NA,5.32
2023/12/17,NA,5.32
2023/12/18,-0.013,5.32
2023/12/19,-0.01,5.31
2023/12/20,-0.01,5.31
2023/12/21,-0.011,5.31
2023/12/22,-0.01,5.32
2023/12/23,NA,5.32
2023/12/24,NA,5.32
2023/12/25,-0.011,5.32
2023/12/26,-0.011,5.35
2023/12/27,-0.013,5.39
2023/12/28,-0.016,5.4
2023/12/29,-0.039,5.38
2023/12/30,NA,5.38
2023/12/31,NA,5.38
2024/1/1,NA,5.38
2024/1/2,NA,5.4
2024/1/3,NA,5.39
2024/1/4,-0.021,5.32
2024/1/5,-0.018,5.31
2024/1/6,NA,5.31
2024/1/7,NA,5.31
2024/1/8,NA,5.31
2024/1/9,-0.017,5.31
2024/1/10,-0.016,5.31
2024/1/11,-0.014,5.31
2024/1/12,-0.01,5.31
2024/1/13,NA,5.31
2024/1/14,NA,5.31
2024/1/15,-0.009,5.31
2024/1/16,-0.017,5.32
2024/1/17,-0.014,5.32
2024/1/18,-0.014,5.31
2024/1/19,-0.011,5.31
2024/1/20,NA,5.31
2024/1/21,NA,5.31
2024/1/22,-0.014,5.31
2024/1/23,-0.014,5.31
2024/1/24,-0.013,5.31
2024/1/25,-0.012,5.32
2024/1/26,-0.01,5.32
2024/1/27,NA,5.32
2024/1/28,NA,5.32
2024/1/29,-0.011,5.31
2024/1/30,-0.011,5.31
2024/1/31,-0.011,5.32
2024/2/1,-0.01,5.32
2024/2/2,-0.008,5.32
2024/2/3,NA,5.32
2024/2/4,NA,5.32
2024/2/5,-0.008,5.31
2024/2/6,-0.007,5.31
2024/2/7,-0.006,5.31
2024/2/8,-0.005,5.31
2024/2/9,-0.005,5.31
2024/2/10,NA,5.31
2024/2/11,NA,5.31
2024/2/12,NA,5.31
2024/2/13,-0.005,5.31
2024/2/14,-0.005,5.3
2024/2/15,-0.005,5.31
2024/2/16,-0.006,5.3
2024/2/17,NA,5.3
2024/2/18,NA,5.3
2024/2/19,-0.006,5.3
2024/2/20,-0.006,5.3
2024/2/21,-0.006,5.3
2024/2/22,-0.005,5.3
2024/2/23,NA,5.31
2024/2/24,NA,5.31
2024/2/25,NA,5.31
2024/2/26,-0.006,5.31
2024/2/27,-0.006,5.31
2024/2/28,-0.006,5.31
2024/2/29,-0.005,5.32
2024/3/1,-0.005,5.31
2024/3/2,NA,5.31
2024/3/3,NA,5.31
2024/3/4,-0.006,5.31
2024/3/5,-0.007,5.31
2024/3/6,-0.009,5.31
2024/3/7,-0.011,5.31
2024/3/8,-0.01,5.31
2024/3/9,NA,5.31
2024/3/10,NA,5.31
2024/3/11,-0.01,5.31
2024/3/12,-0.011,5.31
2024/3/13,-0.011,5.31
2024/3/14,-0.009,5.31
2024/3/15,-0.005,5.31
2024/3/16,NA,5.31
2024/3/17,NA,5.31
2024/3/18,-0.003,5.31
2024/3/19,-0.001,5.31
2024/3/20,NA,5.31
2024/3/21,0.074,5.31
2024/3/22,0.077,5.31
2024/3/23,NA,5.31
2024/3/24,NA,5.31
2024/3/25,0.077,5.31
2024/3/26,0.077,5.32
2024/3/27,0.077,5.33
2024/3/28,0.077,5.34
2024/3/29,0.074,5.34
2024/3/30,NA,5.34
2024/3/31,NA,5.34
2024/4/1,0.077,5.35
2024/4/2,0.077,5.34
2024/4/3,0.077,5.32
2024/4/4,0.077,5.32
2024/4/5,0.077,5.32
2024/4/6,NA,5.32
2024/4/7,NA,5.32
2024/4/8,0.077,5.31
2024/4/9,0.077,5.31
2024/4/10,0.077,5.31
2024/4/11,0.077,5.31
2024/4/12,0.077,5.31
2024/4/13,NA,5.31
2024/4/14,NA,5.31
2024/4/15,0.077,5.32
2024/4/16,0.077,5.31
2024/4/17,0.077,5.31
2024/4/18,0.077,5.3
2024/4/19,0.077,5.31
2024/4/20,NA,5.31
2024/4/21,NA,5.31
2024/4/22,0.077,5.31
2024/4/23,0.076,5.31
2024/4/24,0.077,5.31
2024/4/25,0.077,5.31
2024/4/26,0.077,5.32
2024/4/27,NA,5.32
2024/4/28,NA,5.32
2024/4/29,NA,5.32
2024/4/30,0.076,5.34
2024/5/1,0.077,5.32
2024/5/2,0.077,5.31
2024/5/3,NA,5.31
2024/5/4,NA,5.31
2024/5/5,NA,5.31
2024/5/6,NA,5.31
2024/5/7,0.077,5.31
2024/5/8,0.077,5.31
2024/5/9,0.077,5.31
2024/5/10,0.077,5.31
2024/5/11,NA,5.31
2024/5/12,NA,5.31
2024/5/13,0.077,5.31
2024/5/14,0.077,5.31
2024/5/15,0.077,5.31
2024/5/16,0.077,5.31
2024/5/17,0.077,5.31
2024/5/18,NA,5.31
2024/5/19,NA,5.31
2024/5/20,0.077,5.31
2024/5/21,0.077,5.31
2024/5/22,0.077,5.31
2024/5/23,0.077,5.31
2024/5/24,0.078,5.32
2024/5/25,NA,5.32
2024/5/26,NA,5.32
2024/5/27,0.078,5.32
2024/5/28,0.077,5.32
2024/5/29,0.078,5.33
2024/5/30,0.077,5.33
2024/5/31,0.077,5.34
2024/6/1,NA,5.34
2024/6/2,NA,5.34
2024/6/3,0.077,5.35
2024/6/4,0.077,5.33
2024/6/5,0.077,5.33
2024/6/6,0.077,5.33
2024/6/7,0.078,5.33
2024/6/8,NA,5.33
2024/6/9,NA,5.33
2024/6/10,0.078,5.32
2024/6/11,0.078,5.32
2024/6/12,0.078,5.31
2024/6/13,0.077,5.31
2024/6/14,0.077,5.31
2024/6/15,NA,5.31
2024/6/16,NA,5.31
2024/6/17,0.077,5.33
2024/6/18,0.077,5.33
2024/6/19,0.077,5.33
2024/6/20,0.077,5.32
2024/6/21,0.077,5.31
2024/6/22,NA,5.31
2024/6/23,NA,5.31
2024/6/24,0.081,5.31
2024/6/25,0.078,5.33
2024/6/26,0.077,5.34
2024/6/27,0.077,5.34
2024/6/28,0.076,5.33
2024/6/29,NA,5.33
2024/6/30,NA,5.33
2024/7/1,0.077,5.4
2024/7/2,0.077,5.35
2024/7/3,0.077,5.33
2024/7/4,0.077,5.33
2024/7/5,0.077,5.32
2024/7/6,NA,5.32
2024/7/7,NA,5.32
2024/7/8,0.077,5.32
2024/7/9,0.077,5.34
2024/7/10,0.077,5.34
2024/7/11,0.077,5.34
2024/7/12,0.077,5.34
2024/7/13,NA,5.34
2024/7/14,NA,5.34
2024/7/15,NA,5.34
2024/7/16,0.077,5.35
2024/7/17,0.078,5.35
2024/7/18,0.077,5.34
2024/7/19,0.077,5.34
2024/7/20,NA,5.34
2024/7/21,NA,5.34
2024/7/22,0.083,5.33
2024/7/23,0.08,5.34
2024/7/24,0.08,5.34
2024/7/25,0.081,5.35
2024/7/26,0.078,5.35
2024/7/27,NA,5.35
2024/7/28,NA,5.35
2024/7/29,0.077,5.33
2024/7/30,0.077,5.33
2024/7/31,0.079,5.38
2024/8/1,0.227,5.35
2024/8/2,0.227,5.35
2024/8/3,NA,5.35
2024/8/4,NA,5.35
2024/8/5,0.227,5.32
2024/8/6,0.227,5.33
2024/8/7,0.227,5.33
2024/8/8,0.227,5.34
2024/8/9,0.227,5.34
2024/8/10,NA,5.34
2024/8/11,NA,5.34
2024/8/12,NA,5.34
2024/8/13,0.227,5.34
2024/8/14,0.228,5.33
2024/8/15,0.227,5.35
2024/8/16,0.227,5.32
2024/8/17,NA,5.32
2024/8/18,NA,5.32
2024/8/19,0.227,5.32
2024/8/20,0.227,5.32
2024/8/21,0.227,5.31
2024/8/22,0.227,5.31
2024/8/23,0.227,5.33
2024/8/24,NA,5.33
2024/8/25,NA,5.33
2024/8/26,0.227,5.34
2024/8/27,0.227,5.35
2024/8/28,0.227,5.35
2024/8/29,0.228,5.33
2024/8/30,0.227,5.32
2024/8/31,NA,5.32
2024/9/1,NA,5.32
2024/9/2,0.227,5.32
2024/9/3,0.227,5.34
2024/9/4,0.227,5.35
2024/9/5,0.227,5.35
2024/9/6,0.227,5.34
2024/9/7,NA,5.34
2024/9/8,NA,5.34
2024/9/9,0.227,5.34
2024/9/10,0.228,5.33
2024/9/11,0.227,5.32
2024/9/12,0.229,5.33
2024/9/13,0.227,5.33
2024/9/14,NA,5.33
2024/9/15,NA,5.33
2024/9/16,NA,5.38
2024/9/17,0.228,5.38
2024/9/18,0.228,5.33
2024/9/19,0.227,4.82
2024/9/20,0.226,4.83
2024/9/21,NA,4.83
2024/9/22,NA,4.83
2024/9/23,NA,4.83
2024/9/24,0.226,4.84
2024/9/25,0.226,4.84
2024/9/26,0.226,4.83
2024/9/27,0.226,4.84
2024/9/28,NA,4.84
2024/9/29,NA,4.84
2024/9/30,0.225,4.96
2024/10/1,0.227,5.05
2024/10/2,0.227,4.92
2024/10/3,0.227,4.85
2024/10/4,0.227,4.83
2024/10/5,NA,4.83
2024/10/6,NA,4.83
2024/10/7,0.227,4.83
2024/10/8,0.227,4.84
2024/10/9,0.227,4.83
2024/10/10,0.227,4.82
2024/10/11,0.227,4.81
2024/10/12,NA,4.81
2024/10/13,NA,4.81
2024/10/14,NA,4.81
2024/10/15,0.227,4.86
2024/10/16,0.227,4.86
2024/10/17,0.227,4.85
2024/10/18,0.227,4.84
2024/10/19,NA,4.84
2024/10/20,NA,4.84
2024/10/21,0.227,4.82
2024/10/22,0.227,4.83
2024/10/23,0.227,4.83
2024/10/24,0.227,4.83
2024/10/25,0.227,4.83
2024/10/26,NA,4.83
2024/10/27,NA,4.83
2024/10/28,0.228,4.82
2024/10/29,0.228,4.82
2024/10/30,0.227,4.81
2024/10/31,0.227,4.9
2024/11/1,0.227,4.86
2024/11/2,NA,4.86
2024/11/3,NA,4.86
2024/11/4,NA,4.82
2024/11/5,0.227,4.82
2024/11/6,0.227,4.81
2024/11/7,0.227,4.82
2024/11/8,0.227,4.6
2024/11/9,NA,4.6
2024/11/10,NA,4.6
2024/11/11,0.227,4.6
2024/11/12,0.227,4.6
2024/11/13,0.228,4.59
2024/11/14,0.227,4.58
2024/11/15,0.227,4.57
2024/11/16,NA,4.57
2024/11/17,NA,4.57
2024/11/18,0.227,4.57
2024/11/19,0.227,4.57
2024/11/20,0.227,4.56
2024/11/21,0.227,4.57
2024/11/22,0.227,4.57
2024/11/23,NA,4.57
2024/11/24,NA,4.57
2024/11/25,0.227,4.58
2024/11/26,0.228,4.58
2024/11/27,0.228,4.57
2024/11/28,0.228,4.57
2024/11/29,0.227,4.59
2024/11/30,NA,4.59
2024/12/1,NA,4.59
2024/12/2,0.227,4.64
2024/12/3,0.227,4.64
2024/12/4,0.227,4.59
2024/12/5,0.232,4.59
2024/12/6,0.227,4.6
2024/12/7,NA,4.6
2024/12/8,NA,4.6
2024/12/9,0.227,4.63
2024/12/10,0.227,4.64
2024/12/11,0.227,4.62
2024/12/12,0.227,4.62
2024/12/13,0.227,4.6
2024/12/14,NA,4.6
2024/12/15,NA,4.6
2024/12/16,0.227,4.65
2024/12/17,0.227,4.62
2024/12/18,0.226,4.57
2024/12/19,0.227,4.3
2024/12/20,0.227,4.3
2024/12/21,NA,4.3
2024/12/22,NA,4.3
2024/12/23,0.227,4.31
2024/12/24,0.227,4.4
2024/12/25,0.227,4.4
2024/12/26,0.227,4.53
2024/12/27,0.227,4.46
2024/12/28,NA,4.46
2024/12/29,NA,4.46
2024/12/30,0.227,4.37
2024/12/31,NA,4.49
2025/1/1,NA,4.49
2025/1/2,NA,4.4
2025/1/3,NA,4.31
2025/1/4,NA,4.31
2025/1/5,NA,4.31
2025/1/6,0.227,4.27
2025/1/7,0.227,4.27
2025/1/8,0.231,4.29
2025/1/9,0.232,4.3
2025/1/10,0.227,4.3
2025/1/11,NA,4.3
2025/1/12,NA,4.3
2025/1/13,NA,4.29
2025/1/14,0.227,4.28
2025/1/15,0.227,4.28
2025/1/16,0.227,4.29
2025/1/17,0.227,4.29
2025/1/18,NA,4.29
2025/1/19,NA,4.29
2025/1/20,0.227,4.29
2025/1/21,0.228,4.29
2025/1/22,0.228,4.3
2025/1/23,0.227,4.35
2025/1/24,0.227,4.34
2025/1/25,NA,4.34
2025/1/26,NA,4.34
2025/1/27,0.476,4.34
2025/1/28,0.477,4.35
2025/1/29,0.477,4.35
2025/1/30,0.477,4.36
2025/1/31,0.477,4.38
2025/2/1,NA,4.38
2025/2/2,NA,4.38
2025/2/3,0.476,4.35
2025/2/4,0.477,4.33
2025/2/5,0.479,4.33
2025/2/6,0.479,4.36
2025/2/7,0.477,4.35
2025/2/8,NA,4.35
2025/2/9,NA,4.35
2025/2/10,0.477,4.35
2025/2/11,NA,4.34
2025/2/12,0.485,4.32
2025/2/13,0.477,4.33
2025/2/14,0.477,4.33
2025/2/15,NA,4.33
2025/2/16,NA,4.33
2025/2/17,0.477,4.33
2025/2/18,0.477,4.37
2025/2/19,0.477,4.35
2025/2/20,0.477,4.33
2025/2/21,0.478,4.34
2025/2/22,NA,4.34
2025/2/23,NA,4.34
2025/2/24,NA,4.34
2025/2/25,0.479,4.33
2025/2/26,0.477,4.33
2025/2/27,0.477,4.36
2025/2/28,0.477,4.39
2025/3/1,NA,4.39
2025/3/2,NA,4.39
2025/3/3,0.477,4.33
2025/3/4,0.476,4.33
2025/3/5,0.476,4.34
2025/3/6,0.476,4.35
2025/3/7,0.477,4.34
2025/3/8,NA,4.34
2025/3/9,NA,4.34
2025/3/10,0.478,4.33
2025/3/11,0.479,4.32
2025/3/12,0.479,4.31
2025/3/13,0.476,4.3
2025/3/14,0.477,4.3
2025/3/15,NA,4.3
2025/3/16,NA,4.3
2025/3/17,0.477,4.32
2025/3/18,0.476,4.31
2025/3/19,0.477,4.29
2025/3/20,NA,4.29
2025/3/21,0.477,4.3
2025/3/22,NA,4.3
2025/3/23,NA,4.3
2025/3/24,0.476,4.31
2025/3/25,0.476,4.33
2025/3/26,0.477,4.35
2025/3/27,0.476,4.36
2025/3/28,0.477,4.34
2025/3/29,NA,4.34
2025/3/30,NA,4.34
2025/3/31,0.476,4.41
2025/4/1,0.477,4.39
2025/4/2,0.477,4.37
2025/4/3,0.476,4.39
2025/4/4,0.477,4.35
2025/4/5,NA,4.35
2025/4/6,NA,4.35
2025/4/7,0.477,4.33
2025/4/8,0.477,4.4
2025/4/9,0.476,4.42
2025/4/10,0.476,4.37
2025/4/11,0.477,4.33
2025/4/12,NA,4.33
2025/4/13,NA,4.33
2025/4/14,0.477,4.33
2025/4/15,0.476,4.36
2025/4/16,0.477,4.31
2025/4/17,0.476,4.32
2025/4/18,0.477,4.32
2025/4/19,NA,4.32
2025/4/20,NA,4.32
2025/4/21,0.476,4.32
2025/4/22,0.476,4.3
2025/4/23,0.477,4.28
2025/4/24,0.477,4.29
2025/4/25,0.477,4.33
2025/4/26,NA,4.33
2025/4/27,NA,4.33
2025/4/28,0.476,4.36
2025/4/29,NA,4.36
2025/4/30,0.476,4.41
2025/5/1,0.477,4.39
2025/5/2,0.477,4.36
2025/5/3,NA,4.36
2025/5/4,NA,4.36
2025/5/5,NA,4.33
2025/5/6,NA,4.32
2025/5/7,0.477,4.3
2025/5/8,0.476,4.29
2025/5/9,0.477,4.28
2025/5/10,NA,4.28
2025/5/11,NA,4.28
2025/5/12,0.477,4.28
2025/5/13,0.477,4.3
2025/5/14,0.477,4.29
2025/5/15,0.477,4.31
2025/5/16,0.477,4.3
2025/5/17,NA,4.3
2025/5/18,NA,4.3
2025/5/19,0.478,4.29
2025/5/20,0.478,4.27
2025/5/21,0.477,4.26
2025/5/22,0.476,4.26
2025/5/23,0.477,4.26
2025/5/24,NA,4.26
2025/5/25,NA,4.26
2025/5/26,0.476,4.26
2025/5/27,0.476,4.31
2025/5/28,0.476,4.33
2025/5/29,0.476,4.33
2025/5/30,0.476,4.35
2025/5/31,NA,4.35
2025/6/1,NA,4.35
2025/6/2,0.477,4.35
2025/6/3,0.477,4.32
2025/6/4,0.477,4.28
2025/6/5,0.477,4.29
2025/6/6,0.477,4.29
2025/6/7,NA,4.29
2025/6/8,NA,4.29
2025/6/9,0.477,4.29
2025/6/10,0.477,4.28
2025/6/11,0.477,4.28
2025/6/12,0.481,4.28
2025/6/13,0.477,4.28
2025/6/14,NA,4.28
2025/6/15,NA,4.28
2025/6/16,0.477,4.32
2025/6/17,0.477,4.31
2025/6/18,0.478,4.28
2025/6/19,0.477,4.28
2025/6/20,0.477,4.29
2025/6/21,NA,4.29
2025/6/22,NA,4.29
2025/6/23,0.476,4.29
2025/6/24,0.478,4.3
2025/6/25,0.478,4.36
2025/6/26,0.478,4.4
2025/6/27,0.477,4.39
2025/6/28,NA,4.39
2025/6/29,NA,4.39
2025/6/30,0.477,4.45
2025/7/1,0.477,4.44
2025/7/2,0.477,4.4
2025/7/3,0.477,4.35
2025/7/4,0.477,4.35
2025/7/5,NA,4.35
2025/7/6,NA,4.35
2025/7/7,0.477,4.33
2025/7/8,0.477,4.34
2025/7/9,0.477,4.32
2025/7/10,0.477,4.31
2025/7/11,0.477,4.31
2025/7/12,NA,4.31
2025/7/13,NA,4.31
2025/7/14,0.479,4.33
2025/7/15,0.476,4.37
2025/7/16,0.477,4.34
2025/7/17,0.477,4.34
2025/7/18,0.477,4.3
2025/7/19,NA,4.3
2025/7/20,NA,4.3
2025/7/21,NA,4.28
2025/7/22,0.479,4.28
2025/7/23,0.478,4.28
2025/7/24,0.477,4.3
2025/7/25,0.477,4.36
2025/7/26,NA,4.36
2025/7/27,NA,4.36
2025/7/28,0.479,4.36
2025/7/29,0.478,4.36
2025/7/30,0.481,4.32
2025/7/31,0.478,4.39
2025/8/1,0.477,4.34
2025/8/2,NA,4.34
2025/8/3,NA,4.34
2025/8/4,0.476,4.33
2025/8/5,0.477,4.34
2025/8/6,0.477,4.34
2025/8/7,0.477,4.35
2025/8/8,0.477,4.35
2025/8/9,NA,4.35
2025/8/10,NA,4.35
2025/8/11,NA,4.34
2025/8/12,0.477,4.36
2025/8/13,0.477,4.33
2025/8/14,0.477,4.34
2025/8/15,0.477,4.36
2025/8/16,NA,4.36
2025/8/17,NA,4.36
2025/8/18,0.477,4.34
2025/8/19,0.477,4.33
2025/8/20,0.476,4.31
2025/8/21,0.476,4.32
2025/8/22,0.476,4.36
2025/8/23,NA,4.36
2025/8/24,NA,4.36
2025/8/25,0.477,4.37
2025/8/26,0.478,4.38
2025/8/27,0.478,4.36
2025/8/28,0.478,4.34
2025/8/29,0.477,4.34
2025/8/30,NA,4.34
2025/8/31,NA,4.34
2025/9/1,0.477,4.34
2025/9/2,0.478,4.39
2025/9/3,0.478,4.39
2025/9/4,0.479,4.41
2025/9/5,0.477,4.42
2025/9/6,NA,4.42
2025/9/7,NA,4.42
2025/9/8,0.477,4.4
2025/9/9,0.477,4.4
2025/9/10,0.477,4.39
2025/9/11,0.48,4.41
2025/9/12,0.477,4.42
2025/9/13,NA,4.42
2025/9/14,NA,4.42
2025/9/15,NA,4.51
2025/9/16,0.477,4.39
2025/9/17,0.478,4.38
2025/9/18,0.477,4.14
2025/9/19,0.477,4.14
2025/9/20,NA,4.14
2025/9/21,NA,4.14
2025/9/22,0.476,4.14
2025/9/23,NA,4.12
2025/9/24,0.478,4.13
2025/9/25,0.477,4.18
2025/9/26,0.476,4.16
2025/9/27,NA,4.16
2025/9/28,NA,4.16
2025/9/29,0.477,4.13
2025/9/30,0.477,4.24
2025/10/1,0.477,4.2
2025/10/2,0.477,4.2
2025/10/3,0.477,4.18
2025/10/4,NA,4.18
2025/10/5,NA,4.18
2025/10/6,0.477,4.15
2025/10/7,0.477,4.14
2025/10/8,0.477,4.12
2025/10/9,0.478,4.13
2025/10/10,0.477,4.15
2025/10/11,NA,4.15
2025/10/12,NA,4.15
2025/10/13,NA,4.15
2025/10/14,0.477,4.19
2025/10/15,0.477,4.29
2025/10/16,0.477,4.3
2025/10/17,0.477,4.18
2025/10/18,NA,4.18
2025/10/19,NA,4.18
2025/10/20,0.477,4.16
2025/10/21,0.477,4.23
2025/10/22,0.477,4.21
2025/10/23,0.477,4.24
2025/10/24,0.477,4.24
2025/10/25,NA,4.24
2025/10/26,NA,4.24
2025/10/27,0.477,4.27
2025/10/28,0.477,4.31
2025/10/29,0.477,4.27
2025/10/30,0.476,4.04
2025/10/31,0.477,4.22
2025/11/1,NA,4.22
2025/11/2,NA,4.22
2025/11/3,NA,4.13
2025/11/4,0.476,4
2025/11/5,0.477,3.91
2025/11/6,0.477,3.92
2025/11/7,0.478,3.93
2025/11/8,NA,3.93
2025/11/9,NA,3.93
2025/11/10,0.481,3.95
2025/11/11,0.477,3.95
2025/11/12,0.479,3.98
2025/11/13,0.477,4
2025/11/14,0.478,3.95
2025/11/15,NA,3.95
2025/11/16,NA,3.95
2025/11/17,0.477,4
2025/11/18,0.478,3.94
2025/11/19,0.479,3.91
2025/11/20,0.477,3.91
2025/11/21,0.478,3.93
2025/11/22,NA,3.93
2025/11/23,NA,3.93
2025/11/24,NA,3.96
2025/11/25,0.478,4.01
2025/11/26,0.478,4.05
2025/11/27,0.477,4.05
2025/11/28,0.477,4.12
2025/11/29,NA,4.12
2025/11/30,NA,4.12
2025/12/1,0.477,4.12
2025/12/2,0.477,4.01
2025/12/3,0.478,3.95
2025/12/4,0.477,3.92
2025/12/5,0.477,3.93
2025/12/6,NA,3.93
2025/12/7,NA,3.93
2025/12/8,0.477,3.95
2025/12/9,0.482,3.93
2025/12/10,0.477,3.9
2025/12/11,0.478,3.66
2025/12/12,0.477,3.67
2025/12/13,NA,3.67
2025/12/14,NA,3.67
2025/12/15,0.477,3.75
2025/12/16,0.482,3.69
2025/12/17,0.478,3.69
2025/12/18,0.477,3.66
2025/12/19,0.477,3.66
2025/12/20,NA,3.66
2025/12/21,NA,3.66
2025/12/22,0.727,3.68
2025/12/23,0.727,3.66
2025/12/24,0.727,3.66
2025/12/25,0.728,3.66
2025/12/26,0.727,3.76
2025/12/27,NA,3.76
2025/12/28,NA,3.76
2025/12/29,0.728,3.77
2025/12/30,0.727,3.71
2025/12/31,NA,3.87
2026/1/1,NA,3.87
2026/1/2,NA,3.75
2026/1/3,NA,3.75
2026/1/4,NA,3.75
2026/1/5,0.727,3.7
2026/1/6,0.727,3.66
2026/1/7,0.727,3.65
2026/1/8,0.729,3.64
2026/1/9,0.727,3.64
2026/1/10,NA,3.64
2026/1/11,NA,3.64
2026/1/12,NA,3.64
2026/1/13,0.727,3.65
2026/1/14,0.727,3.64
2026/1/15,0.727,3.66
2026/1/16,0.727,3.65
2026/1/17,NA,3.65
2026/1/18,NA,3.65
2026/1/19,0.727,3.65
2026/1/20,0.728,3.64
2026/1/21,0.727,3.63
2026/1/22,0.727,3.64
2026/1/23,0.727,3.65
2026/1/24,NA,3.65
2026/1/25,NA,3.65
2026/1/26,0.728,3.66
2026/1/27,0.736,3.66
2026/1/28,0.727,3.64
2026/1/29,0.727,3.65
2026/1/30,0.727,3.68
2026/1/31,NA,3.68
2026/2/1,NA,3.68
2026/2/2,0.727,3.69
2026/2/3,0.73,3.69
2026/2/4,0.727,3.65
2026/2/5,0.727,3.65
2026/2/6,0.728,3.64
2026/2/7,NA,3.64
2026/2/8,NA,3.64
2026/2/9,0.728,3.63
2026/2/10,0.727,3.65
2026/2/11,NA,3.65
2026/2/12,0.728,3.65
2026/2/13,0.728,3.66
2026/2/14,NA,3.66
2026/2/15,NA,3.66
2026/2/16,0.728,3.66
2026/2/17,0.73,3.71
2026/2/18,0.728,3.73
2026/2/19,0.728,3.67
2026/2/20,0.729,3.66
2026/2/21,NA,3.66
2026/2/22,NA,3.66
2026/2/23,NA,3.66
2026/2/24,0.727,3.67
2026/2/25,0.729,3.67
2026/2/26,0.728,3.67
2026/2/27,0.727,3.68
2026/2/28,NA,3.68
2026/3/1,NA,3.68
2026/3/2,0.727,3.71
2026/3/3,0.727,3.7
2026/3/4,0.73,3.67
2026/3/5,0.728,3.66
2026/3/6,0.728,3.65
2026/3/7,NA,3.65
2026/3/8,NA,3.65
2026/3/9,0.727,3.65
2026/3/10,0.728,3.64
2026/3/11,0.727,3.64
2026/3/12,0.734,3.65
2026/3/13,0.728,3.65
2026/3/14,NA,3.65
2026/3/15,NA,3.65
2026/3/16,0.727,3.7
2026/3/17,0.727,3.65
2026/3/18,0.727,3.62
2026/3/19,0.728,3.62
2026/3/20,NA,3.62
2026/3/21,NA,3.62
2026/3/22,NA,3.62
2026/3/23,0.727,3.62
2026/3/24,0.727,3.63
2026/3/25,0.727,3.64
2026/3/26,0.727,3.65
2026/3/27,0.727,3.63
2026/3/28,NA,3.63
2026/3/29,NA,3.63
2026/3/30,0.726,3.63
2026/3/31,0.727,3.68
2026/4/1,0.728,3.65
2026/4/2,0.727,3.66
2026/4/3,0.728,3.66
2026/4/4,NA,3.66
2026/4/5,NA,3.66
2026/4/6,0.727,3.65
2026/4/7,0.727,3.62
2026/4/8,0.727,3.59
2026/4/9,0.727,3.57
2026/4/10,0.728,3.61
2026/4/11,NA,3.61
2026/4/12,NA,3.61
2026/4/13,0.726,3.63
2026/4/14,0.726,3.66
2026/4/15,0.727,3.72
2026/4/16,0.727,3.67
2026/4/17,0.728,3.65
2026/4/18,NA,3.65
2026/4/19,NA,3.65
2026/4/20,0.727,3.63
2026/4/21,0.727,3.63
2026/4/22,0.727,3.64
2026/4/23,0.727,3.65
2026/4/24,0.728,3.66
2026/4/25,NA,3.66
2026/4/26,NA,3.66
2026/4/27,0.727,3.66
2026/4/28,0.727,3.64
2026/4/29,NA,3.63
2026/4/30,0.727,3.66
2026/5/1,0.727,3.64
2026/5/2,NA,3.64
2026/5/3,NA,3.64
2026/5/4,NA,3.63
2026/5/5,NA,3.62
2026/5/6,NA,3.61
2026/5/7,0.727,3.6
2026/5/8,0.727,3.6
2026/5/9,NA,3.6
2026/5/10,NA,3.6
2026/5/11,0.726,3.6
2026/5/12,0.727,3.6
2026/5/13,0.727,3.59
2026/5/14,0.727,3.56
2026/5/15,0.727,3.55
2026/5/16,NA,3.55
2026/5/17,NA,3.55
2026/5/18,0.728,3.53
2026/5/19,0.728,3.51
2026/5/20,0.728,3.5
2026/5/21,0.727,3.51
2026/5/22,0.726,3.55
2026/5/23,NA,3.55
2026/5/24,NA,3.55
2026/5/25,0.727,3.55
2026/5/26,0.727,3.63
2026/5/27,0.727,3.63
2026/5/28,0.727,3.62
2026/5/29,0.727,3.63
2026/5/30,NA,3.63
2026/5/31,NA,3.63
2026/6/1,0.726,3.65
2026/6/2,0.727,3.63
2026/6/3,0.727,3.61
2026/6/4,0.726,3.62
2026/6/5,0.727,3.63
2026/6/6,NA,3.63
2026/6/7,NA,3.63
2026/6/8,0.727,3.63
2026/6/9,0.727,3.6
2026/6/10,0.727,3.59
2026/6/11,0.727,3.6
2026/6/12,0.727,3.65
2026/6/13,NA,3.65
2026/6/14,NA,3.65
2026/6/15,0.727,3.69
2026/6/16,0.727,3.63
2026/6/17,0.978,3.63
2026/6/18,0.977,3.62
2026/6/19,0.977,3.62
2026/6/20,NA,3.62
2026/6/21,NA,3.62
2026/6/22,0.977,3.61
2026/6/23,0.976,3.62
2026/6/24,0.977,3.62
2026/6/25,0.978,3.64
2026/6/26,0.977,3.62
2026/6/27,NA,3.62
2026/6/28,NA,3.62
2026/6/29,0.978,3.62
2026/6/30,0.976,3.68
2026/7/1,0.977,3.66
2026/7/2,0.977,3.64
2026/7/3,0.977,3.64
2026/7/4,NA,3.64
2026/7/5,NA,3.64
2026/7/6,0.977,3.63
2026/7/7,0.978,3.62
2026/7/8,0.978,3.58
2026/7/9,0.978,3.53
2026/7/10,0.977,3.55
2026/7/11,NA,3.55
2026/7/12,NA,3.55
2026/7/13,0.977,3.6
2026/7/14,0.977,3.63
2026/7/15,0.981,3.64
2026/7/16,0.979,3.62
2026/7/17,0.977,3.59
2026/7/18,NA,3.59
2026/7/19,NA,3.59
2026/7/20,NA,3.57
2026/7/21,0.977,3.61
2026/7/22,0.978,3.62
2026/7/23,0.98,3.64
2026/7/24,0.977,3.64
2026/7/25,NA,3.64
2026/7/26,NA,3.64
2026/7/27,0.978,3.64
2026/7/28,0.98,3.65
2026/7/29,0.977,3.65
2026/7/30,0.979,3.65
2026/7/31,0.977,3.66
2026/8/1,NA,3.66
2026/8/2,NA,3.66
2026/8/3,0.977,3.65
2026/8/4,0.978,3.66
2026/8/5,0.978,3.64
2026/8/6,0.98,3.65
2026/8/7,0.977,3.62
2026/8/8,NA,3.62
2026/8/9,NA,3.62
2026/8/10,0.977,3.63
2026/8/11,NA,3.64
2026/8/12,0.977,3.62
2026/8/13,0,3.62
2026/8/14,0,3.62
2026/8/15,0,3.62
