Dates,PX_LAST
2000/1/3,1455.219971
2000/1/4,1399.420044
2000/1/5,1402.109985
2000/1/6,1403.449951
2000/1/7,1441.469971
2000/1/8,1441.469971
2000/1/9,1441.469971
2000/1/10,1457.599976
2000/1/11,1438.560059
2000/1/12,1432.25
2000/1/13,1449.680054
2000/1/14,1465.150024
2000/1/15,1465.150024
2000/1/16,1465.150024
2000/1/17,1465.150024
2000/1/18,1455.140015
2000/1/19,1455.900024
2000/1/20,1445.569946
2000/1/21,1441.359985
2000/1/22,1441.359985
2000/1/23,1441.359985
2000/1/24,1401.530029
2000/1/25,1410.030029
2000/1/26,1404.089966
2000/1/27,1398.560059
2000/1/28,1360.160034
2000/1/29,1360.160034
2000/1/30,1360.160034
2000/1/31,1394.459961
2000/2/1,1409.280029
2000/2/2,1409.119995
2000/2/3,1424.969971
2000/2/4,1424.369995
2000/2/5,1424.369995
2000/2/6,1424.369995
2000/2/7,1424.23999
2000/2/8,1441.719971
2000/2/9,1411.709961
2000/2/10,1416.829956
2000/2/11,1387.119995
2000/2/12,1387.119995
2000/2/13,1387.119995
2000/2/14,1389.939941
2000/2/15,1402.050049
2000/2/16,1387.670044
2000/2/17,1388.26001
2000/2/18,1346.089966
2000/2/19,1346.089966
2000/2/20,1346.089966
2000/2/21,1346.089966
2000/2/22,1352.170044
2000/2/23,1360.689941
2000/2/24,1353.430054
2000/2/25,1333.359985
2000/2/26,1333.359985
2000/2/27,1333.359985
2000/2/28,1348.050049
2000/2/29,1366.420044
2000/3/1,1379.189941
2000/3/2,1381.76001
2000/3/3,1409.170044
2000/3/4,1409.170044
2000/3/5,1409.170044
2000/3/6,1391.280029
2000/3/7,1355.619995
2000/3/8,1366.699951
2000/3/9,1401.689941
2000/3/10,1395.069946
2000/3/11,1395.069946
2000/3/12,1395.069946
2000/3/13,1383.619995
2000/3/14,1359.150024
2000/3/15,1392.140015
2000/3/16,1458.469971
2000/3/17,1464.469971
2000/3/18,1464.469971
2000/3/19,1464.469971
2000/3/20,1456.630005
2000/3/21,1493.869995
2000/3/22,1500.640015
2000/3/23,1527.349976
2000/3/24,1527.459961
2000/3/25,1527.459961
2000/3/26,1527.459961
2000/3/27,1523.859985
2000/3/28,1507.72998
2000/3/29,1508.52002
2000/3/30,1487.920044
2000/3/31,1498.579956
2000/4/1,1498.579956
2000/4/2,1498.579956
2000/4/3,1505.969971
2000/4/4,1494.72998
2000/4/5,1487.369995
2000/4/6,1501.339966
2000/4/7,1516.349976
2000/4/8,1516.349976
2000/4/9,1516.349976
2000/4/10,1504.459961
2000/4/11,1500.589966
2000/4/12,1467.170044
2000/4/13,1440.51001
2000/4/14,1356.560059
2000/4/15,1356.560059
2000/4/16,1356.560059
2000/4/17,1401.439941
2000/4/18,1441.609985
2000/4/19,1427.469971
2000/4/20,1434.540039
2000/4/21,1434.540039
2000/4/22,1434.540039
2000/4/23,1434.540039
2000/4/24,1429.859985
2000/4/25,1477.439941
2000/4/26,1460.98999
2000/4/27,1464.920044
2000/4/28,1452.430054
2000/4/29,1452.430054
2000/4/30,1452.430054
2000/5/1,1468.25
2000/5/2,1446.290039
2000/5/3,1415.099976
2000/5/4,1409.569946
2000/5/5,1432.630005
2000/5/6,1432.630005
2000/5/7,1432.630005
2000/5/8,1424.170044
2000/5/9,1412.140015
2000/5/10,1383.050049
2000/5/11,1407.810059
2000/5/12,1420.959961
2000/5/13,1420.959961
2000/5/14,1420.959961
2000/5/15,1452.359985
2000/5/16,1466.040039
2000/5/17,1447.800049
2000/5/18,1437.209961
2000/5/19,1406.949951
2000/5/20,1406.949951
2000/5/21,1406.949951
2000/5/22,1400.719971
2000/5/23,1373.859985
2000/5/24,1399.050049
2000/5/25,1381.52002
2000/5/26,1378.02002
2000/5/27,1378.02002
2000/5/28,1378.02002
2000/5/29,1378.02002
2000/5/30,1422.449951
2000/5/31,1420.599976
2000/6/1,1448.810059
2000/6/2,1477.26001
2000/6/3,1477.26001
2000/6/4,1477.26001
2000/6/5,1467.630005
2000/6/6,1457.839966
2000/6/7,1471.359985
2000/6/8,1461.670044
2000/6/9,1456.949951
2000/6/10,1456.949951
2000/6/11,1456.949951
2000/6/12,1446
2000/6/13,1469.439941
2000/6/14,1470.540039
2000/6/15,1478.72998
2000/6/16,1464.459961
2000/6/17,1464.459961
2000/6/18,1464.459961
2000/6/19,1486
2000/6/20,1475.949951
2000/6/21,1479.130005
2000/6/22,1452.180054
2000/6/23,1441.47998
2000/6/24,1441.47998
2000/6/25,1441.47998
2000/6/26,1455.310059
2000/6/27,1450.550049
2000/6/28,1454.819946
2000/6/29,1442.390015
2000/6/30,1454.599976
2000/7/1,1454.599976
2000/7/2,1454.599976
2000/7/3,1469.540039
2000/7/4,1469.540039
2000/7/5,1446.22998
2000/7/6,1456.670044
2000/7/7,1478.900024
2000/7/8,1478.900024
2000/7/9,1478.900024
2000/7/10,1475.619995
2000/7/11,1480.880005
2000/7/12,1492.920044
2000/7/13,1495.839966
2000/7/14,1509.97998
2000/7/15,1509.97998
2000/7/16,1509.97998
2000/7/17,1510.48999
2000/7/18,1493.73999
2000/7/19,1481.959961
2000/7/20,1495.569946
2000/7/21,1480.189941
2000/7/22,1480.189941
2000/7/23,1480.189941
2000/7/24,1464.290039
2000/7/25,1474.469971
2000/7/26,1452.420044
2000/7/27,1449.619995
2000/7/28,1419.890015
2000/7/29,1419.890015
2000/7/30,1419.890015
2000/7/31,1430.829956
2000/8/1,1438.099976
2000/8/2,1438.699951
2000/8/3,1452.560059
2000/8/4,1462.930054
2000/8/5,1462.930054
2000/8/6,1462.930054
2000/8/7,1479.319946
2000/8/8,1482.800049
2000/8/9,1472.869995
2000/8/10,1460.25
2000/8/11,1471.839966
2000/8/12,1471.839966
2000/8/13,1471.839966
2000/8/14,1491.560059
2000/8/15,1484.430054
2000/8/16,1479.849976
2000/8/17,1496.069946
2000/8/18,1491.719971
2000/8/19,1491.719971
2000/8/20,1491.719971
2000/8/21,1499.47998
2000/8/22,1498.130005
2000/8/23,1505.969971
2000/8/24,1508.310059
2000/8/25,1506.449951
2000/8/26,1506.449951
2000/8/27,1506.449951
2000/8/28,1514.089966
2000/8/29,1509.839966
2000/8/30,1502.589966
2000/8/31,1517.680054
2000/9/1,1520.77002
2000/9/2,1520.77002
2000/9/3,1520.77002
2000/9/4,1520.77002
2000/9/5,1507.079956
2000/9/6,1492.25
2000/9/7,1502.51001
2000/9/8,1494.5
2000/9/9,1494.5
2000/9/10,1494.5
2000/9/11,1489.26001
2000/9/12,1481.98999
2000/9/13,1484.910034
2000/9/14,1480.869995
2000/9/15,1465.810059
2000/9/16,1465.810059
2000/9/17,1465.810059
2000/9/18,1444.51001
2000/9/19,1459.900024
2000/9/20,1451.339966
2000/9/21,1449.050049
2000/9/22,1448.719971
2000/9/23,1448.719971
2000/9/24,1448.719971
2000/9/25,1439.030029
2000/9/26,1427.209961
2000/9/27,1426.569946
2000/9/28,1458.290039
2000/9/29,1436.51001
2000/9/30,1436.51001
2000/10/1,1436.51001
2000/10/2,1436.22998
2000/10/3,1426.459961
2000/10/4,1434.319946
2000/10/5,1436.280029
2000/10/6,1408.98999
2000/10/7,1408.98999
2000/10/8,1408.98999
2000/10/9,1402.030029
2000/10/10,1387.02002
2000/10/11,1364.589966
2000/10/12,1329.780029
2000/10/13,1374.170044
2000/10/14,1374.170044
2000/10/15,1374.170044
2000/10/16,1374.619995
2000/10/17,1349.969971
2000/10/18,1342.130005
2000/10/19,1388.76001
2000/10/20,1396.930054
2000/10/21,1396.930054
2000/10/22,1396.930054
2000/10/23,1395.780029
2000/10/24,1398.130005
2000/10/25,1364.900024
2000/10/26,1364.439941
2000/10/27,1379.579956
2000/10/28,1379.579956
2000/10/29,1379.579956
2000/10/30,1398.660034
2000/10/31,1429.400024
2000/11/1,1421.219971
2000/11/2,1428.319946
2000/11/3,1426.689941
2000/11/4,1426.689941
2000/11/5,1426.689941
2000/11/6,1432.189941
2000/11/7,1431.869995
2000/11/8,1409.280029
2000/11/9,1400.140015
2000/11/10,1365.97998
2000/11/11,1365.97998
2000/11/12,1365.97998
2000/11/13,1351.26001
2000/11/14,1382.949951
2000/11/15,1389.810059
2000/11/16,1372.319946
2000/11/17,1367.719971
2000/11/18,1367.719971
2000/11/19,1367.719971
2000/11/20,1342.619995
2000/11/21,1347.349976
2000/11/22,1322.359985
2000/11/23,1322.359985
2000/11/24,1341.77002
2000/11/25,1341.77002
2000/11/26,1341.77002
2000/11/27,1348.969971
2000/11/28,1336.089966
2000/11/29,1341.930054
2000/11/30,1314.949951
2000/12/1,1315.22998
2000/12/2,1315.22998
2000/12/3,1315.22998
2000/12/4,1324.969971
2000/12/5,1376.540039
2000/12/6,1351.459961
2000/12/7,1343.550049
2000/12/8,1369.890015
2000/12/9,1369.890015
2000/12/10,1369.890015
2000/12/11,1380.199951
2000/12/12,1371.180054
2000/12/13,1359.98999
2000/12/14,1340.930054
2000/12/15,1312.150024
2000/12/16,1312.150024
2000/12/17,1312.150024
2000/12/18,1322.73999
2000/12/19,1305.599976
2000/12/20,1264.73999
2000/12/21,1274.859985
2000/12/22,1305.949951
2000/12/23,1305.949951
2000/12/24,1305.949951
2000/12/25,1305.949951
2000/12/26,1315.189941
2000/12/27,1328.920044
2000/12/28,1334.219971
2000/12/29,1320.280029
2000/12/30,1320.280029
2000/12/31,1320.280029
2001/1/1,1320.280029
2001/1/2,1283.27002
2001/1/3,1347.560059
2001/1/4,1333.339966
2001/1/5,1298.349976
2001/1/6,1298.349976
2001/1/7,1298.349976
2001/1/8,1295.859985
2001/1/9,1300.800049
2001/1/10,1313.27002
2001/1/11,1326.819946
2001/1/12,1318.550049
2001/1/13,1318.550049
2001/1/14,1318.550049
2001/1/15,1318.550049
2001/1/16,1326.650024
2001/1/17,1329.469971
2001/1/18,1347.969971
2001/1/19,1342.540039
2001/1/20,1342.540039
2001/1/21,1342.540039
2001/1/22,1342.900024
2001/1/23,1360.400024
2001/1/24,1364.300049
2001/1/25,1357.51001
2001/1/26,1354.949951
2001/1/27,1354.949951
2001/1/28,1354.949951
2001/1/29,1364.170044
2001/1/30,1373.72998
2001/1/31,1366.01001
2001/2/1,1373.469971
2001/2/2,1349.469971
2001/2/3,1349.469971
2001/2/4,1349.469971
2001/2/5,1354.310059
2001/2/6,1352.26001
2001/2/7,1340.890015
2001/2/8,1332.530029
2001/2/9,1314.76001
2001/2/10,1314.76001
2001/2/11,1314.76001
2001/2/12,1330.310059
2001/2/13,1318.800049
2001/2/14,1315.920044
2001/2/15,1326.609985
2001/2/16,1301.530029
2001/2/17,1301.530029
2001/2/18,1301.530029
2001/2/19,1301.530029
2001/2/20,1278.939941
2001/2/21,1255.27002
2001/2/22,1252.819946
2001/2/23,1245.859985
2001/2/24,1245.859985
2001/2/25,1245.859985
2001/2/26,1267.650024
2001/2/27,1257.939941
2001/2/28,1239.939941
2001/3/1,1241.22998
2001/3/2,1234.180054
2001/3/3,1234.180054
2001/3/4,1234.180054
2001/3/5,1241.410034
2001/3/6,1253.800049
2001/3/7,1261.890015
2001/3/8,1264.73999
2001/3/9,1233.420044
2001/3/10,1233.420044
2001/3/11,1233.420044
2001/3/12,1180.160034
2001/3/13,1197.660034
2001/3/14,1166.709961
2001/3/15,1173.560059
2001/3/16,1150.530029
2001/3/17,1150.530029
2001/3/18,1150.530029
2001/3/19,1170.810059
2001/3/20,1142.619995
2001/3/21,1122.140015
2001/3/22,1117.579956
2001/3/23,1139.829956
2001/3/24,1139.829956
2001/3/25,1139.829956
2001/3/26,1152.689941
2001/3/27,1182.170044
2001/3/28,1153.290039
2001/3/29,1147.949951
2001/3/30,1160.329956
2001/3/31,1160.329956
2001/4/1,1160.329956
2001/4/2,1145.869995
2001/4/3,1106.459961
2001/4/4,1103.25
2001/4/5,1151.439941
2001/4/6,1128.430054
2001/4/7,1128.430054
2001/4/8,1128.430054
2001/4/9,1137.589966
2001/4/10,1168.380005
2001/4/11,1165.890015
2001/4/12,1183.5
2001/4/13,1183.5
2001/4/14,1183.5
2001/4/15,1183.5
2001/4/16,1179.680054
2001/4/17,1191.810059
2001/4/18,1238.160034
2001/4/19,1253.689941
2001/4/20,1242.97998
2001/4/21,1242.97998
2001/4/22,1242.97998
2001/4/23,1224.359985
2001/4/24,1209.469971
2001/4/25,1228.75
2001/4/26,1234.52002
2001/4/27,1253.050049
2001/4/28,1253.050049
2001/4/29,1253.050049
2001/4/30,1249.459961
2001/5/1,1266.439941
2001/5/2,1267.430054
2001/5/3,1248.579956
2001/5/4,1266.609985
2001/5/5,1266.609985
2001/5/6,1266.609985
2001/5/7,1263.51001
2001/5/8,1261.199951
2001/5/9,1255.540039
2001/5/10,1255.180054
2001/5/11,1245.670044
2001/5/12,1245.670044
2001/5/13,1245.670044
2001/5/14,1248.920044
2001/5/15,1249.439941
2001/5/16,1284.98999
2001/5/17,1288.48999
2001/5/18,1291.959961
2001/5/19,1291.959961
2001/5/20,1291.959961
2001/5/21,1312.829956
2001/5/22,1309.380005
2001/5/23,1289.050049
2001/5/24,1293.170044
2001/5/25,1277.890015
2001/5/26,1277.890015
2001/5/27,1277.890015
2001/5/28,1277.890015
2001/5/29,1267.930054
2001/5/30,1248.079956
2001/5/31,1255.819946
2001/6/1,1260.670044
2001/6/2,1260.670044
2001/6/3,1260.670044
2001/6/4,1267.109985
2001/6/5,1283.569946
2001/6/6,1270.030029
2001/6/7,1276.959961
2001/6/8,1264.959961
2001/6/9,1264.959961
2001/6/10,1264.959961
2001/6/11,1254.390015
2001/6/12,1255.849976
2001/6/13,1241.599976
2001/6/14,1219.869995
2001/6/15,1214.359985
2001/6/16,1214.359985
2001/6/17,1214.359985
2001/6/18,1208.430054
2001/6/19,1212.579956
2001/6/20,1223.140015
2001/6/21,1237.040039
2001/6/22,1225.349976
2001/6/23,1225.349976
2001/6/24,1225.349976
2001/6/25,1218.599976
2001/6/26,1216.76001
2001/6/27,1211.069946
2001/6/28,1226.199951
2001/6/29,1224.380005
2001/6/30,1224.380005
2001/7/1,1224.380005
2001/7/2,1236.719971
2001/7/3,1234.449951
2001/7/4,1234.449951
2001/7/5,1219.23999
2001/7/6,1190.589966
2001/7/7,1190.589966
2001/7/8,1190.589966
2001/7/9,1198.780029
2001/7/10,1181.52002
2001/7/11,1180.180054
2001/7/12,1208.140015
2001/7/13,1215.680054
2001/7/14,1215.680054
2001/7/15,1215.680054
2001/7/16,1202.449951
2001/7/17,1214.439941
2001/7/18,1207.709961
2001/7/19,1215.02002
2001/7/20,1210.849976
2001/7/21,1210.849976
2001/7/22,1210.849976
2001/7/23,1191.030029
2001/7/24,1171.650024
2001/7/25,1190.48999
2001/7/26,1202.930054
2001/7/27,1205.819946
2001/7/28,1205.819946
2001/7/29,1205.819946
2001/7/30,1204.52002
2001/7/31,1211.22998
2001/8/1,1215.930054
2001/8/2,1220.75
2001/8/3,1214.349976
2001/8/4,1214.349976
2001/8/5,1214.349976
2001/8/6,1200.47998
2001/8/7,1204.400024
2001/8/8,1183.530029
2001/8/9,1183.430054
2001/8/10,1190.160034
2001/8/11,1190.160034
2001/8/12,1190.160034
2001/8/13,1191.290039
2001/8/14,1186.72998
2001/8/15,1178.02002
2001/8/16,1181.660034
2001/8/17,1161.969971
2001/8/18,1161.969971
2001/8/19,1161.969971
2001/8/20,1171.410034
2001/8/21,1157.26001
2001/8/22,1165.310059
2001/8/23,1162.089966
2001/8/24,1184.930054
2001/8/25,1184.930054
2001/8/26,1184.930054
2001/8/27,1179.209961
2001/8/28,1161.51001
2001/8/29,1148.560059
2001/8/30,1129.030029
2001/8/31,1133.579956
2001/9/1,1133.579956
2001/9/2,1133.579956
2001/9/3,1133.579956
2001/9/4,1132.939941
2001/9/5,1131.73999
2001/9/6,1106.400024
2001/9/7,1085.780029
2001/9/8,1085.780029
2001/9/9,1085.780029
2001/9/10,1092.540039
2001/9/11,1092.540039
2001/9/12,1092.540039
2001/9/13,1092.540039
2001/9/14,1092.540039
2001/9/15,1092.540039
2001/9/16,1092.540039
2001/9/17,1038.77002
2001/9/18,1032.73999
2001/9/19,1016.099976
2001/9/20,984.539978
2001/9/21,965.7999878
2001/9/22,965.7999878
2001/9/23,965.7999878
2001/9/24,1003.450012
2001/9/25,1012.27002
2001/9/26,1007.039978
2001/9/27,1018.609985
2001/9/28,1040.939941
2001/9/29,1040.939941
2001/9/30,1040.939941
2001/10/1,1038.550049
2001/10/2,1051.329956
2001/10/3,1072.280029
2001/10/4,1069.630005
2001/10/5,1071.380005
2001/10/6,1071.380005
2001/10/7,1071.380005
2001/10/8,1062.439941
2001/10/9,1056.75
2001/10/10,1080.98999
2001/10/11,1097.430054
2001/10/12,1091.650024
2001/10/13,1091.650024
2001/10/14,1091.650024
2001/10/15,1089.97998
2001/10/16,1097.540039
2001/10/17,1077.089966
2001/10/18,1068.609985
2001/10/19,1073.47998
2001/10/20,1073.47998
2001/10/21,1073.47998
2001/10/22,1089.900024
2001/10/23,1084.780029
2001/10/24,1085.199951
2001/10/25,1100.089966
2001/10/26,1104.609985
2001/10/27,1104.609985
2001/10/28,1104.609985
2001/10/29,1078.300049
2001/10/30,1059.790039
2001/10/31,1059.780029
2001/11/1,1084.099976
2001/11/2,1087.199951
2001/11/3,1087.199951
2001/11/4,1087.199951
2001/11/5,1102.839966
2001/11/6,1118.859985
2001/11/7,1115.800049
2001/11/8,1118.540039
2001/11/9,1120.310059
2001/11/10,1120.310059
2001/11/11,1120.310059
2001/11/12,1118.329956
2001/11/13,1139.089966
2001/11/14,1141.209961
2001/11/15,1142.23999
2001/11/16,1138.650024
2001/11/17,1138.650024
2001/11/18,1138.650024
2001/11/19,1151.060059
2001/11/20,1142.660034
2001/11/21,1137.030029
2001/11/22,1137.030029
2001/11/23,1150.339966
2001/11/24,1150.339966
2001/11/25,1150.339966
2001/11/26,1157.420044
2001/11/27,1149.5
2001/11/28,1128.52002
2001/11/29,1140.199951
2001/11/30,1139.449951
2001/12/1,1139.449951
2001/12/2,1139.449951
2001/12/3,1129.900024
2001/12/4,1144.800049
2001/12/5,1170.349976
2001/12/6,1167.099976
2001/12/7,1158.310059
2001/12/8,1158.310059
2001/12/9,1158.310059
2001/12/10,1139.930054
2001/12/11,1136.76001
2001/12/12,1137.069946
2001/12/13,1119.380005
2001/12/14,1123.089966
2001/12/15,1123.089966
2001/12/16,1123.089966
2001/12/17,1134.359985
2001/12/18,1142.920044
2001/12/19,1149.560059
2001/12/20,1139.930054
2001/12/21,1144.890015
2001/12/22,1144.890015
2001/12/23,1144.890015
2001/12/24,1144.650024
2001/12/25,1144.650024
2001/12/26,1149.369995
2001/12/27,1157.130005
2001/12/28,1161.02002
2001/12/29,1161.02002
2001/12/30,1161.02002
2001/12/31,1148.079956
2002/1/1,1148.079956
2002/1/2,1154.670044
2002/1/3,1165.27002
2002/1/4,1172.51001
2002/1/5,1172.51001
2002/1/6,1172.51001
2002/1/7,1164.890015
2002/1/8,1160.709961
2002/1/9,1155.140015
2002/1/10,1156.550049
2002/1/11,1145.599976
2002/1/12,1145.599976
2002/1/13,1145.599976
2002/1/14,1138.410034
2002/1/15,1146.189941
2002/1/16,1127.569946
2002/1/17,1138.880005
2002/1/18,1127.579956
2002/1/19,1127.579956
2002/1/20,1127.579956
2002/1/21,1127.579956
2002/1/22,1119.310059
2002/1/23,1128.180054
2002/1/24,1132.150024
2002/1/25,1133.280029
2002/1/26,1133.280029
2002/1/27,1133.280029
2002/1/28,1133.060059
2002/1/29,1100.640015
2002/1/30,1113.569946
2002/1/31,1130.199951
2002/2/1,1122.199951
2002/2/2,1122.199951
2002/2/3,1122.199951
2002/2/4,1094.439941
2002/2/5,1090.02002
2002/2/6,1083.51001
2002/2/7,1080.170044
2002/2/8,1096.219971
2002/2/9,1096.219971
2002/2/10,1096.219971
2002/2/11,1111.939941
2002/2/12,1107.5
2002/2/13,1118.51001
2002/2/14,1116.47998
2002/2/15,1104.180054
2002/2/16,1104.180054
2002/2/17,1104.180054
2002/2/18,1104.180054
2002/2/19,1083.339966
2002/2/20,1097.97998
2002/2/21,1080.949951
2002/2/22,1089.839966
2002/2/23,1089.839966
2002/2/24,1089.839966
2002/2/25,1109.430054
2002/2/26,1109.380005
2002/2/27,1109.890015
2002/2/28,1106.72998
2002/3/1,1131.780029
2002/3/2,1131.780029
2002/3/3,1131.780029
2002/3/4,1153.839966
2002/3/5,1146.140015
2002/3/6,1162.77002
2002/3/7,1157.540039
2002/3/8,1164.310059
2002/3/9,1164.310059
2002/3/10,1164.310059
2002/3/11,1168.26001
2002/3/12,1165.579956
2002/3/13,1154.089966
2002/3/14,1153.040039
2002/3/15,1166.160034
2002/3/16,1166.160034
2002/3/17,1166.160034
2002/3/18,1165.550049
2002/3/19,1170.290039
2002/3/20,1151.849976
2002/3/21,1153.589966
2002/3/22,1148.699951
2002/3/23,1148.699951
2002/3/24,1148.699951
2002/3/25,1131.869995
2002/3/26,1138.48999
2002/3/27,1144.579956
2002/3/28,1147.390015
2002/3/29,1147.390015
2002/3/30,1147.390015
2002/3/31,1147.390015
2002/4/1,1146.540039
2002/4/2,1136.76001
2002/4/3,1125.400024
2002/4/4,1126.339966
2002/4/5,1122.72998
2002/4/6,1122.72998
2002/4/7,1122.72998
2002/4/8,1125.290039
2002/4/9,1117.800049
2002/4/10,1130.469971
2002/4/11,1103.689941
2002/4/12,1111.01001
2002/4/13,1111.01001
2002/4/14,1111.01001
2002/4/15,1102.550049
2002/4/16,1128.369995
2002/4/17,1126.069946
2002/4/18,1124.469971
2002/4/19,1125.170044
2002/4/20,1125.170044
2002/4/21,1125.170044
2002/4/22,1107.829956
2002/4/23,1100.959961
2002/4/24,1093.140015
2002/4/25,1091.47998
2002/4/26,1076.319946
2002/4/27,1076.319946
2002/4/28,1076.319946
2002/4/29,1065.449951
2002/4/30,1076.920044
2002/5/1,1086.459961
2002/5/2,1084.560059
2002/5/3,1073.430054
2002/5/4,1073.430054
2002/5/5,1073.430054
2002/5/6,1052.670044
2002/5/7,1049.48999
2002/5/8,1088.849976
2002/5/9,1073.01001
2002/5/10,1054.98999
2002/5/11,1054.98999
2002/5/12,1054.98999
2002/5/13,1074.560059
2002/5/14,1097.280029
2002/5/15,1091.069946
2002/5/16,1098.22998
2002/5/17,1106.589966
2002/5/18,1106.589966
2002/5/19,1106.589966
2002/5/20,1091.880005
2002/5/21,1079.880005
2002/5/22,1086.02002
2002/5/23,1097.079956
2002/5/24,1083.819946
2002/5/25,1083.819946
2002/5/26,1083.819946
2002/5/27,1083.819946
2002/5/28,1074.550049
2002/5/29,1067.660034
2002/5/30,1064.660034
2002/5/31,1067.140015
2002/6/1,1067.140015
2002/6/2,1067.140015
2002/6/3,1040.680054
2002/6/4,1040.689941
2002/6/5,1049.900024
2002/6/6,1029.150024
2002/6/7,1027.530029
2002/6/8,1027.530029
2002/6/9,1027.530029
2002/6/10,1030.73999
2002/6/11,1013.599976
2002/6/12,1020.26001
2002/6/13,1009.559998
2002/6/14,1007.27002
2002/6/15,1007.27002
2002/6/16,1007.27002
2002/6/17,1036.170044
2002/6/18,1037.140015
2002/6/19,1019.98999
2002/6/20,1006.289978
2002/6/21,989.1400146
2002/6/22,989.1400146
2002/6/23,989.1400146
2002/6/24,992.7199707
2002/6/25,976.1400146
2002/6/26,973.5300293
2002/6/27,990.6400146
2002/6/28,989.8200073
2002/6/29,989.8200073
2002/6/30,989.8200073
2002/7/1,968.6500244
2002/7/2,948.0900269
2002/7/3,953.9899902
2002/7/4,953.9899902
2002/7/5,989.0300293
2002/7/6,989.0300293
2002/7/7,989.0300293
2002/7/8,976.9799805
2002/7/9,952.8300171
2002/7/10,920.4699707
2002/7/11,927.3699951
2002/7/12,921.3900146
2002/7/13,921.3900146
2002/7/14,921.3900146
2002/7/15,917.9299927
2002/7/16,900.9400024
2002/7/17,906.039978
2002/7/18,881.5599976
2002/7/19,847.75
2002/7/20,847.75
2002/7/21,847.75
2002/7/22,819.8499756
2002/7/23,797.7000122
2002/7/24,843.4299927
2002/7/25,838.6799927
2002/7/26,852.8400269
2002/7/27,852.8400269
2002/7/28,852.8400269
2002/7/29,898.960022
2002/7/30,902.7800293
2002/7/31,911.6199951
2002/8/1,884.6599731
2002/8/2,864.2399902
2002/8/3,864.2399902
2002/8/4,864.2399902
2002/8/5,834.5999756
2002/8/6,859.5700073
2002/8/7,876.7700195
2002/8/8,905.460022
2002/8/9,908.6400146
2002/8/10,908.6400146
2002/8/11,908.6400146
2002/8/12,903.7999878
2002/8/13,884.210022
2002/8/14,919.6199951
2002/8/15,930.25
2002/8/16,928.7700195
2002/8/17,928.7700195
2002/8/18,928.7700195
2002/8/19,950.7000122
2002/8/20,937.4299927
2002/8/21,949.3599854
2002/8/22,962.7000122
2002/8/23,940.8599854
2002/8/24,940.8599854
2002/8/25,940.8599854
2002/8/26,947.9500122
2002/8/27,934.8200073
2002/8/28,917.8699951
2002/8/29,917.7999878
2002/8/30,916.0700073
2002/8/31,916.0700073
2002/9/1,916.0700073
2002/9/2,916.0700073
2002/9/3,878.0200195
2002/9/4,893.4000244
2002/9/5,879.1500244
2002/9/6,893.9199829
2002/9/7,893.9199829
2002/9/8,893.9199829
2002/9/9,902.960022
2002/9/10,909.5800171
2002/9/11,909.4500122
2002/9/12,886.9099731
2002/9/13,889.8099976
2002/9/14,889.8099976
2002/9/15,889.8099976
2002/9/16,891.0999756
2002/9/17,873.5200195
2002/9/18,869.460022
2002/9/19,843.3200073
2002/9/20,845.3900146
2002/9/21,845.3900146
2002/9/22,845.3900146
2002/9/23,833.7000122
2002/9/24,819.289978
2002/9/25,839.6599731
2002/9/26,854.9500122
2002/9/27,827.3699951
2002/9/28,827.3699951
2002/9/29,827.3699951
2002/9/30,815.2800293
2002/10/1,847.9099731
2002/10/2,827.9099731
2002/10/3,818.9500122
2002/10/4,800.5800171
2002/10/5,800.5800171
2002/10/6,800.5800171
2002/10/7,785.2800293
2002/10/8,798.5499878
2002/10/9,776.7600098
2002/10/10,803.9199829
2002/10/11,835.3200073
2002/10/12,835.3200073
2002/10/13,835.3200073
2002/10/14,841.4400024
2002/10/15,881.2700195
2002/10/16,860.0200195
2002/10/17,879.2000122
2002/10/18,884.3900146
2002/10/19,884.3900146
2002/10/20,884.3900146
2002/10/21,899.7199707
2002/10/22,890.1599731
2002/10/23,896.1400146
2002/10/24,882.5
2002/10/25,897.6500244
2002/10/26,897.6500244
2002/10/27,897.6500244
2002/10/28,890.2299805
2002/10/29,882.1500244
2002/10/30,890.710022
2002/10/31,885.7600098
2002/11/1,900.960022
2002/11/2,900.960022
2002/11/3,900.960022
2002/11/4,908.3499756
2002/11/5,915.3900146
2002/11/6,923.7600098
2002/11/7,902.6500244
2002/11/8,894.7399902
2002/11/9,894.7399902
2002/11/10,894.7399902
2002/11/11,876.1900024
2002/11/12,882.9500122
2002/11/13,882.5300293
2002/11/14,904.2700195
2002/11/15,909.8300171
2002/11/16,909.8300171
2002/11/17,909.8300171
2002/11/18,900.3599854
2002/11/19,896.7399902
2002/11/20,914.1500244
2002/11/21,933.7600098
2002/11/22,930.5499878
2002/11/23,930.5499878
2002/11/24,930.5499878
2002/11/25,932.8699951
2002/11/26,913.3099976
2002/11/27,938.8699951
2002/11/28,938.8699951
2002/11/29,936.3099976
2002/11/30,936.3099976
2002/12/1,936.3099976
2002/12/2,934.5300293
2002/12/3,920.75
2002/12/4,917.5800171
2002/12/5,906.5499878
2002/12/6,912.2299805
2002/12/7,912.2299805
2002/12/8,912.2299805
2002/12/9,892
2002/12/10,904.4500122
2002/12/11,904.960022
2002/12/12,901.5800171
2002/12/13,889.4799805
2002/12/14,889.4799805
2002/12/15,889.4799805
2002/12/16,910.4000244
2002/12/17,902.9899902
2002/12/18,891.1199951
2002/12/19,884.25
2002/12/20,895.7600098
2002/12/21,895.7600098
2002/12/22,895.7600098
2002/12/23,897.3800049
2002/12/24,892.4699707
2002/12/25,892.4699707
2002/12/26,889.6599731
2002/12/27,875.4000244
2002/12/28,875.4000244
2002/12/29,875.4000244
2002/12/30,879.3900146
2002/12/31,879.8200073
2003/1/1,879.8200073
2003/1/2,909.0300293
2003/1/3,908.5900269
2003/1/4,908.5900269
2003/1/5,908.5900269
2003/1/6,929.0100098
2003/1/7,922.9299927
2003/1/8,909.9299927
2003/1/9,927.5700073
2003/1/10,927.5700073
2003/1/11,927.5700073
2003/1/12,927.5700073
2003/1/13,926.2600098
2003/1/14,931.6599731
2003/1/15,918.2199707
2003/1/16,914.5999756
2003/1/17,901.7800293
2003/1/18,901.7800293
2003/1/19,901.7800293
2003/1/20,901.7800293
2003/1/21,887.6199951
2003/1/22,878.3599854
2003/1/23,887.3400269
2003/1/24,861.4000244
2003/1/25,861.4000244
2003/1/26,861.4000244
2003/1/27,847.4799805
2003/1/28,858.539978
2003/1/29,864.3599854
2003/1/30,844.6099854
2003/1/31,855.7000122
2003/2/1,855.7000122
2003/2/2,855.7000122
2003/2/3,860.3200073
2003/2/4,848.2000122
2003/2/5,843.5900269
2003/2/6,838.1500244
2003/2/7,829.6900024
2003/2/8,829.6900024
2003/2/9,829.6900024
2003/2/10,835.9699707
2003/2/11,829.2000122
2003/2/12,818.6799927
2003/2/13,817.3699951
2003/2/14,834.8900146
2003/2/15,834.8900146
2003/2/16,834.8900146
2003/2/17,834.8900146
2003/2/18,851.1699829
2003/2/19,845.1300049
2003/2/20,837.0999756
2003/2/21,848.1699829
2003/2/22,848.1699829
2003/2/23,848.1699829
2003/2/24,832.5800171
2003/2/25,838.5700073
2003/2/26,827.5499878
2003/2/27,837.2800293
2003/2/28,841.1500244
2003/3/1,841.1500244
2003/3/2,841.1500244
2003/3/3,834.8099976
2003/3/4,821.9899902
2003/3/5,829.8499756
2003/3/6,822.0999756
2003/3/7,828.8900146
2003/3/8,828.8900146
2003/3/9,828.8900146
2003/3/10,807.4799805
2003/3/11,800.7299805
2003/3/12,804.1900024
2003/3/13,831.9000244
2003/3/14,833.2700195
2003/3/15,833.2700195
2003/3/16,833.2700195
2003/3/17,862.789978
2003/3/18,866.4500122
2003/3/19,874.0200195
2003/3/20,875.6699829
2003/3/21,895.789978
2003/3/22,895.789978
2003/3/23,895.789978
2003/3/24,864.2299805
2003/3/25,874.7399902
2003/3/26,869.9500122
2003/3/27,868.5200195
2003/3/28,863.5
2003/3/29,863.5
2003/3/30,863.5
2003/3/31,848.1799927
2003/4/1,858.4799805
2003/4/2,880.9000244
2003/4/3,876.4500122
2003/4/4,878.8499756
2003/4/5,878.8499756
2003/4/6,878.8499756
2003/4/7,879.9299927
2003/4/8,878.289978
2003/4/9,865.9899902
2003/4/10,871.5800171
2003/4/11,868.2999878
2003/4/12,868.2999878
2003/4/13,868.2999878
2003/4/14,885.2299805
2003/4/15,890.8099976
2003/4/16,879.9099731
2003/4/17,893.5800171
2003/4/18,893.5800171
2003/4/19,893.5800171
2003/4/20,893.5800171
2003/4/21,892.0100098
2003/4/22,911.3699951
2003/4/23,919.0200195
2003/4/24,911.4299927
2003/4/25,898.8099976
2003/4/26,898.8099976
2003/4/27,898.8099976
2003/4/28,914.8400269
2003/4/29,917.8400269
2003/4/30,916.9199829
2003/5/1,916.2999878
2003/5/2,930.0800171
2003/5/3,930.0800171
2003/5/4,930.0800171
2003/5/5,926.5499878
2003/5/6,934.3900146
2003/5/7,929.6199951
2003/5/8,920.2700195
2003/5/9,933.4099731
2003/5/10,933.4099731
2003/5/11,933.4099731
2003/5/12,945.1099854
2003/5/13,942.2999878
2003/5/14,939.2800293
2003/5/15,946.6699829
2003/5/16,944.2999878
2003/5/17,944.2999878
2003/5/18,944.2999878
2003/5/19,920.7700195
2003/5/20,919.7299805
2003/5/21,923.4199829
2003/5/22,931.8699951
2003/5/23,933.2199707
2003/5/24,933.2199707
2003/5/25,933.2199707
2003/5/26,933.2199707
2003/5/27,951.4799805
2003/5/28,953.2199707
2003/5/29,949.6400146
2003/5/30,963.5900269
2003/5/31,963.5900269
2003/6/1,963.5900269
2003/6/2,967
2003/6/3,971.5599976
2003/6/4,986.2399902
2003/6/5,990.1400146
2003/6/6,987.7600098
2003/6/7,987.7600098
2003/6/8,987.7600098
2003/6/9,975.9299927
2003/6/10,984.8400269
2003/6/11,997.4799805
2003/6/12,998.5100098
2003/6/13,988.6099854
2003/6/14,988.6099854
2003/6/15,988.6099854
2003/6/16,1010.73999
2003/6/17,1011.659973
2003/6/18,1010.090027
2003/6/19,994.7000122
2003/6/20,995.6900024
2003/6/21,995.6900024
2003/6/22,995.6900024
2003/6/23,981.6400146
2003/6/24,983.4500122
2003/6/25,975.3200073
2003/6/26,985.8200073
2003/6/27,976.2199707
2003/6/28,976.2199707
2003/6/29,976.2199707
2003/6/30,974.5
2003/7/1,982.3200073
2003/7/2,993.75
2003/7/3,985.7000122
2003/7/4,985.7000122
2003/7/5,985.7000122
2003/7/6,985.7000122
2003/7/7,1004.419983
2003/7/8,1007.840027
2003/7/9,1002.210022
2003/7/10,988.7000122
2003/7/11,998.1400146
2003/7/12,998.1400146
2003/7/13,998.1400146
2003/7/14,1003.859985
2003/7/15,1000.419983
2003/7/16,994.0900269
2003/7/17,981.7299805
2003/7/18,993.3200073
2003/7/19,993.3200073
2003/7/20,993.3200073
2003/7/21,978.7999878
2003/7/22,988.1099854
2003/7/23,988.6099854
2003/7/24,981.5999756
2003/7/25,998.6799927
2003/7/26,998.6799927
2003/7/27,998.6799927
2003/7/28,996.5200195
2003/7/29,989.2800293
2003/7/30,987.4899902
2003/7/31,990.3099976
2003/8/1,980.1500244
2003/8/2,980.1500244
2003/8/3,980.1500244
2003/8/4,982.8200073
2003/8/5,965.460022
2003/8/6,967.0800171
2003/8/7,974.1199951
2003/8/8,977.5900269
2003/8/9,977.5900269
2003/8/10,977.5900269
2003/8/11,980.5900269
2003/8/12,990.3499756
2003/8/13,984.0300293
2003/8/14,990.5100098
2003/8/15,990.6699829
2003/8/16,990.6699829
2003/8/17,990.6699829
2003/8/18,999.7399902
2003/8/19,1002.349976
2003/8/20,1000.299988
2003/8/21,1003.27002
2003/8/22,993.0599976
2003/8/23,993.0599976
2003/8/24,993.0599976
2003/8/25,993.710022
2003/8/26,996.7299805
2003/8/27,996.789978
2003/8/28,1002.840027
2003/8/29,1008.01001
2003/8/30,1008.01001
2003/8/31,1008.01001
2003/9/1,1008.01001
2003/9/2,1021.98999
2003/9/3,1026.27002
2003/9/4,1027.969971
2003/9/5,1021.390015
2003/9/6,1021.390015
2003/9/7,1021.390015
2003/9/8,1031.640015
2003/9/9,1023.169983
2003/9/10,1010.919983
2003/9/11,1016.419983
2003/9/12,1018.630005
2003/9/13,1018.630005
2003/9/14,1018.630005
2003/9/15,1014.809998
2003/9/16,1029.319946
2003/9/17,1025.969971
2003/9/18,1039.579956
2003/9/19,1036.300049
2003/9/20,1036.300049
2003/9/21,1036.300049
2003/9/22,1022.820007
2003/9/23,1029.030029
2003/9/24,1009.380005
2003/9/25,1003.27002
2003/9/26,996.8499756
2003/9/27,996.8499756
2003/9/28,996.8499756
2003/9/29,1006.580017
2003/9/30,995.9699707
2003/10/1,1018.219971
2003/10/2,1020.23999
2003/10/3,1029.849976
2003/10/4,1029.849976
2003/10/5,1029.849976
2003/10/6,1034.349976
2003/10/7,1039.25
2003/10/8,1033.780029
2003/10/9,1038.72998
2003/10/10,1038.060059
2003/10/11,1038.060059
2003/10/12,1038.060059
2003/10/13,1045.349976
2003/10/14,1049.47998
2003/10/15,1046.76001
2003/10/16,1050.069946
2003/10/17,1039.319946
2003/10/18,1039.319946
2003/10/19,1039.319946
2003/10/20,1044.680054
2003/10/21,1046.030029
2003/10/22,1030.359985
2003/10/23,1033.77002
2003/10/24,1028.910034
2003/10/25,1028.910034
2003/10/26,1028.910034
2003/10/27,1031.130005
2003/10/28,1046.790039
2003/10/29,1048.109985
2003/10/30,1046.939941
2003/10/31,1050.709961
2003/11/1,1050.709961
2003/11/2,1050.709961
2003/11/3,1059.02002
2003/11/4,1053.25
2003/11/5,1051.810059
2003/11/6,1058.050049
2003/11/7,1053.209961
2003/11/8,1053.209961
2003/11/9,1053.209961
2003/11/10,1047.109985
2003/11/11,1046.569946
2003/11/12,1058.530029
2003/11/13,1058.410034
2003/11/14,1050.349976
2003/11/15,1050.349976
2003/11/16,1050.349976
2003/11/17,1043.630005
2003/11/18,1034.150024
2003/11/19,1042.439941
2003/11/20,1033.650024
2003/11/21,1035.280029
2003/11/22,1035.280029
2003/11/23,1035.280029
2003/11/24,1052.079956
2003/11/25,1053.890015
2003/11/26,1058.449951
2003/11/27,1058.449951
2003/11/28,1058.199951
2003/11/29,1058.199951
2003/11/30,1058.199951
2003/12/1,1070.119995
2003/12/2,1066.619995
2003/12/3,1064.72998
2003/12/4,1069.719971
2003/12/5,1061.5
2003/12/6,1061.5
2003/12/7,1061.5
2003/12/8,1069.300049
2003/12/9,1060.180054
2003/12/10,1059.050049
2003/12/11,1071.209961
2003/12/12,1074.140015
2003/12/13,1074.140015
2003/12/14,1074.140015
2003/12/15,1068.040039
2003/12/16,1075.130005
2003/12/17,1076.47998
2003/12/18,1089.180054
2003/12/19,1088.660034
2003/12/20,1088.660034
2003/12/21,1088.660034
2003/12/22,1092.939941
2003/12/23,1096.02002
2003/12/24,1094.040039
2003/12/25,1094.040039
2003/12/26,1095.890015
2003/12/27,1095.890015
2003/12/28,1095.890015
2003/12/29,1109.47998
2003/12/30,1109.640015
2003/12/31,1111.920044
2004/1/1,1111.920044
2004/1/2,1108.47998
2004/1/3,1108.47998
2004/1/4,1108.47998
2004/1/5,1122.219971
2004/1/6,1123.670044
2004/1/7,1126.329956
2004/1/8,1131.920044
2004/1/9,1121.859985
2004/1/10,1121.859985
2004/1/11,1121.859985
2004/1/12,1127.22998
2004/1/13,1121.219971
2004/1/14,1130.52002
2004/1/15,1132.050049
2004/1/16,1139.829956
2004/1/17,1139.829956
2004/1/18,1139.829956
2004/1/19,1139.829956
2004/1/20,1138.77002
2004/1/21,1147.619995
2004/1/22,1143.939941
2004/1/23,1141.550049
2004/1/24,1141.550049
2004/1/25,1141.550049
2004/1/26,1155.369995
2004/1/27,1144.050049
2004/1/28,1128.47998
2004/1/29,1134.109985
2004/1/30,1131.130005
2004/1/31,1131.130005
2004/2/1,1131.130005
2004/2/2,1135.26001
2004/2/3,1136.030029
2004/2/4,1126.52002
2004/2/5,1128.589966
2004/2/6,1142.76001
2004/2/7,1142.76001
2004/2/8,1142.76001
2004/2/9,1139.810059
2004/2/10,1145.540039
2004/2/11,1157.76001
2004/2/12,1152.109985
2004/2/13,1145.810059
2004/2/14,1145.810059
2004/2/15,1145.810059
2004/2/16,1145.810059
2004/2/17,1156.98999
2004/2/18,1151.819946
2004/2/19,1147.060059
2004/2/20,1144.109985
2004/2/21,1144.109985
2004/2/22,1144.109985
2004/2/23,1140.98999
2004/2/24,1139.089966
2004/2/25,1143.670044
2004/2/26,1144.910034
2004/2/27,1144.939941
2004/2/28,1144.939941
2004/2/29,1144.939941
2004/3/1,1155.969971
2004/3/2,1149.099976
2004/3/3,1151.030029
2004/3/4,1154.869995
2004/3/5,1156.859985
2004/3/6,1156.859985
2004/3/7,1156.859985
2004/3/8,1147.199951
2004/3/9,1140.579956
2004/3/10,1123.890015
2004/3/11,1106.780029
2004/3/12,1120.569946
2004/3/13,1120.569946
2004/3/14,1120.569946
2004/3/15,1104.48999
2004/3/16,1110.699951
2004/3/17,1123.75
2004/3/18,1122.319946
2004/3/19,1109.780029
2004/3/20,1109.780029
2004/3/21,1109.780029
2004/3/22,1095.400024
2004/3/23,1093.949951
2004/3/24,1091.329956
2004/3/25,1109.189941
2004/3/26,1108.060059
2004/3/27,1108.060059
2004/3/28,1108.060059
2004/3/29,1122.469971
2004/3/30,1127
2004/3/31,1126.209961
2004/4/1,1132.170044
2004/4/2,1141.810059
2004/4/3,1141.810059
2004/4/4,1141.810059
2004/4/5,1150.569946
2004/4/6,1148.160034
2004/4/7,1140.530029
2004/4/8,1139.319946
2004/4/9,1139.319946
2004/4/10,1139.319946
2004/4/11,1139.319946
2004/4/12,1145.199951
2004/4/13,1129.439941
2004/4/14,1128.170044
2004/4/15,1128.839966
2004/4/16,1134.609985
2004/4/17,1134.609985
2004/4/18,1134.609985
2004/4/19,1135.819946
2004/4/20,1118.150024
2004/4/21,1124.089966
2004/4/22,1139.930054
2004/4/23,1140.599976
2004/4/24,1140.599976
2004/4/25,1140.599976
2004/4/26,1135.530029
2004/4/27,1138.109985
2004/4/28,1122.410034
2004/4/29,1113.890015
2004/4/30,1107.300049
2004/5/1,1107.300049
2004/5/2,1107.300049
2004/5/3,1117.48999
2004/5/4,1119.550049
2004/5/5,1121.530029
2004/5/6,1113.98999
2004/5/7,1098.699951
2004/5/8,1098.699951
2004/5/9,1098.699951
2004/5/10,1087.119995
2004/5/11,1095.449951
2004/5/12,1097.280029
2004/5/13,1096.439941
2004/5/14,1095.699951
2004/5/15,1095.699951
2004/5/16,1095.699951
2004/5/17,1084.099976
2004/5/18,1091.48999
2004/5/19,1088.680054
2004/5/20,1089.189941
2004/5/21,1093.560059
2004/5/22,1093.560059
2004/5/23,1093.560059
2004/5/24,1095.410034
2004/5/25,1113.050049
2004/5/26,1114.939941
2004/5/27,1121.280029
2004/5/28,1120.680054
2004/5/29,1120.680054
2004/5/30,1120.680054
2004/5/31,1120.680054
2004/6/1,1121.199951
2004/6/2,1124.98999
2004/6/3,1116.640015
2004/6/4,1122.5
2004/6/5,1122.5
2004/6/6,1122.5
2004/6/7,1140.420044
2004/6/8,1142.180054
2004/6/9,1131.329956
2004/6/10,1136.469971
2004/6/11,1136.469971
2004/6/12,1136.469971
2004/6/13,1136.469971
2004/6/14,1125.290039
2004/6/15,1132.01001
2004/6/16,1133.560059
2004/6/17,1132.050049
2004/6/18,1135.02002
2004/6/19,1135.02002
2004/6/20,1135.02002
2004/6/21,1130.300049
2004/6/22,1134.410034
2004/6/23,1144.060059
2004/6/24,1140.650024
2004/6/25,1134.430054
2004/6/26,1134.430054
2004/6/27,1134.430054
2004/6/28,1133.349976
2004/6/29,1136.199951
2004/6/30,1140.839966
2004/7/1,1128.939941
2004/7/2,1125.380005
2004/7/3,1125.380005
2004/7/4,1125.380005
2004/7/5,1125.380005
2004/7/6,1116.209961
2004/7/7,1118.329956
2004/7/8,1109.109985
2004/7/9,1112.810059
2004/7/10,1112.810059
2004/7/11,1112.810059
2004/7/12,1114.349976
2004/7/13,1115.140015
2004/7/14,1111.469971
2004/7/15,1106.689941
2004/7/16,1101.390015
2004/7/17,1101.390015
2004/7/18,1101.390015
2004/7/19,1100.900024
2004/7/20,1108.670044
2004/7/21,1093.880005
2004/7/22,1096.839966
2004/7/23,1086.199951
2004/7/24,1086.199951
2004/7/25,1086.199951
2004/7/26,1084.069946
2004/7/27,1094.829956
2004/7/28,1095.420044
2004/7/29,1100.430054
2004/7/30,1101.719971
2004/7/31,1101.719971
2004/8/1,1101.719971
2004/8/2,1106.619995
2004/8/3,1099.689941
2004/8/4,1098.630005
2004/8/5,1080.699951
2004/8/6,1063.969971
2004/8/7,1063.969971
2004/8/8,1063.969971
2004/8/9,1065.219971
2004/8/10,1079.040039
2004/8/11,1075.790039
2004/8/12,1063.22998
2004/8/13,1064.800049
2004/8/14,1064.800049
2004/8/15,1064.800049
2004/8/16,1079.339966
2004/8/17,1081.709961
2004/8/18,1095.170044
2004/8/19,1091.22998
2004/8/20,1098.349976
2004/8/21,1098.349976
2004/8/22,1098.349976
2004/8/23,1095.680054
2004/8/24,1096.189941
2004/8/25,1104.959961
2004/8/26,1105.089966
2004/8/27,1107.77002
2004/8/28,1107.77002
2004/8/29,1107.77002
2004/8/30,1099.150024
2004/8/31,1104.23999
2004/9/1,1105.910034
2004/9/2,1118.310059
2004/9/3,1113.630005
2004/9/4,1113.630005
2004/9/5,1113.630005
2004/9/6,1113.630005
2004/9/7,1121.300049
2004/9/8,1116.27002
2004/9/9,1118.380005
2004/9/10,1123.920044
2004/9/11,1123.920044
2004/9/12,1123.920044
2004/9/13,1125.819946
2004/9/14,1128.329956
2004/9/15,1120.369995
2004/9/16,1123.5
2004/9/17,1128.550049
2004/9/18,1128.550049
2004/9/19,1128.550049
2004/9/20,1122.199951
2004/9/21,1129.300049
2004/9/22,1113.560059
2004/9/23,1108.359985
2004/9/24,1110.109985
2004/9/25,1110.109985
2004/9/26,1110.109985
2004/9/27,1103.52002
2004/9/28,1110.060059
2004/9/29,1114.800049
2004/9/30,1114.579956
2004/10/1,1131.5
2004/10/2,1131.5
2004/10/3,1131.5
2004/10/4,1135.170044
2004/10/5,1134.47998
2004/10/6,1142.050049
2004/10/7,1130.650024
2004/10/8,1122.140015
2004/10/9,1122.140015
2004/10/10,1122.140015
2004/10/11,1124.390015
2004/10/12,1121.839966
2004/10/13,1113.650024
2004/10/14,1103.290039
2004/10/15,1108.199951
2004/10/16,1108.199951
2004/10/17,1108.199951
2004/10/18,1114.02002
2004/10/19,1103.22998
2004/10/20,1103.660034
2004/10/21,1106.48999
2004/10/22,1095.73999
2004/10/23,1095.73999
2004/10/24,1095.73999
2004/10/25,1094.800049
2004/10/26,1111.089966
2004/10/27,1125.400024
2004/10/28,1127.439941
2004/10/29,1130.199951
2004/10/30,1130.199951
2004/10/31,1130.199951
2004/11/1,1130.51001
2004/11/2,1130.560059
2004/11/3,1143.199951
2004/11/4,1161.670044
2004/11/5,1166.170044
2004/11/6,1166.170044
2004/11/7,1166.170044
2004/11/8,1164.890015
2004/11/9,1164.079956
2004/11/10,1162.910034
2004/11/11,1173.47998
2004/11/12,1184.170044
2004/11/13,1184.170044
2004/11/14,1184.170044
2004/11/15,1183.810059
2004/11/16,1175.430054
2004/11/17,1181.939941
2004/11/18,1183.550049
2004/11/19,1170.339966
2004/11/20,1170.339966
2004/11/21,1170.339966
2004/11/22,1177.23999
2004/11/23,1176.939941
2004/11/24,1181.76001
2004/11/25,1181.76001
2004/11/26,1182.650024
2004/11/27,1182.650024
2004/11/28,1182.650024
2004/11/29,1178.569946
2004/11/30,1173.819946
2004/12/1,1191.369995
2004/12/2,1190.329956
2004/12/3,1191.170044
2004/12/4,1191.170044
2004/12/5,1191.170044
2004/12/6,1190.25
2004/12/7,1177.069946
2004/12/8,1182.810059
2004/12/9,1189.23999
2004/12/10,1188
2004/12/11,1188
2004/12/12,1188
2004/12/13,1198.680054
2004/12/14,1203.380005
2004/12/15,1205.719971
2004/12/16,1203.209961
2004/12/17,1194.199951
2004/12/18,1194.199951
2004/12/19,1194.199951
2004/12/20,1194.650024
2004/12/21,1205.449951
2004/12/22,1209.569946
2004/12/23,1210.130005
2004/12/24,1210.130005
2004/12/25,1210.130005
2004/12/26,1210.130005
2004/12/27,1204.920044
2004/12/28,1213.540039
2004/12/29,1213.449951
2004/12/30,1213.550049
2004/12/31,1211.920044
2005/1/1,1211.920044
2005/1/2,1211.920044
2005/1/3,1202.079956
2005/1/4,1188.050049
2005/1/5,1183.73999
2005/1/6,1187.890015
2005/1/7,1186.189941
2005/1/8,1186.189941
2005/1/9,1186.189941
2005/1/10,1190.25
2005/1/11,1182.98999
2005/1/12,1187.699951
2005/1/13,1177.449951
2005/1/14,1184.52002
2005/1/15,1184.52002
2005/1/16,1184.52002
2005/1/17,1184.52002
2005/1/18,1195.97998
2005/1/19,1184.630005
2005/1/20,1175.410034
2005/1/21,1167.869995
2005/1/22,1167.869995
2005/1/23,1167.869995
2005/1/24,1163.75
2005/1/25,1168.410034
2005/1/26,1174.069946
2005/1/27,1174.550049
2005/1/28,1171.359985
2005/1/29,1171.359985
2005/1/30,1171.359985
2005/1/31,1181.27002
2005/2/1,1189.410034
2005/2/2,1193.189941
2005/2/3,1189.890015
2005/2/4,1203.030029
2005/2/5,1203.030029
2005/2/6,1203.030029
2005/2/7,1201.719971
2005/2/8,1202.300049
2005/2/9,1191.98999
2005/2/10,1197.01001
2005/2/11,1205.300049
2005/2/12,1205.300049
2005/2/13,1205.300049
2005/2/14,1206.140015
2005/2/15,1210.119995
2005/2/16,1210.339966
2005/2/17,1200.75
2005/2/18,1201.589966
2005/2/19,1201.589966
2005/2/20,1201.589966
2005/2/21,1201.589966
2005/2/22,1184.160034
2005/2/23,1190.800049
2005/2/24,1200.199951
2005/2/25,1211.369995
2005/2/26,1211.369995
2005/2/27,1211.369995
2005/2/28,1203.599976
2005/3/1,1210.410034
2005/3/2,1210.079956
2005/3/3,1210.469971
2005/3/4,1222.119995
2005/3/5,1222.119995
2005/3/6,1222.119995
2005/3/7,1225.310059
2005/3/8,1219.430054
2005/3/9,1207.01001
2005/3/10,1209.25
2005/3/11,1200.079956
2005/3/12,1200.079956
2005/3/13,1200.079956
2005/3/14,1206.829956
2005/3/15,1197.75
2005/3/16,1188.069946
2005/3/17,1190.209961
2005/3/18,1189.650024
2005/3/19,1189.650024
2005/3/20,1189.650024
2005/3/21,1183.780029
2005/3/22,1171.709961
2005/3/23,1172.530029
2005/3/24,1171.420044
2005/3/25,1171.420044
2005/3/26,1171.420044
2005/3/27,1171.420044
2005/3/28,1174.280029
2005/3/29,1165.359985
2005/3/30,1181.410034
2005/3/31,1180.589966
2005/4/1,1172.920044
2005/4/2,1172.920044
2005/4/3,1172.920044
2005/4/4,1176.119995
2005/4/5,1181.390015
2005/4/6,1184.069946
2005/4/7,1191.140015
2005/4/8,1181.199951
2005/4/9,1181.199951
2005/4/10,1181.199951
2005/4/11,1181.209961
2005/4/12,1187.76001
2005/4/13,1173.790039
2005/4/14,1162.050049
2005/4/15,1142.619995
2005/4/16,1142.619995
2005/4/17,1142.619995
2005/4/18,1145.97998
2005/4/19,1152.780029
2005/4/20,1137.5
2005/4/21,1159.949951
2005/4/22,1152.119995
2005/4/23,1152.119995
2005/4/24,1152.119995
2005/4/25,1162.099976
2005/4/26,1151.829956
2005/4/27,1156.380005
2005/4/28,1143.219971
2005/4/29,1156.849976
2005/4/30,1156.849976
2005/5/1,1156.849976
2005/5/2,1162.160034
2005/5/3,1161.170044
2005/5/4,1175.650024
2005/5/5,1172.630005
2005/5/6,1171.349976
2005/5/7,1171.349976
2005/5/8,1171.349976
2005/5/9,1178.839966
2005/5/10,1166.219971
2005/5/11,1171.109985
2005/5/12,1159.359985
2005/5/13,1154.050049
2005/5/14,1154.050049
2005/5/15,1154.050049
2005/5/16,1165.689941
2005/5/17,1173.800049
2005/5/18,1185.560059
2005/5/19,1191.079956
2005/5/20,1189.280029
2005/5/21,1189.280029
2005/5/22,1189.280029
2005/5/23,1193.859985
2005/5/24,1194.069946
2005/5/25,1190.01001
2005/5/26,1197.619995
2005/5/27,1198.780029
2005/5/28,1198.780029
2005/5/29,1198.780029
2005/5/30,1198.780029
2005/5/31,1191.5
2005/6/1,1202.219971
2005/6/2,1204.290039
2005/6/3,1196.02002
2005/6/4,1196.02002
2005/6/5,1196.02002
2005/6/6,1197.51001
2005/6/7,1197.26001
2005/6/8,1194.670044
2005/6/9,1200.930054
2005/6/10,1198.109985
2005/6/11,1198.109985
2005/6/12,1198.109985
2005/6/13,1200.819946
2005/6/14,1203.910034
2005/6/15,1206.579956
2005/6/16,1210.959961
2005/6/17,1216.959961
2005/6/18,1216.959961
2005/6/19,1216.959961
2005/6/20,1216.099976
2005/6/21,1213.609985
2005/6/22,1213.880005
2005/6/23,1200.72998
2005/6/24,1191.569946
2005/6/25,1191.569946
2005/6/26,1191.569946
2005/6/27,1190.689941
2005/6/28,1201.569946
2005/6/29,1199.849976
2005/6/30,1191.329956
2005/7/1,1194.439941
2005/7/2,1194.439941
2005/7/3,1194.439941
2005/7/4,1194.439941
2005/7/5,1204.98999
2005/7/6,1194.939941
2005/7/7,1197.869995
2005/7/8,1211.859985
2005/7/9,1211.859985
2005/7/10,1211.859985
2005/7/11,1219.439941
2005/7/12,1222.209961
2005/7/13,1223.290039
2005/7/14,1226.5
2005/7/15,1227.920044
2005/7/16,1227.920044
2005/7/17,1227.920044
2005/7/18,1221.130005
2005/7/19,1229.349976
2005/7/20,1235.199951
2005/7/21,1227.040039
2005/7/22,1233.680054
2005/7/23,1233.680054
2005/7/24,1233.680054
2005/7/25,1229.030029
2005/7/26,1231.160034
2005/7/27,1236.790039
2005/7/28,1243.719971
2005/7/29,1234.180054
2005/7/30,1234.180054
2005/7/31,1234.180054
2005/8/1,1235.349976
2005/8/2,1244.119995
2005/8/3,1245.040039
2005/8/4,1235.859985
2005/8/5,1226.420044
2005/8/6,1226.420044
2005/8/7,1226.420044
2005/8/8,1223.130005
2005/8/9,1231.380005
2005/8/10,1229.130005
2005/8/11,1237.810059
2005/8/12,1230.390015
2005/8/13,1230.390015
2005/8/14,1230.390015
2005/8/15,1233.869995
2005/8/16,1219.339966
2005/8/17,1220.23999
2005/8/18,1219.02002
2005/8/19,1219.709961
2005/8/20,1219.709961
2005/8/21,1219.709961
2005/8/22,1221.72998
2005/8/23,1217.589966
2005/8/24,1209.589966
2005/8/25,1212.369995
2005/8/26,1205.099976
2005/8/27,1205.099976
2005/8/28,1205.099976
2005/8/29,1212.280029
2005/8/30,1208.410034
2005/8/31,1220.329956
2005/9/1,1221.589966
2005/9/2,1218.02002
2005/9/3,1218.02002
2005/9/4,1218.02002
2005/9/5,1218.02002
2005/9/6,1233.390015
2005/9/7,1236.359985
2005/9/8,1231.670044
2005/9/9,1241.47998
2005/9/10,1241.47998
2005/9/11,1241.47998
2005/9/12,1240.560059
2005/9/13,1231.199951
2005/9/14,1227.160034
2005/9/15,1227.72998
2005/9/16,1237.910034
2005/9/17,1237.910034
2005/9/18,1237.910034
2005/9/19,1231.02002
2005/9/20,1221.339966
2005/9/21,1210.199951
2005/9/22,1214.619995
2005/9/23,1215.290039
2005/9/24,1215.290039
2005/9/25,1215.290039
2005/9/26,1215.630005
2005/9/27,1215.660034
2005/9/28,1216.890015
2005/9/29,1227.680054
2005/9/30,1228.810059
2005/10/1,1228.810059
2005/10/2,1228.810059
2005/10/3,1226.699951
2005/10/4,1214.469971
2005/10/5,1196.390015
2005/10/6,1191.48999
2005/10/7,1195.900024
2005/10/8,1195.900024
2005/10/9,1195.900024
2005/10/10,1187.329956
2005/10/11,1184.869995
2005/10/12,1177.680054
2005/10/13,1176.839966
2005/10/14,1186.569946
2005/10/15,1186.569946
2005/10/16,1186.569946
2005/10/17,1190.099976
2005/10/18,1178.140015
2005/10/19,1195.76001
2005/10/20,1177.800049
2005/10/21,1179.589966
2005/10/22,1179.589966
2005/10/23,1179.589966
2005/10/24,1199.380005
2005/10/25,1196.540039
2005/10/26,1191.380005
2005/10/27,1178.900024
2005/10/28,1198.410034
2005/10/29,1198.410034
2005/10/30,1198.410034
2005/10/31,1207.01001
2005/11/1,1202.76001
2005/11/2,1214.76001
2005/11/3,1219.939941
2005/11/4,1220.140015
2005/11/5,1220.140015
2005/11/6,1220.140015
2005/11/7,1222.810059
2005/11/8,1218.589966
2005/11/9,1220.650024
2005/11/10,1230.959961
2005/11/11,1234.719971
2005/11/12,1234.719971
2005/11/13,1234.719971
2005/11/14,1233.76001
2005/11/15,1229.01001
2005/11/16,1231.209961
2005/11/17,1242.800049
2005/11/18,1248.27002
2005/11/19,1248.27002
2005/11/20,1248.27002
2005/11/21,1254.849976
2005/11/22,1261.22998
2005/11/23,1265.609985
2005/11/24,1265.609985
2005/11/25,1268.25
2005/11/26,1268.25
2005/11/27,1268.25
2005/11/28,1257.459961
2005/11/29,1257.47998
2005/11/30,1249.47998
2005/12/1,1264.670044
2005/12/2,1265.079956
2005/12/3,1265.079956
2005/12/4,1265.079956
2005/12/5,1262.089966
2005/12/6,1263.699951
2005/12/7,1257.369995
2005/12/8,1255.839966
2005/12/9,1259.369995
2005/12/10,1259.369995
2005/12/11,1259.369995
2005/12/12,1260.430054
2005/12/13,1267.430054
2005/12/14,1272.73999
2005/12/15,1270.939941
2005/12/16,1267.319946
2005/12/17,1267.319946
2005/12/18,1267.319946
2005/12/19,1259.920044
2005/12/20,1259.619995
2005/12/21,1262.790039
2005/12/22,1268.119995
2005/12/23,1268.660034
2005/12/24,1268.660034
2005/12/25,1268.660034
2005/12/26,1268.660034
2005/12/27,1256.540039
2005/12/28,1258.170044
2005/12/29,1254.420044
2005/12/30,1248.290039
2005/12/31,1248.290039
2006/1/1,1248.290039
2006/1/2,1248.290039
2006/1/3,1268.800049
2006/1/4,1273.459961
2006/1/5,1273.47998
2006/1/6,1285.449951
2006/1/7,1285.449951
2006/1/8,1285.449951
2006/1/9,1290.150024
2006/1/10,1289.689941
2006/1/11,1294.180054
2006/1/12,1286.060059
2006/1/13,1287.609985
2006/1/14,1287.609985
2006/1/15,1287.609985
2006/1/16,1287.609985
2006/1/17,1282.930054
2006/1/18,1277.930054
2006/1/19,1285.040039
2006/1/20,1261.48999
2006/1/21,1261.48999
2006/1/22,1261.48999
2006/1/23,1263.819946
2006/1/24,1266.859985
2006/1/25,1264.680054
2006/1/26,1273.829956
2006/1/27,1283.719971
2006/1/28,1283.719971
2006/1/29,1283.719971
2006/1/30,1285.189941
2006/1/31,1280.079956
2006/2/1,1282.459961
2006/2/2,1270.839966
2006/2/3,1264.030029
2006/2/4,1264.030029
2006/2/5,1264.030029
2006/2/6,1265.02002
2006/2/7,1254.780029
2006/2/8,1265.650024
2006/2/9,1263.780029
2006/2/10,1266.98999
2006/2/11,1266.98999
2006/2/12,1266.98999
2006/2/13,1262.859985
2006/2/14,1275.530029
2006/2/15,1280
2006/2/16,1289.380005
2006/2/17,1287.23999
2006/2/18,1287.23999
2006/2/19,1287.23999
2006/2/20,1287.23999
2006/2/21,1283.030029
2006/2/22,1292.670044
2006/2/23,1287.790039
2006/2/24,1289.430054
2006/2/25,1289.430054
2006/2/26,1289.430054
2006/2/27,1294.119995
2006/2/28,1280.660034
2006/3/1,1291.23999
2006/3/2,1289.140015
2006/3/3,1287.22998
2006/3/4,1287.22998
2006/3/5,1287.22998
2006/3/6,1278.26001
2006/3/7,1275.880005
2006/3/8,1278.469971
2006/3/9,1272.22998
2006/3/10,1281.420044
2006/3/11,1281.420044
2006/3/12,1281.420044
2006/3/13,1284.130005
2006/3/14,1297.47998
2006/3/15,1303.02002
2006/3/16,1305.329956
2006/3/17,1307.25
2006/3/18,1307.25
2006/3/19,1307.25
2006/3/20,1305.079956
2006/3/21,1297.22998
2006/3/22,1305.040039
2006/3/23,1301.670044
2006/3/24,1302.949951
2006/3/25,1302.949951
2006/3/26,1302.949951
2006/3/27,1301.609985
2006/3/28,1293.22998
2006/3/29,1302.890015
2006/3/30,1300.25
2006/3/31,1294.869995
2006/4/1,1294.869995
2006/4/2,1294.869995
2006/4/3,1297.810059
2006/4/4,1305.930054
2006/4/5,1311.560059
2006/4/6,1309.040039
2006/4/7,1295.5
2006/4/8,1295.5
2006/4/9,1295.5
2006/4/10,1296.619995
2006/4/11,1286.569946
2006/4/12,1288.119995
2006/4/13,1289.119995
2006/4/14,1289.119995
2006/4/15,1289.119995
2006/4/16,1289.119995
2006/4/17,1285.329956
2006/4/18,1307.280029
2006/4/19,1309.930054
2006/4/20,1311.459961
2006/4/21,1311.280029
2006/4/22,1311.280029
2006/4/23,1311.280029
2006/4/24,1308.109985
2006/4/25,1301.73999
2006/4/26,1305.410034
2006/4/27,1309.719971
2006/4/28,1310.609985
2006/4/29,1310.609985
2006/4/30,1310.609985
2006/5/1,1305.189941
2006/5/2,1313.209961
2006/5/3,1308.119995
2006/5/4,1312.25
2006/5/5,1325.76001
2006/5/6,1325.76001
2006/5/7,1325.76001
2006/5/8,1324.660034
2006/5/9,1325.140015
2006/5/10,1322.849976
2006/5/11,1305.920044
2006/5/12,1291.23999
2006/5/13,1291.23999
2006/5/14,1291.23999
2006/5/15,1294.5
2006/5/16,1292.079956
2006/5/17,1270.319946
2006/5/18,1261.810059
2006/5/19,1267.030029
2006/5/20,1267.030029
2006/5/21,1267.030029
2006/5/22,1262.069946
2006/5/23,1256.579956
2006/5/24,1258.569946
2006/5/25,1272.880005
2006/5/26,1280.160034
2006/5/27,1280.160034
2006/5/28,1280.160034
2006/5/29,1280.160034
2006/5/30,1259.869995
2006/5/31,1270.089966
2006/6/1,1285.709961
2006/6/2,1288.219971
2006/6/3,1288.219971
2006/6/4,1288.219971
2006/6/5,1265.290039
2006/6/6,1263.849976
2006/6/7,1256.150024
2006/6/8,1257.930054
2006/6/9,1252.300049
2006/6/10,1252.300049
2006/6/11,1252.300049
2006/6/12,1237.439941
2006/6/13,1223.689941
2006/6/14,1230.040039
2006/6/15,1256.160034
2006/6/16,1251.540039
2006/6/17,1251.540039
2006/6/18,1251.540039
2006/6/19,1240.130005
2006/6/20,1240.119995
2006/6/21,1252.199951
2006/6/22,1245.599976
2006/6/23,1244.5
2006/6/24,1244.5
2006/6/25,1244.5
2006/6/26,1250.560059
2006/6/27,1239.199951
2006/6/28,1246
2006/6/29,1272.869995
2006/6/30,1270.199951
2006/7/1,1270.199951
2006/7/2,1270.199951
2006/7/3,1280.189941
2006/7/4,1280.189941
2006/7/5,1270.910034
2006/7/6,1274.079956
2006/7/7,1265.47998
2006/7/8,1265.47998
2006/7/9,1265.47998
2006/7/10,1267.339966
2006/7/11,1272.430054
2006/7/12,1258.599976
2006/7/13,1242.280029
2006/7/14,1236.199951
2006/7/15,1236.199951
2006/7/16,1236.199951
2006/7/17,1234.48999
2006/7/18,1236.859985
2006/7/19,1259.810059
2006/7/20,1249.130005
2006/7/21,1240.290039
2006/7/22,1240.290039
2006/7/23,1240.290039
2006/7/24,1260.910034
2006/7/25,1268.880005
2006/7/26,1268.400024
2006/7/27,1263.199951
2006/7/28,1278.550049
2006/7/29,1278.550049
2006/7/30,1278.550049
2006/7/31,1276.660034
2006/8/1,1270.920044
2006/8/2,1277.410034
2006/8/3,1280.27002
2006/8/4,1279.359985
2006/8/5,1279.359985
2006/8/6,1279.359985
2006/8/7,1275.77002
2006/8/8,1271.47998
2006/8/9,1265.949951
2006/8/10,1271.810059
2006/8/11,1266.73999
2006/8/12,1266.73999
2006/8/13,1266.73999
2006/8/14,1268.209961
2006/8/15,1285.579956
2006/8/16,1295.430054
2006/8/17,1297.47998
2006/8/18,1302.300049
2006/8/19,1302.300049
2006/8/20,1302.300049
2006/8/21,1297.52002
2006/8/22,1298.819946
2006/8/23,1292.98999
2006/8/24,1296.060059
2006/8/25,1295.089966
2006/8/26,1295.089966
2006/8/27,1295.089966
2006/8/28,1301.780029
2006/8/29,1304.280029
2006/8/30,1305.369995
2006/8/31,1303.819946
2006/9/1,1311.01001
2006/9/2,1311.01001
2006/9/3,1311.01001
2006/9/4,1311.01001
2006/9/5,1313.25
2006/9/6,1300.26001
2006/9/7,1294.02002
2006/9/8,1298.920044
2006/9/9,1298.920044
2006/9/10,1298.920044
2006/9/11,1299.540039
2006/9/12,1313
2006/9/13,1318.069946
2006/9/14,1316.280029
2006/9/15,1319.660034
2006/9/16,1319.660034
2006/9/17,1319.660034
2006/9/18,1321.180054
2006/9/19,1317.640015
2006/9/20,1325.180054
2006/9/21,1318.030029
2006/9/22,1314.780029
2006/9/23,1314.780029
2006/9/24,1314.780029
2006/9/25,1326.369995
2006/9/26,1336.349976
2006/9/27,1336.589966
2006/9/28,1338.880005
2006/9/29,1335.849976
2006/9/30,1335.849976
2006/10/1,1335.849976
2006/10/2,1331.319946
2006/10/3,1334.109985
2006/10/4,1350.199951
2006/10/5,1353.219971
2006/10/6,1349.589966
2006/10/7,1349.589966
2006/10/8,1349.589966
2006/10/9,1350.660034
2006/10/10,1353.420044
2006/10/11,1349.949951
2006/10/12,1362.829956
2006/10/13,1365.619995
2006/10/14,1365.619995
2006/10/15,1365.619995
2006/10/16,1369.060059
2006/10/17,1364.050049
2006/10/18,1365.800049
2006/10/19,1366.959961
2006/10/20,1368.599976
2006/10/21,1368.599976
2006/10/22,1368.599976
2006/10/23,1377.02002
2006/10/24,1377.380005
2006/10/25,1382.219971
2006/10/26,1389.079956
2006/10/27,1377.339966
2006/10/28,1377.339966
2006/10/29,1377.339966
2006/10/30,1377.930054
2006/10/31,1377.939941
2006/11/1,1367.810059
2006/11/2,1367.339966
2006/11/3,1364.300049
2006/11/4,1364.300049
2006/11/5,1364.300049
2006/11/6,1379.780029
2006/11/7,1382.839966
2006/11/8,1385.719971
2006/11/9,1378.329956
2006/11/10,1380.900024
2006/11/11,1380.900024
2006/11/12,1380.900024
2006/11/13,1384.420044
2006/11/14,1393.219971
2006/11/15,1396.569946
2006/11/16,1399.76001
2006/11/17,1401.199951
2006/11/18,1401.199951
2006/11/19,1401.199951
2006/11/20,1400.5
2006/11/21,1402.810059
2006/11/22,1406.089966
2006/11/23,1406.089966
2006/11/24,1400.949951
2006/11/25,1400.949951
2006/11/26,1400.949951
2006/11/27,1381.959961
2006/11/28,1386.719971
2006/11/29,1399.47998
2006/11/30,1400.630005
2006/12/1,1396.709961
2006/12/2,1396.709961
2006/12/3,1396.709961
2006/12/4,1409.119995
2006/12/5,1414.76001
2006/12/6,1412.900024
2006/12/7,1407.290039
2006/12/8,1409.839966
2006/12/9,1409.839966
2006/12/10,1409.839966
2006/12/11,1413.040039
2006/12/12,1411.560059
2006/12/13,1413.209961
2006/12/14,1425.48999
2006/12/15,1427.089966
2006/12/16,1427.089966
2006/12/17,1427.089966
2006/12/18,1422.47998
2006/12/19,1425.550049
2006/12/20,1423.530029
2006/12/21,1418.300049
2006/12/22,1410.76001
2006/12/23,1410.76001
2006/12/24,1410.76001
2006/12/25,1410.76001
2006/12/26,1416.900024
2006/12/27,1426.839966
2006/12/28,1424.72998
2006/12/29,1418.300049
2006/12/30,1418.300049
2006/12/31,1418.300049
2007/1/1,1418.300049
2007/1/2,1418.300049
2007/1/3,1416.599976
2007/1/4,1418.339966
2007/1/5,1409.709961
2007/1/6,1409.709961
2007/1/7,1409.709961
2007/1/8,1412.839966
2007/1/9,1412.109985
2007/1/10,1414.849976
2007/1/11,1423.819946
2007/1/12,1430.72998
2007/1/13,1430.72998
2007/1/14,1430.72998
2007/1/15,1430.72998
2007/1/16,1431.900024
2007/1/17,1430.619995
2007/1/18,1426.369995
2007/1/19,1430.5
2007/1/20,1430.5
2007/1/21,1430.5
2007/1/22,1422.949951
2007/1/23,1427.98999
2007/1/24,1440.130005
2007/1/25,1423.900024
2007/1/26,1422.180054
2007/1/27,1422.180054
2007/1/28,1422.180054
2007/1/29,1420.619995
2007/1/30,1428.819946
2007/1/31,1438.23999
2007/2/1,1445.939941
2007/2/2,1448.390015
2007/2/3,1448.390015
2007/2/4,1448.390015
2007/2/5,1446.98999
2007/2/6,1448
2007/2/7,1450.02002
2007/2/8,1448.310059
2007/2/9,1438.060059
2007/2/10,1438.060059
2007/2/11,1438.060059
2007/2/12,1433.369995
2007/2/13,1444.26001
2007/2/14,1455.300049
2007/2/15,1456.810059
2007/2/16,1455.540039
2007/2/17,1455.540039
2007/2/18,1455.540039
2007/2/19,1455.540039
2007/2/20,1459.680054
2007/2/21,1457.630005
2007/2/22,1456.380005
2007/2/23,1451.189941
2007/2/24,1451.189941
2007/2/25,1451.189941
2007/2/26,1449.369995
2007/2/27,1399.040039
2007/2/28,1406.819946
2007/3/1,1403.170044
2007/3/2,1387.170044
2007/3/3,1387.170044
2007/3/4,1387.170044
2007/3/5,1374.119995
2007/3/6,1395.410034
2007/3/7,1391.969971
2007/3/8,1401.890015
2007/3/9,1402.839966
2007/3/10,1402.839966
2007/3/11,1402.839966
2007/3/12,1406.599976
2007/3/13,1377.949951
2007/3/14,1387.170044
2007/3/15,1392.280029
2007/3/16,1386.949951
2007/3/17,1386.949951
2007/3/18,1386.949951
2007/3/19,1402.060059
2007/3/20,1410.939941
2007/3/21,1435.040039
2007/3/22,1434.540039
2007/3/23,1436.109985
2007/3/24,1436.109985
2007/3/25,1436.109985
2007/3/26,1437.5
2007/3/27,1428.609985
2007/3/28,1417.22998
2007/3/29,1422.530029
2007/3/30,1420.859985
2007/3/31,1420.859985
2007/4/1,1420.859985
2007/4/2,1424.550049
2007/4/3,1437.77002
2007/4/4,1439.369995
2007/4/5,1443.76001
2007/4/6,1443.76001
2007/4/7,1443.76001
2007/4/8,1443.76001
2007/4/9,1444.609985
2007/4/10,1448.390015
2007/4/11,1438.869995
2007/4/12,1447.800049
2007/4/13,1452.849976
2007/4/14,1452.849976
2007/4/15,1452.849976
2007/4/16,1468.329956
2007/4/17,1471.47998
2007/4/18,1472.5
2007/4/19,1470.72998
2007/4/20,1484.349976
2007/4/21,1484.349976
2007/4/22,1484.349976
2007/4/23,1480.930054
2007/4/24,1480.410034
2007/4/25,1495.420044
2007/4/26,1494.25
2007/4/27,1494.069946
2007/4/28,1494.069946
2007/4/29,1494.069946
2007/4/30,1482.369995
2007/5/1,1486.300049
2007/5/2,1495.920044
2007/5/3,1502.390015
2007/5/4,1505.619995
2007/5/5,1505.619995
2007/5/6,1505.619995
2007/5/7,1509.47998
2007/5/8,1507.719971
2007/5/9,1512.579956
2007/5/10,1491.469971
2007/5/11,1505.849976
2007/5/12,1505.849976
2007/5/13,1505.849976
2007/5/14,1503.150024
2007/5/15,1501.189941
2007/5/16,1514.140015
2007/5/17,1512.75
2007/5/18,1522.75
2007/5/19,1522.75
2007/5/20,1522.75
2007/5/21,1525.099976
2007/5/22,1524.119995
2007/5/23,1522.280029
2007/5/24,1507.51001
2007/5/25,1515.72998
2007/5/26,1515.72998
2007/5/27,1515.72998
2007/5/28,1515.72998
2007/5/29,1518.109985
2007/5/30,1530.22998
2007/5/31,1530.619995
2007/6/1,1536.339966
2007/6/2,1536.339966
2007/6/3,1536.339966
2007/6/4,1539.180054
2007/6/5,1530.949951
2007/6/6,1517.380005
2007/6/7,1490.719971
2007/6/8,1507.670044
2007/6/9,1507.670044
2007/6/10,1507.670044
2007/6/11,1509.119995
2007/6/12,1493
2007/6/13,1515.670044
2007/6/14,1522.969971
2007/6/15,1532.910034
2007/6/16,1532.910034
2007/6/17,1532.910034
2007/6/18,1531.050049
2007/6/19,1533.699951
2007/6/20,1512.839966
2007/6/21,1522.189941
2007/6/22,1502.560059
2007/6/23,1502.560059
2007/6/24,1502.560059
2007/6/25,1497.73999
2007/6/26,1492.890015
2007/6/27,1506.339966
2007/6/28,1505.709961
2007/6/29,1503.349976
2007/6/30,1503.349976
2007/7/1,1503.349976
2007/7/2,1519.430054
2007/7/3,1524.869995
2007/7/4,1524.869995
2007/7/5,1525.400024
2007/7/6,1530.439941
2007/7/7,1530.439941
2007/7/8,1530.439941
2007/7/9,1531.849976
2007/7/10,1510.119995
2007/7/11,1518.76001
2007/7/12,1547.699951
2007/7/13,1552.5
2007/7/14,1552.5
2007/7/15,1552.5
2007/7/16,1549.52002
2007/7/17,1549.369995
2007/7/18,1546.170044
2007/7/19,1553.079956
2007/7/20,1534.099976
2007/7/21,1534.099976
2007/7/22,1534.099976
2007/7/23,1541.569946
2007/7/24,1511.040039
2007/7/25,1518.089966
2007/7/26,1482.660034
2007/7/27,1458.949951
2007/7/28,1458.949951
2007/7/29,1458.949951
2007/7/30,1473.910034
2007/7/31,1455.27002
2007/8/1,1465.810059
2007/8/2,1472.199951
2007/8/3,1433.060059
2007/8/4,1433.060059
2007/8/5,1433.060059
2007/8/6,1467.670044
2007/8/7,1476.709961
2007/8/8,1497.48999
2007/8/9,1453.089966
2007/8/10,1453.640015
2007/8/11,1453.640015
2007/8/12,1453.640015
2007/8/13,1452.920044
2007/8/14,1426.540039
2007/8/15,1406.699951
2007/8/16,1411.27002
2007/8/17,1445.939941
2007/8/18,1445.939941
2007/8/19,1445.939941
2007/8/20,1445.550049
2007/8/21,1447.119995
2007/8/22,1464.069946
2007/8/23,1462.5
2007/8/24,1479.369995
2007/8/25,1479.369995
2007/8/26,1479.369995
2007/8/27,1466.790039
2007/8/28,1432.359985
2007/8/29,1463.76001
2007/8/30,1457.640015
2007/8/31,1473.98999
2007/9/1,1473.98999
2007/9/2,1473.98999
2007/9/3,1473.98999
2007/9/4,1489.420044
2007/9/5,1472.290039
2007/9/6,1478.550049
2007/9/7,1453.550049
2007/9/8,1453.550049
2007/9/9,1453.550049
2007/9/10,1451.699951
2007/9/11,1471.48999
2007/9/12,1471.560059
2007/9/13,1483.949951
2007/9/14,1484.25
2007/9/15,1484.25
2007/9/16,1484.25
2007/9/17,1476.650024
2007/9/18,1519.780029
2007/9/19,1529.030029
2007/9/20,1518.75
2007/9/21,1525.75
2007/9/22,1525.75
2007/9/23,1525.75
2007/9/24,1517.72998
2007/9/25,1517.209961
2007/9/26,1525.420044
2007/9/27,1531.380005
2007/9/28,1526.75
2007/9/29,1526.75
2007/9/30,1526.75
2007/10/1,1547.040039
2007/10/2,1546.630005
2007/10/3,1539.589966
2007/10/4,1542.839966
2007/10/5,1557.589966
2007/10/6,1557.589966
2007/10/7,1557.589966
2007/10/8,1552.579956
2007/10/9,1565.150024
2007/10/10,1562.469971
2007/10/11,1554.410034
2007/10/12,1561.800049
2007/10/13,1561.800049
2007/10/14,1561.800049
2007/10/15,1548.709961
2007/10/16,1538.530029
2007/10/17,1541.23999
2007/10/18,1540.079956
2007/10/19,1500.630005
2007/10/20,1500.630005
2007/10/21,1500.630005
2007/10/22,1506.329956
2007/10/23,1519.589966
2007/10/24,1515.880005
2007/10/25,1514.400024
2007/10/26,1535.280029
2007/10/27,1535.280029
2007/10/28,1535.280029
2007/10/29,1540.97998
2007/10/30,1531.02002
2007/10/31,1549.380005
2007/11/1,1508.439941
2007/11/2,1509.650024
2007/11/3,1509.650024
2007/11/4,1509.650024
2007/11/5,1502.170044
2007/11/6,1520.27002
2007/11/7,1475.619995
2007/11/8,1474.77002
2007/11/9,1453.699951
2007/11/10,1453.699951
2007/11/11,1453.699951
2007/11/12,1439.180054
2007/11/13,1481.050049
2007/11/14,1470.579956
2007/11/15,1451.150024
2007/11/16,1458.73999
2007/11/17,1458.73999
2007/11/18,1458.73999
2007/11/19,1433.27002
2007/11/20,1439.699951
2007/11/21,1416.77002
2007/11/22,1416.77002
2007/11/23,1440.699951
2007/11/24,1440.699951
2007/11/25,1440.699951
2007/11/26,1407.219971
2007/11/27,1428.22998
2007/11/28,1469.02002
2007/11/29,1469.719971
2007/11/30,1481.140015
2007/12/1,1481.140015
2007/12/2,1481.140015
2007/12/3,1472.420044
2007/12/4,1462.790039
2007/12/5,1485.01001
2007/12/6,1507.339966
2007/12/7,1504.660034
2007/12/8,1504.660034
2007/12/9,1504.660034
2007/12/10,1515.959961
2007/12/11,1477.650024
2007/12/12,1486.589966
2007/12/13,1488.410034
2007/12/14,1467.949951
2007/12/15,1467.949951
2007/12/16,1467.949951
2007/12/17,1445.900024
2007/12/18,1454.97998
2007/12/19,1453
2007/12/20,1460.119995
2007/12/21,1484.459961
2007/12/22,1484.459961
2007/12/23,1484.459961
2007/12/24,1496.449951
2007/12/25,1496.449951
2007/12/26,1497.660034
2007/12/27,1476.27002
2007/12/28,1478.48999
2007/12/29,1478.48999
2007/12/30,1478.48999
2007/12/31,1468.359985
2008/1/1,1468.359985
2008/1/2,1447.160034
2008/1/3,1447.160034
2008/1/4,1411.630005
2008/1/5,1411.630005
2008/1/6,1411.630005
2008/1/7,1416.180054
2008/1/8,1390.189941
2008/1/9,1409.130005
2008/1/10,1420.329956
2008/1/11,1401.02002
2008/1/12,1401.02002
2008/1/13,1401.02002
2008/1/14,1416.25
2008/1/15,1380.949951
2008/1/16,1373.199951
2008/1/17,1333.25
2008/1/18,1325.189941
2008/1/19,1325.189941
2008/1/20,1325.189941
2008/1/21,1325.189941
2008/1/22,1310.5
2008/1/23,1338.599976
2008/1/24,1352.069946
2008/1/25,1330.609985
2008/1/26,1330.609985
2008/1/27,1330.609985
2008/1/28,1353.959961
2008/1/29,1362.300049
2008/1/30,1355.810059
2008/1/31,1378.550049
2008/2/1,1395.420044
2008/2/2,1395.420044
2008/2/3,1395.420044
2008/2/4,1380.819946
2008/2/5,1336.640015
2008/2/6,1326.449951
2008/2/7,1336.910034
2008/2/8,1331.290039
2008/2/9,1331.290039
2008/2/10,1331.290039
2008/2/11,1339.130005
2008/2/12,1348.859985
2008/2/13,1367.209961
2008/2/14,1348.859985
2008/2/15,1349.98999
2008/2/16,1349.98999
2008/2/17,1349.98999
2008/2/18,1349.98999
2008/2/19,1348.780029
2008/2/20,1360.030029
2008/2/21,1342.530029
2008/2/22,1353.109985
2008/2/23,1353.109985
2008/2/24,1353.109985
2008/2/25,1371.800049
2008/2/26,1381.290039
2008/2/27,1380.02002
2008/2/28,1367.680054
2008/2/29,1330.630005
2008/3/1,1330.630005
2008/3/2,1330.630005
2008/3/3,1331.339966
2008/3/4,1326.75
2008/3/5,1333.699951
2008/3/6,1304.339966
2008/3/7,1293.369995
2008/3/8,1293.369995
2008/3/9,1293.369995
2008/3/10,1273.369995
2008/3/11,1320.650024
2008/3/12,1308.77002
2008/3/13,1315.47998
2008/3/14,1288.140015
2008/3/15,1288.140015
2008/3/16,1288.140015
2008/3/17,1276.599976
2008/3/18,1330.73999
2008/3/19,1298.420044
2008/3/20,1329.51001
2008/3/21,1329.51001
2008/3/22,1329.51001
2008/3/23,1329.51001
2008/3/24,1349.880005
2008/3/25,1352.98999
2008/3/26,1341.130005
2008/3/27,1325.76001
2008/3/28,1315.219971
2008/3/29,1315.219971
2008/3/30,1315.219971
2008/3/31,1322.699951
2008/4/1,1370.180054
2008/4/2,1367.530029
2008/4/3,1369.310059
2008/4/4,1370.400024
2008/4/5,1370.400024
2008/4/6,1370.400024
2008/4/7,1372.540039
2008/4/8,1365.540039
2008/4/9,1354.48999
2008/4/10,1360.550049
2008/4/11,1332.829956
2008/4/12,1332.829956
2008/4/13,1332.829956
2008/4/14,1328.319946
2008/4/15,1334.430054
2008/4/16,1364.709961
2008/4/17,1365.560059
2008/4/18,1390.329956
2008/4/19,1390.329956
2008/4/20,1390.329956
2008/4/21,1388.170044
2008/4/22,1375.939941
2008/4/23,1379.930054
2008/4/24,1388.819946
2008/4/25,1397.839966
2008/4/26,1397.839966
2008/4/27,1397.839966
2008/4/28,1396.369995
2008/4/29,1390.939941
2008/4/30,1385.589966
2008/5/1,1409.339966
2008/5/2,1413.900024
2008/5/3,1413.900024
2008/5/4,1413.900024
2008/5/5,1407.48999
2008/5/6,1418.26001
2008/5/7,1392.569946
2008/5/8,1397.680054
2008/5/9,1388.280029
2008/5/10,1388.280029
2008/5/11,1388.280029
2008/5/12,1403.579956
2008/5/13,1403.040039
2008/5/14,1408.660034
2008/5/15,1423.569946
2008/5/16,1425.349976
2008/5/17,1425.349976
2008/5/18,1425.349976
2008/5/19,1426.630005
2008/5/20,1413.400024
2008/5/21,1390.709961
2008/5/22,1394.349976
2008/5/23,1375.930054
2008/5/24,1375.930054
2008/5/25,1375.930054
2008/5/26,1375.930054
2008/5/27,1385.349976
2008/5/28,1390.839966
2008/5/29,1398.26001
2008/5/30,1400.380005
2008/5/31,1400.380005
2008/6/1,1400.380005
2008/6/2,1385.670044
2008/6/3,1377.650024
2008/6/4,1377.199951
2008/6/5,1404.050049
2008/6/6,1360.680054
2008/6/7,1360.680054
2008/6/8,1360.680054
2008/6/9,1361.76001
2008/6/10,1358.439941
2008/6/11,1335.48999
2008/6/12,1339.869995
2008/6/13,1360.030029
2008/6/14,1360.030029
2008/6/15,1360.030029
2008/6/16,1360.140015
2008/6/17,1350.930054
2008/6/18,1337.810059
2008/6/19,1342.829956
2008/6/20,1317.930054
2008/6/21,1317.930054
2008/6/22,1317.930054
2008/6/23,1318
2008/6/24,1314.290039
2008/6/25,1321.969971
2008/6/26,1283.150024
2008/6/27,1278.380005
2008/6/28,1278.380005
2008/6/29,1278.380005
2008/6/30,1280
2008/7/1,1284.910034
2008/7/2,1261.52002
2008/7/3,1262.900024
2008/7/4,1262.900024
2008/7/5,1262.900024
2008/7/6,1262.900024
2008/7/7,1252.310059
2008/7/8,1273.699951
2008/7/9,1244.689941
2008/7/10,1253.390015
2008/7/11,1239.48999
2008/7/12,1239.48999
2008/7/13,1239.48999
2008/7/14,1228.300049
2008/7/15,1214.910034
2008/7/16,1245.359985
2008/7/17,1260.319946
2008/7/18,1260.680054
2008/7/19,1260.680054
2008/7/20,1260.680054
2008/7/21,1260
2008/7/22,1277
2008/7/23,1282.189941
2008/7/24,1252.540039
2008/7/25,1257.76001
2008/7/26,1257.76001
2008/7/27,1257.76001
2008/7/28,1234.369995
2008/7/29,1263.199951
2008/7/30,1284.26001
2008/7/31,1267.380005
2008/8/1,1260.310059
2008/8/2,1260.310059
2008/8/3,1260.310059
2008/8/4,1249.01001
2008/8/5,1284.880005
2008/8/6,1289.189941
2008/8/7,1266.069946
2008/8/8,1296.319946
2008/8/9,1296.319946
2008/8/10,1296.319946
2008/8/11,1305.319946
2008/8/12,1289.589966
2008/8/13,1285.829956
2008/8/14,1292.930054
2008/8/15,1298.199951
2008/8/16,1298.199951
2008/8/17,1298.199951
2008/8/18,1278.599976
2008/8/19,1266.689941
2008/8/20,1274.540039
2008/8/21,1277.719971
2008/8/22,1292.199951
2008/8/23,1292.199951
2008/8/24,1292.199951
2008/8/25,1266.839966
2008/8/26,1271.51001
2008/8/27,1281.660034
2008/8/28,1300.680054
2008/8/29,1282.829956
2008/8/30,1282.829956
2008/8/31,1282.829956
2008/9/1,1282.829956
2008/9/2,1277.579956
2008/9/3,1274.97998
2008/9/4,1236.829956
2008/9/5,1242.310059
2008/9/6,1242.310059
2008/9/7,1242.310059
2008/9/8,1267.790039
2008/9/9,1224.51001
2008/9/10,1232.040039
2008/9/11,1249.050049
2008/9/12,1251.699951
2008/9/13,1251.699951
2008/9/14,1251.699951
2008/9/15,1192.699951
2008/9/16,1213.599976
2008/9/17,1156.390015
2008/9/18,1206.51001
2008/9/19,1255.079956
2008/9/20,1255.079956
2008/9/21,1255.079956
2008/9/22,1207.089966
2008/9/23,1188.219971
2008/9/24,1185.869995
2008/9/25,1209.180054
2008/9/26,1213.27002
2008/9/27,1213.27002
2008/9/28,1213.27002
2008/9/29,1106.420044
2008/9/30,1166.359985
2008/10/1,1161.060059
2008/10/2,1114.280029
2008/10/3,1099.22998
2008/10/4,1099.22998
2008/10/5,1099.22998
2008/10/6,1056.890015
2008/10/7,996.2299805
2008/10/8,984.9400024
2008/10/9,909.9199829
2008/10/10,899.2199707
2008/10/11,899.2199707
2008/10/12,899.2199707
2008/10/13,1003.349976
2008/10/14,998.0100098
2008/10/15,907.8400269
2008/10/16,946.4299927
2008/10/17,940.5499878
2008/10/18,940.5499878
2008/10/19,940.5499878
2008/10/20,985.4000244
2008/10/21,955.0499878
2008/10/22,896.7800293
2008/10/23,908.1099854
2008/10/24,876.7700195
2008/10/25,876.7700195
2008/10/26,876.7700195
2008/10/27,848.9199829
2008/10/28,940.5100098
2008/10/29,930.0900269
2008/10/30,954.0900269
2008/10/31,968.75
2008/11/1,968.75
2008/11/2,968.75
2008/11/3,966.2999878
2008/11/4,1005.75
2008/11/5,952.7700195
2008/11/6,904.8800049
2008/11/7,930.9899902
2008/11/8,930.9899902
2008/11/9,930.9899902
2008/11/10,919.210022
2008/11/11,898.9500122
2008/11/12,852.2999878
2008/11/13,911.289978
2008/11/14,873.289978
2008/11/15,873.289978
2008/11/16,873.289978
2008/11/17,850.75
2008/11/18,859.1199951
2008/11/19,806.5800171
2008/11/20,752.4400024
2008/11/21,800.0300293
2008/11/22,800.0300293
2008/11/23,800.0300293
2008/11/24,851.8099976
2008/11/25,857.3900146
2008/11/26,887.6799927
2008/11/27,887.6799927
2008/11/28,896.2399902
2008/11/29,896.2399902
2008/11/30,896.2399902
2008/12/1,816.210022
2008/12/2,848.8099976
2008/12/3,870.7399902
2008/12/4,845.2199707
2008/12/5,876.0700073
2008/12/6,876.0700073
2008/12/7,876.0700073
2008/12/8,909.7000122
2008/12/9,888.6699829
2008/12/10,899.2399902
2008/12/11,873.5900269
2008/12/12,879.7299805
2008/12/13,879.7299805
2008/12/14,879.7299805
2008/12/15,868.5700073
2008/12/16,913.1799927
2008/12/17,904.4199829
2008/12/18,885.2800293
2008/12/19,887.8800049
2008/12/20,887.8800049
2008/12/21,887.8800049
2008/12/22,871.6300049
2008/12/23,863.1599731
2008/12/24,868.1500244
2008/12/25,868.1500244
2008/12/26,872.7999878
2008/12/27,872.7999878
2008/12/28,872.7999878
2008/12/29,869.4199829
2008/12/30,890.6400146
2008/12/31,903.25
2009/1/1,903.25
2009/1/2,931.7999878
2009/1/3,931.7999878
2009/1/4,931.7999878
2009/1/5,927.4500122
2009/1/6,934.7000122
2009/1/7,906.6500244
2009/1/8,909.7299805
2009/1/9,890.3499756
2009/1/10,890.3499756
2009/1/11,890.3499756
2009/1/12,870.2600098
2009/1/13,871.789978
2009/1/14,842.6199951
2009/1/15,843.7399902
2009/1/16,850.1199951
2009/1/17,850.1199951
2009/1/18,850.1199951
2009/1/19,850.1199951
2009/1/20,805.2199707
2009/1/21,840.2399902
2009/1/22,827.5
2009/1/23,831.9500122
2009/1/24,831.9500122
2009/1/25,831.9500122
2009/1/26,836.5700073
2009/1/27,845.710022
2009/1/28,874.0900269
2009/1/29,845.1400146
2009/1/30,825.8800049
2009/1/31,825.8800049
2009/2/1,825.8800049
2009/2/2,825.4400024
2009/2/3,838.5100098
2009/2/4,832.2299805
2009/2/5,845.8499756
2009/2/6,868.5999756
2009/2/7,868.5999756
2009/2/8,868.5999756
2009/2/9,869.8900146
2009/2/10,827.1599731
2009/2/11,833.7399902
2009/2/12,835.1900024
2009/2/13,826.8400269
2009/2/14,826.8400269
2009/2/15,826.8400269
2009/2/16,826.8400269
2009/2/17,789.1699829
2009/2/18,788.4199829
2009/2/19,778.9400024
2009/2/20,770.0499878
2009/2/21,770.0499878
2009/2/22,770.0499878
2009/2/23,743.3300171
2009/2/24,773.1400146
2009/2/25,764.9000244
2009/2/26,752.8300171
2009/2/27,735.0900269
2009/2/28,735.0900269
2009/3/1,735.0900269
2009/3/2,700.8200073
2009/3/3,696.3300171
2009/3/4,712.8699951
2009/3/5,682.5499878
2009/3/6,683.3800049
2009/3/7,683.3800049
2009/3/8,683.3800049
2009/3/9,676.5300293
2009/3/10,719.5999756
2009/3/11,721.3599854
2009/3/12,750.7399902
2009/3/13,756.5499878
2009/3/14,756.5499878
2009/3/15,756.5499878
2009/3/16,753.8900146
2009/3/17,778.1199951
2009/3/18,794.3499756
2009/3/19,784.039978
2009/3/20,768.539978
2009/3/21,768.539978
2009/3/22,768.539978
2009/3/23,822.9199829
2009/3/24,806.1199951
2009/3/25,813.8800049
2009/3/26,832.8599854
2009/3/27,815.9400024
2009/3/28,815.9400024
2009/3/29,815.9400024
2009/3/30,787.5300293
2009/3/31,797.8699951
2009/4/1,811.0800171
2009/4/2,834.3800049
2009/4/3,842.5
2009/4/4,842.5
2009/4/5,842.5
2009/4/6,835.4799805
2009/4/7,815.5499878
2009/4/8,825.1599731
2009/4/9,856.5599976
2009/4/10,856.5599976
2009/4/11,856.5599976
2009/4/12,856.5599976
2009/4/13,858.7299805
2009/4/14,841.5
2009/4/15,852.0599976
2009/4/16,865.2999878
2009/4/17,869.5999756
2009/4/18,869.5999756
2009/4/19,869.5999756
2009/4/20,832.3900146
2009/4/21,850.0800171
2009/4/22,843.5499878
2009/4/23,851.9199829
2009/4/24,866.2299805
2009/4/25,866.2299805
2009/4/26,866.2299805
2009/4/27,857.5100098
2009/4/28,855.1599731
2009/4/29,873.6400146
2009/4/30,872.8099976
2009/5/1,877.5200195
2009/5/2,877.5200195
2009/5/3,877.5200195
2009/5/4,907.2399902
2009/5/5,903.7999878
2009/5/6,919.5300293
2009/5/7,907.3900146
2009/5/8,929.2299805
2009/5/9,929.2299805
2009/5/10,929.2299805
2009/5/11,909.2399902
2009/5/12,908.3499756
2009/5/13,883.9199829
2009/5/14,893.0700073
2009/5/15,882.8800049
2009/5/16,882.8800049
2009/5/17,882.8800049
2009/5/18,909.710022
2009/5/19,908.1300049
2009/5/20,903.4699707
2009/5/21,888.3300171
2009/5/22,887
2009/5/23,887
2009/5/24,887
2009/5/25,887
2009/5/26,910.3300171
2009/5/27,893.0599976
2009/5/28,906.8300171
2009/5/29,919.1400146
2009/5/30,919.1400146
2009/5/31,919.1400146
2009/6/1,942.8699951
2009/6/2,944.7399902
2009/6/3,931.7600098
2009/6/4,942.460022
2009/6/5,940.0900269
2009/6/6,940.0900269
2009/6/7,940.0900269
2009/6/8,939.1400146
2009/6/9,942.4299927
2009/6/10,939.1500244
2009/6/11,944.8900146
2009/6/12,946.210022
2009/6/13,946.210022
2009/6/14,946.210022
2009/6/15,923.7199707
2009/6/16,911.9699707
2009/6/17,910.710022
2009/6/18,918.3699951
2009/6/19,921.2299805
2009/6/20,921.2299805
2009/6/21,921.2299805
2009/6/22,893.039978
2009/6/23,895.0999756
2009/6/24,900.9400024
2009/6/25,920.2600098
2009/6/26,918.9000244
2009/6/27,918.9000244
2009/6/28,918.9000244
2009/6/29,927.2299805
2009/6/30,919.3200073
2009/7/1,923.3300171
2009/7/2,896.4199829
2009/7/3,896.4199829
2009/7/4,896.4199829
2009/7/5,896.4199829
2009/7/6,898.7199707
2009/7/7,881.0300293
2009/7/8,879.5599976
2009/7/9,882.6799927
2009/7/10,879.1300049
2009/7/11,879.1300049
2009/7/12,879.1300049
2009/7/13,901.0499878
2009/7/14,905.8400269
2009/7/15,932.6799927
2009/7/16,940.7399902
2009/7/17,940.3800049
2009/7/18,940.3800049
2009/7/19,940.3800049
2009/7/20,951.1300049
2009/7/21,954.5800171
2009/7/22,954.0700073
2009/7/23,976.289978
2009/7/24,979.2600098
2009/7/25,979.2600098
2009/7/26,979.2600098
2009/7/27,982.1799927
2009/7/28,979.6199951
2009/7/29,975.1500244
2009/7/30,986.75
2009/7/31,987.4799805
2009/8/1,987.4799805
2009/8/2,987.4799805
2009/8/3,1002.630005
2009/8/4,1005.650024
2009/8/5,1002.719971
2009/8/6,997.0800171
2009/8/7,1010.47998
2009/8/8,1010.47998
2009/8/9,1010.47998
2009/8/10,1007.099976
2009/8/11,994.3499756
2009/8/12,1005.809998
2009/8/13,1012.72998
2009/8/14,1004.090027
2009/8/15,1004.090027
2009/8/16,1004.090027
2009/8/17,979.7299805
2009/8/18,989.6699829
2009/8/19,996.460022
2009/8/20,1007.369995
2009/8/21,1026.130005
2009/8/22,1026.130005
2009/8/23,1026.130005
2009/8/24,1025.569946
2009/8/25,1028
2009/8/26,1028.119995
2009/8/27,1030.97998
2009/8/28,1028.930054
2009/8/29,1028.930054
2009/8/30,1028.930054
2009/8/31,1020.619995
2009/9/1,998.039978
2009/9/2,994.75
2009/9/3,1003.23999
2009/9/4,1016.400024
2009/9/5,1016.400024
2009/9/6,1016.400024
2009/9/7,1016.400024
2009/9/8,1025.390015
2009/9/9,1033.369995
2009/9/10,1044.140015
2009/9/11,1042.72998
2009/9/12,1042.72998
2009/9/13,1042.72998
2009/9/14,1049.339966
2009/9/15,1052.630005
2009/9/16,1068.76001
2009/9/17,1065.48999
2009/9/18,1068.300049
2009/9/19,1068.300049
2009/9/20,1068.300049
2009/9/21,1064.660034
2009/9/22,1071.660034
2009/9/23,1060.869995
2009/9/24,1050.780029
2009/9/25,1044.380005
2009/9/26,1044.380005
2009/9/27,1044.380005
2009/9/28,1062.97998
2009/9/29,1060.609985
2009/9/30,1057.079956
2009/10/1,1029.849976
2009/10/2,1025.209961
2009/10/3,1025.209961
2009/10/4,1025.209961
2009/10/5,1040.459961
2009/10/6,1054.719971
2009/10/7,1057.579956
2009/10/8,1065.47998
2009/10/9,1071.48999
2009/10/10,1071.48999
2009/10/11,1071.48999
2009/10/12,1076.189941
2009/10/13,1073.189941
2009/10/14,1092.02002
2009/10/15,1096.560059
2009/10/16,1087.680054
2009/10/17,1087.680054
2009/10/18,1087.680054
2009/10/19,1097.910034
2009/10/20,1091.060059
2009/10/21,1081.400024
2009/10/22,1092.910034
2009/10/23,1079.599976
2009/10/24,1079.599976
2009/10/25,1079.599976
2009/10/26,1066.949951
2009/10/27,1063.410034
2009/10/28,1042.630005
2009/10/29,1066.109985
2009/10/30,1036.189941
2009/10/31,1036.189941
2009/11/1,1036.189941
2009/11/2,1042.880005
2009/11/3,1045.410034
2009/11/4,1046.5
2009/11/5,1066.630005
2009/11/6,1069.300049
2009/11/7,1069.300049
2009/11/8,1069.300049
2009/11/9,1093.079956
2009/11/10,1093.01001
2009/11/11,1098.51001
2009/11/12,1087.23999
2009/11/13,1093.47998
2009/11/14,1093.47998
2009/11/15,1093.47998
2009/11/16,1109.300049
2009/11/17,1110.319946
2009/11/18,1109.800049
2009/11/19,1094.900024
2009/11/20,1091.380005
2009/11/21,1091.380005
2009/11/22,1091.380005
2009/11/23,1106.23999
2009/11/24,1105.650024
2009/11/25,1110.630005
2009/11/26,1110.630005
2009/11/27,1091.48999
2009/11/28,1091.48999
2009/11/29,1091.48999
2009/11/30,1095.630005
2009/12/1,1108.859985
2009/12/2,1109.23999
2009/12/3,1099.920044
2009/12/4,1105.97998
2009/12/5,1105.97998
2009/12/6,1105.97998
2009/12/7,1103.25
2009/12/8,1091.939941
2009/12/9,1095.949951
2009/12/10,1102.349976
2009/12/11,1106.410034
2009/12/12,1106.410034
2009/12/13,1106.410034
2009/12/14,1114.109985
2009/12/15,1107.930054
2009/12/16,1109.180054
2009/12/17,1096.079956
2009/12/18,1102.469971
2009/12/19,1102.469971
2009/12/20,1102.469971
2009/12/21,1114.050049
2009/12/22,1118.02002
2009/12/23,1120.589966
2009/12/24,1126.47998
2009/12/25,1126.47998
2009/12/26,1126.47998
2009/12/27,1126.47998
2009/12/28,1127.780029
2009/12/29,1126.199951
2009/12/30,1126.420044
2009/12/31,1115.099976
2010/1/1,1115.099976
2010/1/2,1115.099976
2010/1/3,1115.099976
2010/1/4,1132.98999
2010/1/5,1136.52002
2010/1/6,1137.140015
2010/1/7,1141.689941
2010/1/8,1144.97998
2010/1/9,1144.97998
2010/1/10,1144.97998
2010/1/11,1146.97998
2010/1/12,1136.219971
2010/1/13,1145.680054
2010/1/14,1148.459961
2010/1/15,1136.030029
2010/1/16,1136.030029
2010/1/17,1136.030029
2010/1/18,1136.030029
2010/1/19,1150.22998
2010/1/20,1138.040039
2010/1/21,1116.47998
2010/1/22,1091.76001
2010/1/23,1091.76001
2010/1/24,1091.76001
2010/1/25,1096.780029
2010/1/26,1092.170044
2010/1/27,1097.5
2010/1/28,1084.530029
2010/1/29,1073.869995
2010/1/30,1073.869995
2010/1/31,1073.869995
2010/2/1,1089.189941
2010/2/2,1103.319946
2010/2/3,1097.280029
2010/2/4,1063.109985
2010/2/5,1066.189941
2010/2/6,1066.189941
2010/2/7,1066.189941
2010/2/8,1056.73999
2010/2/9,1070.52002
2010/2/10,1068.130005
2010/2/11,1078.469971
2010/2/12,1075.51001
2010/2/13,1075.51001
2010/2/14,1075.51001
2010/2/15,1075.51001
2010/2/16,1094.869995
2010/2/17,1099.51001
2010/2/18,1106.75
2010/2/19,1109.170044
2010/2/20,1109.170044
2010/2/21,1109.170044
2010/2/22,1108.01001
2010/2/23,1094.599976
2010/2/24,1105.23999
2010/2/25,1102.939941
2010/2/26,1104.48999
2010/2/27,1104.48999
2010/2/28,1104.48999
2010/3/1,1115.709961
2010/3/2,1118.310059
2010/3/3,1118.790039
2010/3/4,1122.969971
2010/3/5,1138.699951
2010/3/6,1138.699951
2010/3/7,1138.699951
2010/3/8,1138.5
2010/3/9,1140.449951
2010/3/10,1145.609985
2010/3/11,1150.23999
2010/3/12,1149.98999
2010/3/13,1149.98999
2010/3/14,1149.98999
2010/3/15,1150.51001
2010/3/16,1159.459961
2010/3/17,1166.209961
2010/3/18,1165.829956
2010/3/19,1159.900024
2010/3/20,1159.900024
2010/3/21,1159.900024
2010/3/22,1165.810059
2010/3/23,1174.170044
2010/3/24,1167.719971
2010/3/25,1165.72998
2010/3/26,1166.589966
2010/3/27,1166.589966
2010/3/28,1166.589966
2010/3/29,1173.219971
2010/3/30,1173.27002
2010/3/31,1169.430054
2010/4/1,1178.099976
2010/4/2,1178.099976
2010/4/3,1178.099976
2010/4/4,1178.099976
2010/4/5,1187.439941
2010/4/6,1189.439941
2010/4/7,1182.449951
2010/4/8,1186.439941
2010/4/9,1194.369995
2010/4/10,1194.369995
2010/4/11,1194.369995
2010/4/12,1196.47998
2010/4/13,1197.300049
2010/4/14,1210.650024
2010/4/15,1211.670044
2010/4/16,1192.130005
2010/4/17,1192.130005
2010/4/18,1192.130005
2010/4/19,1197.52002
2010/4/20,1207.170044
2010/4/21,1205.939941
2010/4/22,1208.670044
2010/4/23,1217.280029
2010/4/24,1217.280029
2010/4/25,1217.280029
2010/4/26,1212.050049
2010/4/27,1183.709961
2010/4/28,1191.359985
2010/4/29,1206.780029
2010/4/30,1186.689941
2010/5/1,1186.689941
2010/5/2,1186.689941
2010/5/3,1202.26001
2010/5/4,1173.599976
2010/5/5,1165.869995
2010/5/6,1128.150024
2010/5/7,1110.880005
2010/5/8,1110.880005
2010/5/9,1110.880005
2010/5/10,1159.72998
2010/5/11,1155.790039
2010/5/12,1171.670044
2010/5/13,1157.439941
2010/5/14,1135.680054
2010/5/15,1135.680054
2010/5/16,1135.680054
2010/5/17,1136.939941
2010/5/18,1120.800049
2010/5/19,1115.050049
2010/5/20,1071.589966
2010/5/21,1087.689941
2010/5/22,1087.689941
2010/5/23,1087.689941
2010/5/24,1073.650024
2010/5/25,1074.030029
2010/5/26,1067.949951
2010/5/27,1103.060059
2010/5/28,1089.410034
2010/5/29,1089.410034
2010/5/30,1089.410034
2010/5/31,1089.410034
2010/6/1,1070.709961
2010/6/2,1098.380005
2010/6/3,1102.829956
2010/6/4,1064.880005
2010/6/5,1064.880005
2010/6/6,1064.880005
2010/6/7,1050.469971
2010/6/8,1062
2010/6/9,1055.689941
2010/6/10,1086.839966
2010/6/11,1091.599976
2010/6/12,1091.599976
2010/6/13,1091.599976
2010/6/14,1089.630005
2010/6/15,1115.22998
2010/6/16,1114.609985
2010/6/17,1116.040039
2010/6/18,1117.51001
2010/6/19,1117.51001
2010/6/20,1117.51001
2010/6/21,1113.199951
2010/6/22,1095.310059
2010/6/23,1092.040039
2010/6/24,1073.689941
2010/6/25,1076.76001
2010/6/26,1076.76001
2010/6/27,1076.76001
2010/6/28,1074.569946
2010/6/29,1041.23999
2010/6/30,1030.709961
2010/7/1,1027.369995
2010/7/2,1022.580017
2010/7/3,1022.580017
2010/7/4,1022.580017
2010/7/5,1022.580017
2010/7/6,1028.060059
2010/7/7,1060.27002
2010/7/8,1070.25
2010/7/9,1077.959961
2010/7/10,1077.959961
2010/7/11,1077.959961
2010/7/12,1078.75
2010/7/13,1095.339966
2010/7/14,1095.170044
2010/7/15,1096.47998
2010/7/16,1064.880005
2010/7/17,1064.880005
2010/7/18,1064.880005
2010/7/19,1071.25
2010/7/20,1083.47998
2010/7/21,1069.589966
2010/7/22,1093.670044
2010/7/23,1102.660034
2010/7/24,1102.660034
2010/7/25,1102.660034
2010/7/26,1115.01001
2010/7/27,1113.839966
2010/7/28,1106.130005
2010/7/29,1101.530029
2010/7/30,1101.599976
2010/7/31,1101.599976
2010/8/1,1101.599976
2010/8/2,1125.859985
2010/8/3,1120.459961
2010/8/4,1127.23999
2010/8/5,1125.810059
2010/8/6,1121.640015
2010/8/7,1121.640015
2010/8/8,1121.640015
2010/8/9,1127.790039
2010/8/10,1121.060059
2010/8/11,1089.469971
2010/8/12,1083.609985
2010/8/13,1079.25
2010/8/14,1079.25
2010/8/15,1079.25
2010/8/16,1079.380005
2010/8/17,1092.540039
2010/8/18,1094.160034
2010/8/19,1075.630005
2010/8/20,1071.689941
2010/8/21,1071.689941
2010/8/22,1071.689941
2010/8/23,1067.359985
2010/8/24,1051.869995
2010/8/25,1055.329956
2010/8/26,1047.219971
2010/8/27,1064.589966
2010/8/28,1064.589966
2010/8/29,1064.589966
2010/8/30,1048.920044
2010/8/31,1049.329956
2010/9/1,1080.290039
2010/9/2,1090.099976
2010/9/3,1104.51001
2010/9/4,1104.51001
2010/9/5,1104.51001
2010/9/6,1104.51001
2010/9/7,1091.839966
2010/9/8,1098.869995
2010/9/9,1104.180054
2010/9/10,1109.550049
2010/9/11,1109.550049
2010/9/12,1109.550049
2010/9/13,1121.900024
2010/9/14,1121.099976
2010/9/15,1125.069946
2010/9/16,1124.660034
2010/9/17,1125.589966
2010/9/18,1125.589966
2010/9/19,1125.589966
2010/9/20,1142.709961
2010/9/21,1139.780029
2010/9/22,1134.280029
2010/9/23,1124.829956
2010/9/24,1148.670044
2010/9/25,1148.670044
2010/9/26,1148.670044
2010/9/27,1142.160034
2010/9/28,1147.699951
2010/9/29,1144.72998
2010/9/30,1141.199951
2010/10/1,1146.23999
2010/10/2,1146.23999
2010/10/3,1146.23999
2010/10/4,1137.030029
2010/10/5,1160.75
2010/10/6,1159.969971
2010/10/7,1158.060059
2010/10/8,1165.150024
2010/10/9,1165.150024
2010/10/10,1165.150024
2010/10/11,1165.319946
2010/10/12,1169.77002
2010/10/13,1178.099976
2010/10/14,1173.810059
2010/10/15,1176.189941
2010/10/16,1176.189941
2010/10/17,1176.189941
2010/10/18,1184.709961
2010/10/19,1165.900024
2010/10/20,1178.170044
2010/10/21,1180.26001
2010/10/22,1183.079956
2010/10/23,1183.079956
2010/10/24,1183.079956
2010/10/25,1185.619995
2010/10/26,1185.640015
2010/10/27,1182.449951
2010/10/28,1183.780029
2010/10/29,1183.26001
2010/10/30,1183.26001
2010/10/31,1183.26001
2010/11/1,1184.380005
2010/11/2,1193.569946
2010/11/3,1197.959961
2010/11/4,1221.060059
2010/11/5,1225.849976
2010/11/6,1225.849976
2010/11/7,1225.849976
2010/11/8,1223.25
2010/11/9,1213.400024
2010/11/10,1218.709961
2010/11/11,1213.540039
2010/11/12,1199.209961
2010/11/13,1199.209961
2010/11/14,1199.209961
2010/11/15,1197.75
2010/11/16,1178.339966
2010/11/17,1178.589966
2010/11/18,1196.689941
2010/11/19,1199.72998
2010/11/20,1199.72998
2010/11/21,1199.72998
2010/11/22,1197.839966
2010/11/23,1180.72998
2010/11/24,1198.349976
2010/11/25,1198.349976
2010/11/26,1189.400024
2010/11/27,1189.400024
2010/11/28,1189.400024
2010/11/29,1187.76001
2010/11/30,1180.550049
2010/12/1,1206.069946
2010/12/2,1221.530029
2010/12/3,1224.709961
2010/12/4,1224.709961
2010/12/5,1224.709961
2010/12/6,1223.119995
2010/12/7,1223.75
2010/12/8,1228.280029
2010/12/9,1233
2010/12/10,1240.400024
2010/12/11,1240.400024
2010/12/12,1240.400024
2010/12/13,1240.459961
2010/12/14,1241.589966
2010/12/15,1235.22998
2010/12/16,1242.869995
2010/12/17,1243.910034
2010/12/18,1243.910034
2010/12/19,1243.910034
2010/12/20,1247.079956
2010/12/21,1254.599976
2010/12/22,1258.839966
2010/12/23,1256.77002
2010/12/24,1256.77002
2010/12/25,1256.77002
2010/12/26,1256.77002
2010/12/27,1257.540039
2010/12/28,1258.51001
2010/12/29,1259.780029
2010/12/30,1257.880005
2010/12/31,1257.640015
2011/1/1,1257.640015
2011/1/2,1257.640015
2011/1/3,1271.869995
2011/1/4,1270.199951
2011/1/5,1276.560059
2011/1/6,1273.849976
2011/1/7,1271.5
2011/1/8,1271.5
2011/1/9,1271.5
2011/1/10,1269.75
2011/1/11,1274.47998
2011/1/12,1285.959961
2011/1/13,1283.76001
2011/1/14,1293.23999
2011/1/15,1293.23999
2011/1/16,1293.23999
2011/1/17,1293.23999
2011/1/18,1295.02002
2011/1/19,1281.920044
2011/1/20,1280.26001
2011/1/21,1283.349976
2011/1/22,1283.349976
2011/1/23,1283.349976
2011/1/24,1290.839966
2011/1/25,1291.180054
2011/1/26,1296.630005
2011/1/27,1299.540039
2011/1/28,1276.339966
2011/1/29,1276.339966
2011/1/30,1276.339966
2011/1/31,1286.119995
2011/2/1,1307.589966
2011/2/2,1304.030029
2011/2/3,1307.099976
2011/2/4,1310.869995
2011/2/5,1310.869995
2011/2/6,1310.869995
2011/2/7,1319.050049
2011/2/8,1324.569946
2011/2/9,1320.880005
2011/2/10,1321.869995
2011/2/11,1329.150024
2011/2/12,1329.150024
2011/2/13,1329.150024
2011/2/14,1332.319946
2011/2/15,1328.01001
2011/2/16,1336.319946
2011/2/17,1340.430054
2011/2/18,1343.01001
2011/2/19,1343.01001
2011/2/20,1343.01001
2011/2/21,1343.01001
2011/2/22,1315.439941
2011/2/23,1307.400024
2011/2/24,1306.099976
2011/2/25,1319.880005
2011/2/26,1319.880005
2011/2/27,1319.880005
2011/2/28,1327.219971
2011/3/1,1306.329956
2011/3/2,1308.439941
2011/3/3,1330.969971
2011/3/4,1321.150024
2011/3/5,1321.150024
2011/3/6,1321.150024
2011/3/7,1310.130005
2011/3/8,1321.819946
2011/3/9,1320.02002
2011/3/10,1295.109985
2011/3/11,1304.280029
2011/3/12,1304.280029
2011/3/13,1304.280029
2011/3/14,1296.390015
2011/3/15,1281.869995
2011/3/16,1256.880005
2011/3/17,1273.719971
2011/3/18,1279.209961
2011/3/19,1279.209961
2011/3/20,1279.209961
2011/3/21,1298.380005
2011/3/22,1293.77002
2011/3/23,1297.540039
2011/3/24,1309.660034
2011/3/25,1313.800049
2011/3/26,1313.800049
2011/3/27,1313.800049
2011/3/28,1310.189941
2011/3/29,1319.439941
2011/3/30,1328.26001
2011/3/31,1325.829956
2011/4/1,1332.410034
2011/4/2,1332.410034
2011/4/3,1332.410034
2011/4/4,1332.869995
2011/4/5,1332.630005
2011/4/6,1335.540039
2011/4/7,1333.51001
2011/4/8,1328.170044
2011/4/9,1328.170044
2011/4/10,1328.170044
2011/4/11,1324.459961
2011/4/12,1314.160034
2011/4/13,1314.410034
2011/4/14,1314.52002
2011/4/15,1319.680054
2011/4/16,1319.680054
2011/4/17,1319.680054
2011/4/18,1305.140015
2011/4/19,1312.619995
2011/4/20,1330.359985
2011/4/21,1337.380005
2011/4/22,1337.380005
2011/4/23,1337.380005
2011/4/24,1337.380005
2011/4/25,1335.25
2011/4/26,1347.23999
2011/4/27,1355.660034
2011/4/28,1360.47998
2011/4/29,1363.609985
2011/4/30,1363.609985
2011/5/1,1363.609985
2011/5/2,1361.219971
2011/5/3,1356.619995
2011/5/4,1347.319946
2011/5/5,1335.099976
2011/5/6,1340.199951
2011/5/7,1340.199951
2011/5/8,1340.199951
2011/5/9,1346.290039
2011/5/10,1357.160034
2011/5/11,1342.079956
2011/5/12,1348.650024
2011/5/13,1337.77002
2011/5/14,1337.77002
2011/5/15,1337.77002
2011/5/16,1329.469971
2011/5/17,1328.97998
2011/5/18,1340.680054
2011/5/19,1343.599976
2011/5/20,1333.27002
2011/5/21,1333.27002
2011/5/22,1333.27002
2011/5/23,1317.369995
2011/5/24,1316.280029
2011/5/25,1320.469971
2011/5/26,1325.689941
2011/5/27,1331.099976
2011/5/28,1331.099976
2011/5/29,1331.099976
2011/5/30,1331.099976
2011/5/31,1345.199951
2011/6/1,1314.550049
2011/6/2,1312.939941
2011/6/3,1300.160034
2011/6/4,1300.160034
2011/6/5,1300.160034
2011/6/6,1286.170044
2011/6/7,1284.939941
2011/6/8,1279.560059
2011/6/9,1289
2011/6/10,1270.97998
2011/6/11,1270.97998
2011/6/12,1270.97998
2011/6/13,1271.829956
2011/6/14,1287.869995
2011/6/15,1265.420044
2011/6/16,1267.640015
2011/6/17,1271.5
2011/6/18,1271.5
2011/6/19,1271.5
2011/6/20,1278.359985
2011/6/21,1295.52002
2011/6/22,1287.140015
2011/6/23,1283.5
2011/6/24,1268.449951
2011/6/25,1268.449951
2011/6/26,1268.449951
2011/6/27,1280.099976
2011/6/28,1296.670044
2011/6/29,1307.410034
2011/6/30,1320.640015
2011/7/1,1339.670044
2011/7/2,1339.670044
2011/7/3,1339.670044
2011/7/4,1339.670044
2011/7/5,1337.880005
2011/7/6,1339.219971
2011/7/7,1353.219971
2011/7/8,1343.800049
2011/7/9,1343.800049
2011/7/10,1343.800049
2011/7/11,1319.48999
2011/7/12,1313.640015
2011/7/13,1317.719971
2011/7/14,1308.869995
2011/7/15,1316.140015
2011/7/16,1316.140015
2011/7/17,1316.140015
2011/7/18,1305.439941
2011/7/19,1326.72998
2011/7/20,1325.839966
2011/7/21,1343.800049
2011/7/22,1345.02002
2011/7/23,1345.02002
2011/7/24,1345.02002
2011/7/25,1337.430054
2011/7/26,1331.939941
2011/7/27,1304.890015
2011/7/28,1300.670044
2011/7/29,1292.280029
2011/7/30,1292.280029
2011/7/31,1292.280029
2011/8/1,1286.939941
2011/8/2,1254.050049
2011/8/3,1260.339966
2011/8/4,1200.069946
2011/8/5,1199.380005
2011/8/6,1199.380005
2011/8/7,1199.380005
2011/8/8,1119.459961
2011/8/9,1172.530029
2011/8/10,1120.76001
2011/8/11,1172.640015
2011/8/12,1178.810059
2011/8/13,1178.810059
2011/8/14,1178.810059
2011/8/15,1204.48999
2011/8/16,1192.76001
2011/8/17,1193.890015
2011/8/18,1140.650024
2011/8/19,1123.530029
2011/8/20,1123.530029
2011/8/21,1123.530029
2011/8/22,1123.819946
2011/8/23,1162.349976
2011/8/24,1177.599976
2011/8/25,1159.27002
2011/8/26,1176.800049
2011/8/27,1176.800049
2011/8/28,1176.800049
2011/8/29,1210.079956
2011/8/30,1212.920044
2011/8/31,1218.890015
2011/9/1,1204.420044
2011/9/2,1173.969971
2011/9/3,1173.969971
2011/9/4,1173.969971
2011/9/5,1173.969971
2011/9/6,1165.23999
2011/9/7,1198.619995
2011/9/8,1185.900024
2011/9/9,1154.22998
2011/9/10,1154.22998
2011/9/11,1154.22998
2011/9/12,1162.27002
2011/9/13,1172.869995
2011/9/14,1188.680054
2011/9/15,1209.109985
2011/9/16,1216.01001
2011/9/17,1216.01001
2011/9/18,1216.01001
2011/9/19,1204.089966
2011/9/20,1202.089966
2011/9/21,1166.76001
2011/9/22,1129.560059
2011/9/23,1136.430054
2011/9/24,1136.430054
2011/9/25,1136.430054
2011/9/26,1162.949951
2011/9/27,1175.380005
2011/9/28,1151.060059
2011/9/29,1160.400024
2011/9/30,1131.420044
2011/10/1,1131.420044
2011/10/2,1131.420044
2011/10/3,1099.22998
2011/10/4,1123.949951
2011/10/5,1144.030029
2011/10/6,1164.969971
2011/10/7,1155.459961
2011/10/8,1155.459961
2011/10/9,1155.459961
2011/10/10,1194.890015
2011/10/11,1195.540039
2011/10/12,1207.25
2011/10/13,1203.660034
2011/10/14,1224.579956
2011/10/15,1224.579956
2011/10/16,1224.579956
2011/10/17,1200.859985
2011/10/18,1225.380005
2011/10/19,1209.880005
2011/10/20,1215.390015
2011/10/21,1238.25
2011/10/22,1238.25
2011/10/23,1238.25
2011/10/24,1254.189941
2011/10/25,1229.050049
2011/10/26,1242
2011/10/27,1284.589966
2011/10/28,1285.089966
2011/10/29,1285.089966
2011/10/30,1285.089966
2011/10/31,1253.300049
2011/11/1,1218.280029
2011/11/2,1237.900024
2011/11/3,1261.150024
2011/11/4,1253.22998
2011/11/5,1253.22998
2011/11/6,1253.22998
2011/11/7,1261.119995
2011/11/8,1275.920044
2011/11/9,1229.099976
2011/11/10,1239.699951
2011/11/11,1263.849976
2011/11/12,1263.849976
2011/11/13,1263.849976
2011/11/14,1251.780029
2011/11/15,1257.810059
2011/11/16,1236.910034
2011/11/17,1216.130005
2011/11/18,1215.650024
2011/11/19,1215.650024
2011/11/20,1215.650024
2011/11/21,1192.97998
2011/11/22,1188.040039
2011/11/23,1161.790039
2011/11/24,1161.790039
2011/11/25,1158.670044
2011/11/26,1158.670044
2011/11/27,1158.670044
2011/11/28,1192.550049
2011/11/29,1195.189941
2011/11/30,1246.959961
2011/12/1,1244.579956
2011/12/2,1244.280029
2011/12/3,1244.280029
2011/12/4,1244.280029
2011/12/5,1257.079956
2011/12/6,1258.469971
2011/12/7,1261.01001
2011/12/8,1234.349976
2011/12/9,1255.189941
2011/12/10,1255.189941
2011/12/11,1255.189941
2011/12/12,1236.469971
2011/12/13,1225.72998
2011/12/14,1211.819946
2011/12/15,1215.75
2011/12/16,1219.660034
2011/12/17,1219.660034
2011/12/18,1219.660034
2011/12/19,1205.349976
2011/12/20,1241.300049
2011/12/21,1243.719971
2011/12/22,1254
2011/12/23,1265.329956
2011/12/24,1265.329956
2011/12/25,1265.329956
2011/12/26,1265.329956
2011/12/27,1265.430054
2011/12/28,1249.640015
2011/12/29,1263.02002
2011/12/30,1257.599976
2011/12/31,1257.599976
2012/1/1,1257.599976
2012/1/2,1257.599976
2012/1/3,1277.060059
2012/1/4,1277.300049
2012/1/5,1281.060059
2012/1/6,1277.810059
2012/1/7,1277.810059
2012/1/8,1277.810059
2012/1/9,1280.699951
2012/1/10,1292.079956
2012/1/11,1292.47998
2012/1/12,1295.5
2012/1/13,1289.089966
2012/1/14,1289.089966
2012/1/15,1289.089966
2012/1/16,1289.089966
2012/1/17,1293.670044
2012/1/18,1308.040039
2012/1/19,1314.5
2012/1/20,1315.380005
2012/1/21,1315.380005
2012/1/22,1315.380005
2012/1/23,1316
2012/1/24,1314.650024
2012/1/25,1326.060059
2012/1/26,1318.430054
2012/1/27,1316.329956
2012/1/28,1316.329956
2012/1/29,1316.329956
2012/1/30,1313.01001
2012/1/31,1312.410034
2012/2/1,1324.089966
2012/2/2,1325.540039
2012/2/3,1344.900024
2012/2/4,1344.900024
2012/2/5,1344.900024
2012/2/6,1344.329956
2012/2/7,1347.050049
2012/2/8,1349.959961
2012/2/9,1351.949951
2012/2/10,1342.640015
2012/2/11,1342.640015
2012/2/12,1342.640015
2012/2/13,1351.77002
2012/2/14,1350.5
2012/2/15,1343.22998
2012/2/16,1358.040039
2012/2/17,1361.22998
2012/2/18,1361.22998
2012/2/19,1361.22998
2012/2/20,1361.22998
2012/2/21,1362.209961
2012/2/22,1357.660034
2012/2/23,1363.459961
2012/2/24,1365.73999
2012/2/25,1365.73999
2012/2/26,1365.73999
2012/2/27,1367.589966
2012/2/28,1372.180054
2012/2/29,1365.680054
2012/3/1,1374.089966
2012/3/2,1369.630005
2012/3/3,1369.630005
2012/3/4,1369.630005
2012/3/5,1364.329956
2012/3/6,1343.359985
2012/3/7,1352.630005
2012/3/8,1365.910034
2012/3/9,1370.869995
2012/3/10,1370.869995
2012/3/11,1370.869995
2012/3/12,1371.089966
2012/3/13,1395.949951
2012/3/14,1394.280029
2012/3/15,1402.599976
2012/3/16,1404.170044
2012/3/17,1404.170044
2012/3/18,1404.170044
2012/3/19,1409.75
2012/3/20,1405.52002
2012/3/21,1402.890015
2012/3/22,1392.780029
2012/3/23,1397.109985
2012/3/24,1397.109985
2012/3/25,1397.109985
2012/3/26,1416.51001
2012/3/27,1412.52002
2012/3/28,1405.540039
2012/3/29,1403.280029
2012/3/30,1408.469971
2012/3/31,1408.469971
2012/4/1,1408.469971
2012/4/2,1419.040039
2012/4/3,1413.380005
2012/4/4,1398.959961
2012/4/5,1398.079956
2012/4/6,1398.079956
2012/4/7,1398.079956
2012/4/8,1398.079956
2012/4/9,1382.199951
2012/4/10,1358.589966
2012/4/11,1368.709961
2012/4/12,1387.569946
2012/4/13,1370.26001
2012/4/14,1370.26001
2012/4/15,1370.26001
2012/4/16,1369.569946
2012/4/17,1390.780029
2012/4/18,1385.140015
2012/4/19,1376.920044
2012/4/20,1378.530029
2012/4/21,1378.530029
2012/4/22,1378.530029
2012/4/23,1366.939941
2012/4/24,1371.969971
2012/4/25,1390.689941
2012/4/26,1399.97998
2012/4/27,1403.359985
2012/4/28,1403.359985
2012/4/29,1403.359985
2012/4/30,1397.910034
2012/5/1,1405.819946
2012/5/2,1402.310059
2012/5/3,1391.569946
2012/5/4,1369.099976
2012/5/5,1369.099976
2012/5/6,1369.099976
2012/5/7,1369.579956
2012/5/8,1363.719971
2012/5/9,1354.579956
2012/5/10,1357.98999
2012/5/11,1353.390015
2012/5/12,1353.390015
2012/5/13,1353.390015
2012/5/14,1338.349976
2012/5/15,1330.660034
2012/5/16,1324.800049
2012/5/17,1304.859985
2012/5/18,1295.219971
2012/5/19,1295.219971
2012/5/20,1295.219971
2012/5/21,1315.98999
2012/5/22,1316.630005
2012/5/23,1318.859985
2012/5/24,1320.680054
2012/5/25,1317.819946
2012/5/26,1317.819946
2012/5/27,1317.819946
2012/5/28,1317.819946
2012/5/29,1332.420044
2012/5/30,1313.319946
2012/5/31,1310.329956
2012/6/1,1278.040039
2012/6/2,1278.040039
2012/6/3,1278.040039
2012/6/4,1278.180054
2012/6/5,1285.5
2012/6/6,1315.130005
2012/6/7,1314.98999
2012/6/8,1325.660034
2012/6/9,1325.660034
2012/6/10,1325.660034
2012/6/11,1308.930054
2012/6/12,1324.180054
2012/6/13,1314.880005
2012/6/14,1329.099976
2012/6/15,1342.839966
2012/6/16,1342.839966
2012/6/17,1342.839966
2012/6/18,1344.780029
2012/6/19,1357.97998
2012/6/20,1355.689941
2012/6/21,1325.51001
2012/6/22,1335.02002
2012/6/23,1335.02002
2012/6/24,1335.02002
2012/6/25,1313.719971
2012/6/26,1319.98999
2012/6/27,1331.849976
2012/6/28,1329.040039
2012/6/29,1362.160034
2012/6/30,1362.160034
2012/7/1,1362.160034
2012/7/2,1365.51001
2012/7/3,1374.02002
2012/7/4,1374.02002
2012/7/5,1367.579956
2012/7/6,1354.680054
2012/7/7,1354.680054
2012/7/8,1354.680054
2012/7/9,1352.459961
2012/7/10,1341.469971
2012/7/11,1341.449951
2012/7/12,1334.76001
2012/7/13,1356.780029
2012/7/14,1356.780029
2012/7/15,1356.780029
2012/7/16,1353.640015
2012/7/17,1363.670044
2012/7/18,1372.780029
2012/7/19,1376.51001
2012/7/20,1362.660034
2012/7/21,1362.660034
2012/7/22,1362.660034
2012/7/23,1350.52002
2012/7/24,1338.310059
2012/7/25,1337.890015
2012/7/26,1360.02002
2012/7/27,1385.969971
2012/7/28,1385.969971
2012/7/29,1385.969971
2012/7/30,1385.300049
2012/7/31,1379.319946
2012/8/1,1375.319946
2012/8/2,1365
2012/8/3,1390.98999
2012/8/4,1390.98999
2012/8/5,1390.98999
2012/8/6,1394.22998
2012/8/7,1401.349976
2012/8/8,1402.219971
2012/8/9,1402.800049
2012/8/10,1405.869995
2012/8/11,1405.869995
2012/8/12,1405.869995
2012/8/13,1404.109985
2012/8/14,1403.930054
2012/8/15,1405.530029
2012/8/16,1415.51001
2012/8/17,1418.160034
2012/8/18,1418.160034
2012/8/19,1418.160034
2012/8/20,1418.130005
2012/8/21,1413.170044
2012/8/22,1413.48999
2012/8/23,1402.079956
2012/8/24,1411.130005
2012/8/25,1411.130005
2012/8/26,1411.130005
2012/8/27,1410.439941
2012/8/28,1409.300049
2012/8/29,1410.48999
2012/8/30,1399.47998
2012/8/31,1406.579956
2012/9/1,1406.579956
2012/9/2,1406.579956
2012/9/3,1406.579956
2012/9/4,1404.939941
2012/9/5,1403.439941
2012/9/6,1432.119995
2012/9/7,1437.920044
2012/9/8,1437.920044
2012/9/9,1437.920044
2012/9/10,1429.079956
2012/9/11,1433.560059
2012/9/12,1436.560059
2012/9/13,1459.98999
2012/9/14,1465.77002
2012/9/15,1465.77002
2012/9/16,1465.77002
2012/9/17,1461.189941
2012/9/18,1459.319946
2012/9/19,1461.050049
2012/9/20,1460.26001
2012/9/21,1460.150024
2012/9/22,1460.150024
2012/9/23,1460.150024
2012/9/24,1456.890015
2012/9/25,1441.589966
2012/9/26,1433.319946
2012/9/27,1447.150024
2012/9/28,1440.670044
2012/9/29,1440.670044
2012/9/30,1440.670044
2012/10/1,1444.48999
2012/10/2,1445.75
2012/10/3,1450.98999
2012/10/4,1461.400024
2012/10/5,1460.930054
2012/10/6,1460.930054
2012/10/7,1460.930054
2012/10/8,1455.880005
2012/10/9,1441.47998
2012/10/10,1432.560059
2012/10/11,1432.839966
2012/10/12,1428.589966
2012/10/13,1428.589966
2012/10/14,1428.589966
2012/10/15,1440.130005
2012/10/16,1454.920044
2012/10/17,1460.910034
2012/10/18,1457.339966
2012/10/19,1433.189941
2012/10/20,1433.189941
2012/10/21,1433.189941
2012/10/22,1433.819946
2012/10/23,1413.109985
2012/10/24,1408.75
2012/10/25,1412.969971
2012/10/26,1411.939941
2012/10/27,1411.939941
2012/10/28,1411.939941
2012/10/29,1411.939941
2012/10/30,1411.939941
2012/10/31,1412.160034
2012/11/1,1427.589966
2012/11/2,1414.199951
2012/11/3,1414.199951
2012/11/4,1414.199951
2012/11/5,1417.26001
2012/11/6,1428.390015
2012/11/7,1394.530029
2012/11/8,1377.51001
2012/11/9,1379.849976
2012/11/10,1379.849976
2012/11/11,1379.849976
2012/11/12,1380.030029
2012/11/13,1374.530029
2012/11/14,1355.48999
2012/11/15,1353.329956
2012/11/16,1359.880005
2012/11/17,1359.880005
2012/11/18,1359.880005
2012/11/19,1386.890015
2012/11/20,1387.810059
2012/11/21,1391.030029
2012/11/22,1391.030029
2012/11/23,1409.150024
2012/11/24,1409.150024
2012/11/25,1409.150024
2012/11/26,1406.290039
2012/11/27,1398.939941
2012/11/28,1409.930054
2012/11/29,1415.949951
2012/11/30,1416.180054
2012/12/1,1416.180054
2012/12/2,1416.180054
2012/12/3,1409.459961
2012/12/4,1407.050049
2012/12/5,1409.280029
2012/12/6,1413.939941
2012/12/7,1418.069946
2012/12/8,1418.069946
2012/12/9,1418.069946
2012/12/10,1418.550049
2012/12/11,1427.839966
2012/12/12,1428.47998
2012/12/13,1419.449951
2012/12/14,1413.579956
2012/12/15,1413.579956
2012/12/16,1413.579956
2012/12/17,1430.359985
2012/12/18,1446.790039
2012/12/19,1435.810059
2012/12/20,1443.689941
2012/12/21,1430.150024
2012/12/22,1430.150024
2012/12/23,1430.150024
2012/12/24,1426.660034
2012/12/25,1426.660034
2012/12/26,1419.829956
2012/12/27,1418.099976
2012/12/28,1402.430054
2012/12/29,1402.430054
2012/12/30,1402.430054
2012/12/31,1426.189941
2013/1/1,1426.189941
2013/1/2,1462.420044
2013/1/3,1459.369995
2013/1/4,1466.469971
2013/1/5,1466.469971
2013/1/6,1466.469971
2013/1/7,1461.890015
2013/1/8,1457.150024
2013/1/9,1461.02002
2013/1/10,1472.119995
2013/1/11,1472.050049
2013/1/12,1472.050049
2013/1/13,1472.050049
2013/1/14,1470.680054
2013/1/15,1472.339966
2013/1/16,1472.630005
2013/1/17,1480.939941
2013/1/18,1485.97998
2013/1/19,1485.97998
2013/1/20,1485.97998
2013/1/21,1485.97998
2013/1/22,1492.560059
2013/1/23,1494.810059
2013/1/24,1494.819946
2013/1/25,1502.959961
2013/1/26,1502.959961
2013/1/27,1502.959961
2013/1/28,1500.180054
2013/1/29,1507.839966
2013/1/30,1501.959961
2013/1/31,1498.109985
2013/2/1,1513.170044
2013/2/2,1513.170044
2013/2/3,1513.170044
2013/2/4,1495.709961
2013/2/5,1511.290039
2013/2/6,1512.119995
2013/2/7,1509.390015
2013/2/8,1517.930054
2013/2/9,1517.930054
2013/2/10,1517.930054
2013/2/11,1517.01001
2013/2/12,1519.430054
2013/2/13,1520.329956
2013/2/14,1521.380005
2013/2/15,1519.790039
2013/2/16,1519.790039
2013/2/17,1519.790039
2013/2/18,1519.790039
2013/2/19,1530.939941
2013/2/20,1511.949951
2013/2/21,1502.420044
2013/2/22,1515.599976
2013/2/23,1515.599976
2013/2/24,1515.599976
2013/2/25,1487.849976
2013/2/26,1496.939941
2013/2/27,1515.98999
2013/2/28,1514.680054
2013/3/1,1518.199951
2013/3/2,1518.199951
2013/3/3,1518.199951
2013/3/4,1525.199951
2013/3/5,1539.790039
2013/3/6,1541.459961
2013/3/7,1544.26001
2013/3/8,1551.180054
2013/3/9,1551.180054
2013/3/10,1551.180054
2013/3/11,1556.219971
2013/3/12,1552.47998
2013/3/13,1554.52002
2013/3/14,1563.22998
2013/3/15,1560.699951
2013/3/16,1560.699951
2013/3/17,1560.699951
2013/3/18,1552.099976
2013/3/19,1548.339966
2013/3/20,1558.709961
2013/3/21,1545.800049
2013/3/22,1556.890015
2013/3/23,1556.890015
2013/3/24,1556.890015
2013/3/25,1551.689941
2013/3/26,1563.77002
2013/3/27,1562.849976
2013/3/28,1569.189941
2013/3/29,1569.189941
2013/3/30,1569.189941
2013/3/31,1569.189941
2013/4/1,1562.170044
2013/4/2,1570.25
2013/4/3,1553.689941
2013/4/4,1559.97998
2013/4/5,1553.280029
2013/4/6,1553.280029
2013/4/7,1553.280029
2013/4/8,1563.069946
2013/4/9,1568.609985
2013/4/10,1587.72998
2013/4/11,1593.369995
2013/4/12,1588.849976
2013/4/13,1588.849976
2013/4/14,1588.849976
2013/4/15,1552.359985
2013/4/16,1574.569946
2013/4/17,1552.01001
2013/4/18,1541.609985
2013/4/19,1555.25
2013/4/20,1555.25
2013/4/21,1555.25
2013/4/22,1562.5
2013/4/23,1578.780029
2013/4/24,1578.790039
2013/4/25,1585.160034
2013/4/26,1582.23999
2013/4/27,1582.23999
2013/4/28,1582.23999
2013/4/29,1593.609985
2013/4/30,1597.569946
2013/5/1,1582.699951
2013/5/2,1597.589966
2013/5/3,1614.420044
2013/5/4,1614.420044
2013/5/5,1614.420044
2013/5/6,1617.5
2013/5/7,1625.959961
2013/5/8,1632.689941
2013/5/9,1626.670044
2013/5/10,1633.699951
2013/5/11,1633.699951
2013/5/12,1633.699951
2013/5/13,1633.77002
2013/5/14,1650.339966
2013/5/15,1658.780029
2013/5/16,1650.469971
2013/5/17,1667.469971
2013/5/18,1667.469971
2013/5/19,1667.469971
2013/5/20,1666.290039
2013/5/21,1669.160034
2013/5/22,1655.349976
2013/5/23,1650.51001
2013/5/24,1649.599976
2013/5/25,1649.599976
2013/5/26,1649.599976
2013/5/27,1649.599976
2013/5/28,1660.060059
2013/5/29,1648.359985
2013/5/30,1654.410034
2013/5/31,1630.73999
2013/6/1,1630.73999
2013/6/2,1630.73999
2013/6/3,1640.420044
2013/6/4,1631.380005
2013/6/5,1608.900024
2013/6/6,1622.560059
2013/6/7,1643.380005
2013/6/8,1643.380005
2013/6/9,1643.380005
2013/6/10,1642.810059
2013/6/11,1626.130005
2013/6/12,1612.52002
2013/6/13,1636.359985
2013/6/14,1626.72998
2013/6/15,1626.72998
2013/6/16,1626.72998
2013/6/17,1639.040039
2013/6/18,1651.810059
2013/6/19,1628.930054
2013/6/20,1588.189941
2013/6/21,1592.430054
2013/6/22,1592.430054
2013/6/23,1592.430054
2013/6/24,1573.089966
2013/6/25,1588.030029
2013/6/26,1603.26001
2013/6/27,1613.199951
2013/6/28,1606.280029
2013/6/29,1606.280029
2013/6/30,1606.280029
2013/7/1,1614.959961
2013/7/2,1614.079956
2013/7/3,1615.410034
2013/7/4,1615.410034
2013/7/5,1631.890015
2013/7/6,1631.890015
2013/7/7,1631.890015
2013/7/8,1640.459961
2013/7/9,1652.319946
2013/7/10,1652.619995
2013/7/11,1675.02002
2013/7/12,1680.189941
2013/7/13,1680.189941
2013/7/14,1680.189941
2013/7/15,1682.5
2013/7/16,1676.26001
2013/7/17,1680.910034
2013/7/18,1689.369995
2013/7/19,1692.089966
2013/7/20,1692.089966
2013/7/21,1692.089966
2013/7/22,1695.530029
2013/7/23,1692.390015
2013/7/24,1685.939941
2013/7/25,1690.25
2013/7/26,1691.650024
2013/7/27,1691.650024
2013/7/28,1691.650024
2013/7/29,1685.329956
2013/7/30,1685.959961
2013/7/31,1685.72998
2013/8/1,1706.869995
2013/8/2,1709.670044
2013/8/3,1709.670044
2013/8/4,1709.670044
2013/8/5,1707.140015
2013/8/6,1697.369995
2013/8/7,1690.910034
2013/8/8,1697.47998
2013/8/9,1691.420044
2013/8/10,1691.420044
2013/8/11,1691.420044
2013/8/12,1689.469971
2013/8/13,1694.160034
2013/8/14,1685.390015
2013/8/15,1661.319946
2013/8/16,1655.829956
2013/8/17,1655.829956
2013/8/18,1655.829956
2013/8/19,1646.060059
2013/8/20,1652.349976
2013/8/21,1642.800049
2013/8/22,1656.959961
2013/8/23,1663.5
2013/8/24,1663.5
2013/8/25,1663.5
2013/8/26,1656.780029
2013/8/27,1630.47998
2013/8/28,1634.959961
2013/8/29,1638.170044
2013/8/30,1632.969971
2013/8/31,1632.969971
2013/9/1,1632.969971
2013/9/2,1632.969971
2013/9/3,1639.77002
2013/9/4,1653.079956
2013/9/5,1655.079956
2013/9/6,1655.170044
2013/9/7,1655.170044
2013/9/8,1655.170044
2013/9/9,1671.709961
2013/9/10,1683.98999
2013/9/11,1689.130005
2013/9/12,1683.420044
2013/9/13,1687.98999
2013/9/14,1687.98999
2013/9/15,1687.98999
2013/9/16,1697.599976
2013/9/17,1704.76001
2013/9/18,1725.52002
2013/9/19,1722.339966
2013/9/20,1709.910034
2013/9/21,1709.910034
2013/9/22,1709.910034
2013/9/23,1701.839966
2013/9/24,1697.420044
2013/9/25,1692.77002
2013/9/26,1698.670044
2013/9/27,1691.75
2013/9/28,1691.75
2013/9/29,1691.75
2013/9/30,1681.550049
2013/10/1,1695
2013/10/2,1693.869995
2013/10/3,1678.660034
2013/10/4,1690.5
2013/10/5,1690.5
2013/10/6,1690.5
2013/10/7,1676.119995
2013/10/8,1655.449951
2013/10/9,1656.400024
2013/10/10,1692.560059
2013/10/11,1703.199951
2013/10/12,1703.199951
2013/10/13,1703.199951
2013/10/14,1710.140015
2013/10/15,1698.060059
2013/10/16,1721.540039
2013/10/17,1733.150024
2013/10/18,1744.5
2013/10/19,1744.5
2013/10/20,1744.5
2013/10/21,1744.660034
2013/10/22,1754.670044
2013/10/23,1746.380005
2013/10/24,1752.069946
2013/10/25,1759.77002
2013/10/26,1759.77002
2013/10/27,1759.77002
2013/10/28,1762.109985
2013/10/29,1771.949951
2013/10/30,1763.310059
2013/10/31,1756.540039
2013/11/1,1761.640015
2013/11/2,1761.640015
2013/11/3,1761.640015
2013/11/4,1767.930054
2013/11/5,1762.969971
2013/11/6,1770.48999
2013/11/7,1747.150024
2013/11/8,1770.609985
2013/11/9,1770.609985
2013/11/10,1770.609985
2013/11/11,1771.890015
2013/11/12,1767.689941
2013/11/13,1782
2013/11/14,1790.619995
2013/11/15,1798.180054
2013/11/16,1798.180054
2013/11/17,1798.180054
2013/11/18,1791.530029
2013/11/19,1787.869995
2013/11/20,1781.369995
2013/11/21,1795.849976
2013/11/22,1804.76001
2013/11/23,1804.76001
2013/11/24,1804.76001
2013/11/25,1802.47998
2013/11/26,1802.75
2013/11/27,1807.22998
2013/11/28,1807.22998
2013/11/29,1805.810059
2013/11/30,1805.810059
2013/12/1,1805.810059
2013/12/2,1800.900024
2013/12/3,1795.150024
2013/12/4,1792.810059
2013/12/5,1785.030029
2013/12/6,1805.089966
2013/12/7,1805.089966
2013/12/8,1805.089966
2013/12/9,1808.369995
2013/12/10,1802.619995
2013/12/11,1782.219971
2013/12/12,1775.5
2013/12/13,1775.319946
2013/12/14,1775.319946
2013/12/15,1775.319946
2013/12/16,1786.540039
2013/12/17,1781
2013/12/18,1810.650024
2013/12/19,1809.599976
2013/12/20,1818.319946
2013/12/21,1818.319946
2013/12/22,1818.319946
2013/12/23,1827.98999
2013/12/24,1833.319946
2013/12/25,1833.319946
2013/12/26,1842.02002
2013/12/27,1841.400024
2013/12/28,1841.400024
2013/12/29,1841.400024
2013/12/30,1841.069946
2013/12/31,1848.359985
2014/1/1,1848.359985
2014/1/2,1831.97998
2014/1/3,1831.369995
2014/1/4,1831.369995
2014/1/5,1831.369995
2014/1/6,1826.77002
2014/1/7,1837.880005
2014/1/8,1837.48999
2014/1/9,1838.130005
2014/1/10,1842.369995
2014/1/11,1842.369995
2014/1/12,1842.369995
2014/1/13,1819.199951
2014/1/14,1838.880005
2014/1/15,1848.380005
2014/1/16,1845.890015
2014/1/17,1838.699951
2014/1/18,1838.699951
2014/1/19,1838.699951
2014/1/20,1838.699951
2014/1/21,1843.800049
2014/1/22,1844.859985
2014/1/23,1828.459961
2014/1/24,1790.290039
2014/1/25,1790.290039
2014/1/26,1790.290039
2014/1/27,1781.560059
2014/1/28,1792.5
2014/1/29,1774.199951
2014/1/30,1794.189941
2014/1/31,1782.589966
2014/2/1,1782.589966
2014/2/2,1782.589966
2014/2/3,1741.890015
2014/2/4,1755.199951
2014/2/5,1751.640015
2014/2/6,1773.430054
2014/2/7,1797.02002
2014/2/8,1797.02002
2014/2/9,1797.02002
2014/2/10,1799.839966
2014/2/11,1819.75
2014/2/12,1819.26001
2014/2/13,1829.829956
2014/2/14,1838.630005
2014/2/15,1838.630005
2014/2/16,1838.630005
2014/2/17,1838.630005
2014/2/18,1840.76001
2014/2/19,1828.75
2014/2/20,1839.780029
2014/2/21,1836.25
2014/2/22,1836.25
2014/2/23,1836.25
2014/2/24,1847.609985
2014/2/25,1845.119995
2014/2/26,1845.160034
2014/2/27,1854.290039
2014/2/28,1859.449951
2014/3/1,1859.449951
2014/3/2,1859.449951
2014/3/3,1845.72998
2014/3/4,1873.910034
2014/3/5,1873.810059
2014/3/6,1877.030029
2014/3/7,1878.040039
2014/3/8,1878.040039
2014/3/9,1878.040039
2014/3/10,1877.170044
2014/3/11,1867.630005
2014/3/12,1868.199951
2014/3/13,1846.339966
2014/3/14,1841.130005
2014/3/15,1841.130005
2014/3/16,1841.130005
2014/3/17,1858.829956
2014/3/18,1872.25
2014/3/19,1860.77002
2014/3/20,1872.01001
2014/3/21,1866.52002
2014/3/22,1866.52002
2014/3/23,1866.52002
2014/3/24,1857.439941
2014/3/25,1865.619995
2014/3/26,1852.560059
2014/3/27,1849.040039
2014/3/28,1857.619995
2014/3/29,1857.619995
2014/3/30,1857.619995
2014/3/31,1872.339966
2014/4/1,1885.52002
2014/4/2,1890.900024
2014/4/3,1888.77002
2014/4/4,1865.089966
2014/4/5,1865.089966
2014/4/6,1865.089966
2014/4/7,1845.040039
2014/4/8,1851.959961
2014/4/9,1872.180054
2014/4/10,1833.079956
2014/4/11,1815.689941
2014/4/12,1815.689941
2014/4/13,1815.689941
2014/4/14,1830.609985
2014/4/15,1842.97998
2014/4/16,1862.310059
2014/4/17,1864.849976
2014/4/18,1864.849976
2014/4/19,1864.849976
2014/4/20,1864.849976
2014/4/21,1871.890015
2014/4/22,1879.550049
2014/4/23,1875.390015
2014/4/24,1878.609985
2014/4/25,1863.400024
2014/4/26,1863.400024
2014/4/27,1863.400024
2014/4/28,1869.430054
2014/4/29,1878.329956
2014/4/30,1883.949951
2014/5/1,1883.680054
2014/5/2,1881.140015
2014/5/3,1881.140015
2014/5/4,1881.140015
2014/5/5,1884.660034
2014/5/6,1867.719971
2014/5/7,1878.209961
2014/5/8,1875.630005
2014/5/9,1878.47998
2014/5/10,1878.47998
2014/5/11,1878.47998
2014/5/12,1896.650024
2014/5/13,1897.449951
2014/5/14,1888.530029
2014/5/15,1870.849976
2014/5/16,1877.859985
2014/5/17,1877.859985
2014/5/18,1877.859985
2014/5/19,1885.079956
2014/5/20,1872.829956
2014/5/21,1888.030029
2014/5/22,1892.48999
2014/5/23,1900.530029
2014/5/24,1900.530029
2014/5/25,1900.530029
2014/5/26,1900.530029
2014/5/27,1911.910034
2014/5/28,1909.780029
2014/5/29,1920.030029
2014/5/30,1923.569946
2014/5/31,1923.569946
2014/6/1,1923.569946
2014/6/2,1924.969971
2014/6/3,1924.23999
2014/6/4,1927.880005
2014/6/5,1940.459961
2014/6/6,1949.439941
2014/6/7,1949.439941
2014/6/8,1949.439941
2014/6/9,1951.27002
2014/6/10,1950.790039
2014/6/11,1943.890015
2014/6/12,1930.109985
2014/6/13,1936.160034
2014/6/14,1936.160034
2014/6/15,1936.160034
2014/6/16,1937.780029
2014/6/17,1941.98999
2014/6/18,1956.97998
2014/6/19,1959.47998
2014/6/20,1962.869995
2014/6/21,1962.869995
2014/6/22,1962.869995
2014/6/23,1962.609985
2014/6/24,1949.97998
2014/6/25,1959.530029
2014/6/26,1957.219971
2014/6/27,1960.959961
2014/6/28,1960.959961
2014/6/29,1960.959961
2014/6/30,1960.22998
2014/7/1,1973.319946
2014/7/2,1974.619995
2014/7/3,1985.439941
2014/7/4,1985.439941
2014/7/5,1985.439941
2014/7/6,1985.439941
2014/7/7,1977.650024
2014/7/8,1963.709961
2014/7/9,1972.829956
2014/7/10,1964.680054
2014/7/11,1967.569946
2014/7/12,1967.569946
2014/7/13,1967.569946
2014/7/14,1977.099976
2014/7/15,1973.280029
2014/7/16,1981.569946
2014/7/17,1958.119995
2014/7/18,1978.219971
2014/7/19,1978.219971
2014/7/20,1978.219971
2014/7/21,1973.630005
2014/7/22,1983.530029
2014/7/23,1987.01001
2014/7/24,1987.97998
2014/7/25,1978.339966
2014/7/26,1978.339966
2014/7/27,1978.339966
2014/7/28,1978.910034
2014/7/29,1969.949951
2014/7/30,1970.069946
2014/7/31,1930.670044
2014/8/1,1925.150024
2014/8/2,1925.150024
2014/8/3,1925.150024
2014/8/4,1938.98999
2014/8/5,1920.209961
2014/8/6,1920.23999
2014/8/7,1909.569946
2014/8/8,1931.589966
2014/8/9,1931.589966
2014/8/10,1931.589966
2014/8/11,1936.920044
2014/8/12,1933.75
2014/8/13,1946.719971
2014/8/14,1955.180054
2014/8/15,1955.060059
2014/8/16,1955.060059
2014/8/17,1955.060059
2014/8/18,1971.73999
2014/8/19,1981.599976
2014/8/20,1986.51001
2014/8/21,1992.369995
2014/8/22,1988.400024
2014/8/23,1988.400024
2014/8/24,1988.400024
2014/8/25,1997.920044
2014/8/26,2000.02002
2014/8/27,2000.119995
2014/8/28,1996.73999
2014/8/29,2003.369995
2014/8/30,2003.369995
2014/8/31,2003.369995
2014/9/1,2003.369995
2014/9/2,2002.280029
2014/9/3,2000.719971
2014/9/4,1997.650024
2014/9/5,2007.709961
2014/9/6,2007.709961
2014/9/7,2007.709961
2014/9/8,2001.540039
2014/9/9,1988.439941
2014/9/10,1995.689941
2014/9/11,1997.449951
2014/9/12,1985.540039
2014/9/13,1985.540039
2014/9/14,1985.540039
2014/9/15,1984.130005
2014/9/16,1998.97998
2014/9/17,2001.569946
2014/9/18,2011.359985
2014/9/19,2010.400024
2014/9/20,2010.400024
2014/9/21,2010.400024
2014/9/22,1994.290039
2014/9/23,1982.77002
2014/9/24,1998.300049
2014/9/25,1965.98999
2014/9/26,1982.849976
2014/9/27,1982.849976
2014/9/28,1982.849976
2014/9/29,1977.800049
2014/9/30,1972.290039
2014/10/1,1946.160034
2014/10/2,1946.170044
2014/10/3,1967.900024
2014/10/4,1967.900024
2014/10/5,1967.900024
2014/10/6,1964.819946
2014/10/7,1935.099976
2014/10/8,1968.890015
2014/10/9,1928.209961
2014/10/10,1906.130005
2014/10/11,1906.130005
2014/10/12,1906.130005
2014/10/13,1874.73999
2014/10/14,1877.699951
2014/10/15,1862.48999
2014/10/16,1862.76001
2014/10/17,1886.76001
2014/10/18,1886.76001
2014/10/19,1886.76001
2014/10/20,1904.01001
2014/10/21,1941.280029
2014/10/22,1927.109985
2014/10/23,1950.819946
2014/10/24,1964.579956
2014/10/25,1964.579956
2014/10/26,1964.579956
2014/10/27,1961.630005
2014/10/28,1985.050049
2014/10/29,1982.300049
2014/10/30,1994.650024
2014/10/31,2018.050049
2014/11/1,2018.050049
2014/11/2,2018.050049
2014/11/3,2017.810059
2014/11/4,2012.099976
2014/11/5,2023.569946
2014/11/6,2031.209961
2014/11/7,2031.920044
2014/11/8,2031.920044
2014/11/9,2031.920044
2014/11/10,2038.26001
2014/11/11,2039.680054
2014/11/12,2038.25
2014/11/13,2039.329956
2014/11/14,2039.819946
2014/11/15,2039.819946
2014/11/16,2039.819946
2014/11/17,2041.319946
2014/11/18,2051.800049
2014/11/19,2048.719971
2014/11/20,2052.75
2014/11/21,2063.5
2014/11/22,2063.5
2014/11/23,2063.5
2014/11/24,2069.409912
2014/11/25,2067.030029
2014/11/26,2072.830078
2014/11/27,2072.830078
2014/11/28,2067.560059
2014/11/29,2067.560059
2014/11/30,2067.560059
2014/12/1,2053.439941
2014/12/2,2066.550049
2014/12/3,2074.330078
2014/12/4,2071.919922
2014/12/5,2075.370117
2014/12/6,2075.370117
2014/12/7,2075.370117
2014/12/8,2060.310059
2014/12/9,2059.820068
2014/12/10,2026.140015
2014/12/11,2035.329956
2014/12/12,2002.329956
2014/12/13,2002.329956
2014/12/14,2002.329956
2014/12/15,1989.630005
2014/12/16,1972.73999
2014/12/17,2012.890015
2014/12/18,2061.22998
2014/12/19,2070.649902
2014/12/20,2070.649902
2014/12/21,2070.649902
2014/12/22,2078.540039
2014/12/23,2082.169922
2014/12/24,2081.879883
2014/12/25,2081.879883
2014/12/26,2088.77002
2014/12/27,2088.77002
2014/12/28,2088.77002
2014/12/29,2090.570068
2014/12/30,2080.350098
2014/12/31,2058.899902
2015/1/1,2058.899902
2015/1/2,2058.199951
2015/1/3,2058.199951
2015/1/4,2058.199951
2015/1/5,2020.579956
2015/1/6,2002.609985
2015/1/7,2025.900024
2015/1/8,2062.139893
2015/1/9,2044.810059
2015/1/10,2044.810059
2015/1/11,2044.810059
2015/1/12,2028.26001
2015/1/13,2023.030029
2015/1/14,2011.27002
2015/1/15,1992.670044
2015/1/16,2019.420044
2015/1/17,2019.420044
2015/1/18,2019.420044
2015/1/19,2019.420044
2015/1/20,2022.550049
2015/1/21,2032.119995
2015/1/22,2063.149902
2015/1/23,2051.820068
2015/1/24,2051.820068
2015/1/25,2051.820068
2015/1/26,2057.090088
2015/1/27,2029.550049
2015/1/28,2002.160034
2015/1/29,2021.25
2015/1/30,1994.98999
2015/1/31,1994.98999
2015/2/1,1994.98999
2015/2/2,2020.849976
2015/2/3,2050.030029
2015/2/4,2041.51001
2015/2/5,2062.52002
2015/2/6,2055.469971
2015/2/7,2055.469971
2015/2/8,2055.469971
2015/2/9,2046.73999
2015/2/10,2068.590088
2015/2/11,2068.530029
2015/2/12,2088.47998
2015/2/13,2096.98999
2015/2/14,2096.98999
2015/2/15,2096.98999
2015/2/16,2096.98999
2015/2/17,2100.340088
2015/2/18,2099.679932
2015/2/19,2097.449951
2015/2/20,2110.300049
2015/2/21,2110.300049
2015/2/22,2110.300049
2015/2/23,2109.659912
2015/2/24,2115.47998
2015/2/25,2113.860107
2015/2/26,2110.73999
2015/2/27,2104.5
2015/2/28,2104.5
2015/3/1,2104.5
2015/3/2,2117.389893
2015/3/3,2107.780029
2015/3/4,2098.530029
2015/3/5,2101.040039
2015/3/6,2071.26001
2015/3/7,2071.26001
2015/3/8,2071.26001
2015/3/9,2079.429932
2015/3/10,2044.160034
2015/3/11,2040.23999
2015/3/12,2065.949951
2015/3/13,2053.399902
2015/3/14,2053.399902
2015/3/15,2053.399902
2015/3/16,2081.189941
2015/3/17,2074.280029
2015/3/18,2099.5
2015/3/19,2089.27002
2015/3/20,2108.100098
2015/3/21,2108.100098
2015/3/22,2108.100098
2015/3/23,2104.419922
2015/3/24,2091.5
2015/3/25,2061.050049
2015/3/26,2056.149902
2015/3/27,2061.02002
2015/3/28,2061.02002
2015/3/29,2061.02002
2015/3/30,2086.23999
2015/3/31,2067.889893
2015/4/1,2059.689941
2015/4/2,2066.959961
2015/4/3,2066.959961
2015/4/4,2066.959961
2015/4/5,2066.959961
2015/4/6,2080.620117
2015/4/7,2076.330078
2015/4/8,2081.899902
2015/4/9,2091.179932
2015/4/10,2102.060059
2015/4/11,2102.060059
2015/4/12,2102.060059
2015/4/13,2092.429932
2015/4/14,2095.840088
2015/4/15,2106.629883
2015/4/16,2104.98999
2015/4/17,2081.179932
2015/4/18,2081.179932
2015/4/19,2081.179932
2015/4/20,2100.399902
2015/4/21,2097.290039
2015/4/22,2107.959961
2015/4/23,2112.929932
2015/4/24,2117.689941
2015/4/25,2117.689941
2015/4/26,2117.689941
2015/4/27,2108.919922
2015/4/28,2114.76001
2015/4/29,2106.850098
2015/4/30,2085.51001
2015/5/1,2108.290039
2015/5/2,2108.290039
2015/5/3,2108.290039
2015/5/4,2114.48999
2015/5/5,2089.459961
2015/5/6,2080.149902
2015/5/7,2088
2015/5/8,2116.100098
2015/5/9,2116.100098
2015/5/10,2116.100098
2015/5/11,2105.330078
2015/5/12,2099.120117
2015/5/13,2098.47998
2015/5/14,2121.100098
2015/5/15,2122.72998
2015/5/16,2122.72998
2015/5/17,2122.72998
2015/5/18,2129.199951
2015/5/19,2127.830078
2015/5/20,2125.850098
2015/5/21,2130.820068
2015/5/22,2126.060059
2015/5/23,2126.060059
2015/5/24,2126.060059
2015/5/25,2126.060059
2015/5/26,2104.199951
2015/5/27,2123.47998
2015/5/28,2120.790039
2015/5/29,2107.389893
2015/5/30,2107.389893
2015/5/31,2107.389893
2015/6/1,2111.72998
2015/6/2,2109.600098
2015/6/3,2114.070068
2015/6/4,2095.840088
2015/6/5,2092.830078
2015/6/6,2092.830078
2015/6/7,2092.830078
2015/6/8,2079.280029
2015/6/9,2080.149902
2015/6/10,2105.199951
2015/6/11,2108.860107
2015/6/12,2094.110107
2015/6/13,2094.110107
2015/6/14,2094.110107
2015/6/15,2084.429932
2015/6/16,2096.290039
2015/6/17,2100.439941
2015/6/18,2121.23999
2015/6/19,2109.98999
2015/6/20,2109.98999
2015/6/21,2109.98999
2015/6/22,2122.850098
2015/6/23,2124.199951
2015/6/24,2108.580078
2015/6/25,2102.310059
2015/6/26,2101.48999
2015/6/27,2101.48999
2015/6/28,2101.48999
2015/6/29,2057.639893
2015/6/30,2063.110107
2015/7/1,2077.419922
2015/7/2,2076.780029
2015/7/3,2076.780029
2015/7/4,2076.780029
2015/7/5,2076.780029
2015/7/6,2068.76001
2015/7/7,2081.340088
2015/7/8,2046.680054
2015/7/9,2051.310059
2015/7/10,2076.620117
2015/7/11,2076.620117
2015/7/12,2076.620117
2015/7/13,2099.600098
2015/7/14,2108.949951
2015/7/15,2107.399902
2015/7/16,2124.290039
2015/7/17,2126.639893
2015/7/18,2126.639893
2015/7/19,2126.639893
2015/7/20,2128.280029
2015/7/21,2119.209961
2015/7/22,2114.149902
2015/7/23,2102.149902
2015/7/24,2079.649902
2015/7/25,2079.649902
2015/7/26,2079.649902
2015/7/27,2067.639893
2015/7/28,2093.25
2015/7/29,2108.570068
2015/7/30,2108.629883
2015/7/31,2103.840088
2015/8/1,2103.840088
2015/8/2,2103.840088
2015/8/3,2098.040039
2015/8/4,2093.320068
2015/8/5,2099.840088
2015/8/6,2083.560059
2015/8/7,2077.570068
2015/8/8,2077.570068
2015/8/9,2077.570068
2015/8/10,2104.179932
2015/8/11,2084.070068
2015/8/12,2086.050049
2015/8/13,2083.389893
2015/8/14,2091.540039
2015/8/15,2091.540039
2015/8/16,2091.540039
2015/8/17,2102.439941
2015/8/18,2096.919922
2015/8/19,2079.610107
2015/8/20,2035.72998
2015/8/21,1970.890015
2015/8/22,1970.890015
2015/8/23,1970.890015
2015/8/24,1893.209961
2015/8/25,1867.609985
2015/8/26,1940.51001
2015/8/27,1987.660034
2015/8/28,1988.869995
2015/8/29,1988.869995
2015/8/30,1988.869995
2015/8/31,1972.180054
2015/9/1,1913.849976
2015/9/2,1948.859985
2015/9/3,1951.130005
2015/9/4,1921.219971
2015/9/5,1921.219971
2015/9/6,1921.219971
2015/9/7,1921.219971
2015/9/8,1969.410034
2015/9/9,1942.040039
2015/9/10,1952.290039
2015/9/11,1961.050049
2015/9/12,1961.050049
2015/9/13,1961.050049
2015/9/14,1953.030029
2015/9/15,1978.089966
2015/9/16,1995.310059
2015/9/17,1990.199951
2015/9/18,1958.030029
2015/9/19,1958.030029
2015/9/20,1958.030029
2015/9/21,1966.969971
2015/9/22,1942.73999
2015/9/23,1938.76001
2015/9/24,1932.23999
2015/9/25,1931.339966
2015/9/26,1931.339966
2015/9/27,1931.339966
2015/9/28,1881.77002
2015/9/29,1884.089966
2015/9/30,1920.030029
2015/10/1,1923.819946
2015/10/2,1951.359985
2015/10/3,1951.359985
2015/10/4,1951.359985
2015/10/5,1987.050049
2015/10/6,1979.920044
2015/10/7,1995.829956
2015/10/8,2013.430054
2015/10/9,2014.890015
2015/10/10,2014.890015
2015/10/11,2014.890015
2015/10/12,2017.459961
2015/10/13,2003.689941
2015/10/14,1994.23999
2015/10/15,2023.859985
2015/10/16,2033.109985
2015/10/17,2033.109985
2015/10/18,2033.109985
2015/10/19,2033.660034
2015/10/20,2030.77002
2015/10/21,2018.939941
2015/10/22,2052.51001
2015/10/23,2075.149902
2015/10/24,2075.149902
2015/10/25,2075.149902
2015/10/26,2071.179932
2015/10/27,2065.889893
2015/10/28,2090.350098
2015/10/29,2089.409912
2015/10/30,2079.360107
2015/10/31,2079.360107
2015/11/1,2079.360107
2015/11/2,2104.050049
2015/11/3,2109.790039
2015/11/4,2102.310059
2015/11/5,2099.929932
2015/11/6,2099.199951
2015/11/7,2099.199951
2015/11/8,2099.199951
2015/11/9,2078.580078
2015/11/10,2081.719971
2015/11/11,2075
2015/11/12,2045.969971
2015/11/13,2023.040039
2015/11/14,2023.040039
2015/11/15,2023.040039
2015/11/16,2053.189941
2015/11/17,2050.439941
2015/11/18,2083.580078
2015/11/19,2081.23999
2015/11/20,2089.169922
2015/11/21,2089.169922
2015/11/22,2089.169922
2015/11/23,2086.590088
2015/11/24,2089.139893
2015/11/25,2088.870117
2015/11/26,2088.870117
2015/11/27,2090.110107
2015/11/28,2090.110107
2015/11/29,2090.110107
2015/11/30,2080.409912
2015/12/1,2102.629883
2015/12/2,2079.51001
2015/12/3,2049.620117
2015/12/4,2091.689941
2015/12/5,2091.689941
2015/12/6,2091.689941
2015/12/7,2077.070068
2015/12/8,2063.590088
2015/12/9,2047.619995
2015/12/10,2052.22998
2015/12/11,2012.369995
2015/12/12,2012.369995
2015/12/13,2012.369995
2015/12/14,2021.939941
2015/12/15,2043.410034
2015/12/16,2073.070068
2015/12/17,2041.890015
2015/12/18,2005.550049
2015/12/19,2005.550049
2015/12/20,2005.550049
2015/12/21,2021.150024
2015/12/22,2038.969971
2015/12/23,2064.290039
2015/12/24,2060.98999
2015/12/25,2060.98999
2015/12/26,2060.98999
2015/12/27,2060.98999
2015/12/28,2056.5
2015/12/29,2078.360107
2015/12/30,2063.360107
2015/12/31,2043.939941
2016/1/1,2043.939941
2016/1/2,2043.939941
2016/1/3,2043.939941
2016/1/4,2012.660034
2016/1/5,2016.709961
2016/1/6,1990.26001
2016/1/7,1943.089966
2016/1/8,1922.030029
2016/1/9,1922.030029
2016/1/10,1922.030029
2016/1/11,1923.670044
2016/1/12,1938.680054
2016/1/13,1890.280029
2016/1/14,1921.839966
2016/1/15,1880.329956
2016/1/16,1880.329956
2016/1/17,1880.329956
2016/1/18,1880.329956
2016/1/19,1881.329956
2016/1/20,1859.329956
2016/1/21,1868.98999
2016/1/22,1906.900024
2016/1/23,1906.900024
2016/1/24,1906.900024
2016/1/25,1877.079956
2016/1/26,1903.630005
2016/1/27,1882.949951
2016/1/28,1893.359985
2016/1/29,1940.23999
2016/1/30,1940.23999
2016/1/31,1940.23999
2016/2/1,1939.380005
2016/2/2,1903.030029
2016/2/3,1912.530029
2016/2/4,1915.449951
2016/2/5,1880.050049
2016/2/6,1880.050049
2016/2/7,1880.050049
2016/2/8,1853.439941
2016/2/9,1852.209961
2016/2/10,1851.859985
2016/2/11,1829.079956
2016/2/12,1864.780029
2016/2/13,1864.780029
2016/2/14,1864.780029
2016/2/15,1864.780029
2016/2/16,1895.579956
2016/2/17,1926.819946
2016/2/18,1917.829956
2016/2/19,1917.780029
2016/2/20,1917.780029
2016/2/21,1917.780029
2016/2/22,1945.5
2016/2/23,1921.27002
2016/2/24,1929.800049
2016/2/25,1951.699951
2016/2/26,1948.050049
2016/2/27,1948.050049
2016/2/28,1948.050049
2016/2/29,1932.22998
2016/3/1,1978.349976
2016/3/2,1986.449951
2016/3/3,1993.400024
2016/3/4,1999.98999
2016/3/5,1999.98999
2016/3/6,1999.98999
2016/3/7,2001.76001
2016/3/8,1979.26001
2016/3/9,1989.26001
2016/3/10,1989.569946
2016/3/11,2022.189941
2016/3/12,2022.189941
2016/3/13,2022.189941
2016/3/14,2019.640015
2016/3/15,2015.930054
2016/3/16,2027.219971
2016/3/17,2040.589966
2016/3/18,2049.580078
2016/3/19,2049.580078
2016/3/20,2049.580078
2016/3/21,2051.600098
2016/3/22,2049.800049
2016/3/23,2036.709961
2016/3/24,2035.939941
2016/3/25,2035.939941
2016/3/26,2035.939941
2016/3/27,2035.939941
2016/3/28,2037.050049
2016/3/29,2055.01001
2016/3/30,2063.949951
2016/3/31,2059.73999
2016/4/1,2072.780029
2016/4/2,2072.780029
2016/4/3,2072.780029
2016/4/4,2066.129883
2016/4/5,2045.170044
2016/4/6,2066.659912
2016/4/7,2041.910034
2016/4/8,2047.599976
2016/4/9,2047.599976
2016/4/10,2047.599976
2016/4/11,2041.98999
2016/4/12,2061.719971
2016/4/13,2082.419922
2016/4/14,2082.780029
2016/4/15,2080.72998
2016/4/16,2080.72998
2016/4/17,2080.72998
2016/4/18,2094.340088
2016/4/19,2100.800049
2016/4/20,2102.399902
2016/4/21,2091.47998
2016/4/22,2091.580078
2016/4/23,2091.580078
2016/4/24,2091.580078
2016/4/25,2087.790039
2016/4/26,2091.699951
2016/4/27,2095.149902
2016/4/28,2075.810059
2016/4/29,2065.300049
2016/4/30,2065.300049
2016/5/1,2065.300049
2016/5/2,2081.429932
2016/5/3,2063.370117
2016/5/4,2051.120117
2016/5/5,2050.629883
2016/5/6,2057.139893
2016/5/7,2057.139893
2016/5/8,2057.139893
2016/5/9,2058.689941
2016/5/10,2084.389893
2016/5/11,2064.459961
2016/5/12,2064.110107
2016/5/13,2046.609985
2016/5/14,2046.609985
2016/5/15,2046.609985
2016/5/16,2066.659912
2016/5/17,2047.209961
2016/5/18,2047.630005
2016/5/19,2040.040039
2016/5/20,2052.320068
2016/5/21,2052.320068
2016/5/22,2052.320068
2016/5/23,2048.040039
2016/5/24,2076.060059
2016/5/25,2090.540039
2016/5/26,2090.100098
2016/5/27,2099.060059
2016/5/28,2099.060059
2016/5/29,2099.060059
2016/5/30,2099.060059
2016/5/31,2096.949951
2016/6/1,2099.330078
2016/6/2,2105.26001
2016/6/3,2099.129883
2016/6/4,2099.129883
2016/6/5,2099.129883
2016/6/6,2109.409912
2016/6/7,2112.129883
2016/6/8,2119.120117
2016/6/9,2115.47998
2016/6/10,2096.070068
2016/6/11,2096.070068
2016/6/12,2096.070068
2016/6/13,2079.060059
2016/6/14,2075.320068
2016/6/15,2071.5
2016/6/16,2077.98999
2016/6/17,2071.219971
2016/6/18,2071.219971
2016/6/19,2071.219971
2016/6/20,2083.25
2016/6/21,2088.899902
2016/6/22,2085.449951
2016/6/23,2113.320068
2016/6/24,2037.410034
2016/6/25,2037.410034
2016/6/26,2037.410034
2016/6/27,2000.540039
2016/6/28,2036.089966
2016/6/29,2070.77002
2016/6/30,2098.860107
2016/7/1,2102.949951
2016/7/2,2102.949951
2016/7/3,2102.949951
2016/7/4,2102.949951
2016/7/5,2088.550049
2016/7/6,2099.72998
2016/7/7,2097.899902
2016/7/8,2129.899902
2016/7/9,2129.899902
2016/7/10,2129.899902
2016/7/11,2137.159912
2016/7/12,2152.139893
2016/7/13,2152.429932
2016/7/14,2163.75
2016/7/15,2161.73999
2016/7/16,2161.73999
2016/7/17,2161.73999
2016/7/18,2166.889893
2016/7/19,2163.780029
2016/7/20,2173.02002
2016/7/21,2165.169922
2016/7/22,2175.030029
2016/7/23,2175.030029
2016/7/24,2175.030029
2016/7/25,2168.47998
2016/7/26,2169.179932
2016/7/27,2166.580078
2016/7/28,2170.060059
2016/7/29,2173.600098
2016/7/30,2173.600098
2016/7/31,2173.600098
2016/8/1,2170.840088
2016/8/2,2157.030029
2016/8/3,2163.790039
2016/8/4,2164.25
2016/8/5,2182.870117
2016/8/6,2182.870117
2016/8/7,2182.870117
2016/8/8,2180.889893
2016/8/9,2181.73999
2016/8/10,2175.48999
2016/8/11,2185.790039
2016/8/12,2184.050049
2016/8/13,2184.050049
2016/8/14,2184.050049
2016/8/15,2190.149902
2016/8/16,2178.149902
2016/8/17,2182.219971
2016/8/18,2187.02002
2016/8/19,2183.870117
2016/8/20,2183.870117
2016/8/21,2183.870117
2016/8/22,2182.639893
2016/8/23,2186.899902
2016/8/24,2175.439941
2016/8/25,2172.469971
2016/8/26,2169.040039
2016/8/27,2169.040039
2016/8/28,2169.040039
2016/8/29,2180.379883
2016/8/30,2176.120117
2016/8/31,2170.949951
2016/9/1,2170.860107
2016/9/2,2179.97998
2016/9/3,2179.97998
2016/9/4,2179.97998
2016/9/5,2179.97998
2016/9/6,2186.47998
2016/9/7,2186.159912
2016/9/8,2181.300049
2016/9/9,2127.810059
2016/9/10,2127.810059
2016/9/11,2127.810059
2016/9/12,2159.040039
2016/9/13,2127.02002
2016/9/14,2125.77002
2016/9/15,2147.26001
2016/9/16,2139.159912
2016/9/17,2139.159912
2016/9/18,2139.159912
2016/9/19,2139.120117
2016/9/20,2139.76001
2016/9/21,2163.120117
2016/9/22,2177.179932
2016/9/23,2164.689941
2016/9/24,2164.689941
2016/9/25,2164.689941
2016/9/26,2146.100098
2016/9/27,2159.929932
2016/9/28,2171.370117
2016/9/29,2151.129883
2016/9/30,2168.27002
2016/10/1,2168.27002
2016/10/2,2168.27002
2016/10/3,2161.199951
2016/10/4,2150.48999
2016/10/5,2159.72998
2016/10/6,2160.77002
2016/10/7,2153.73999
2016/10/8,2153.73999
2016/10/9,2153.73999
2016/10/10,2163.659912
2016/10/11,2136.72998
2016/10/12,2139.179932
2016/10/13,2132.550049
2016/10/14,2132.97998
2016/10/15,2132.97998
2016/10/16,2132.97998
2016/10/17,2126.5
2016/10/18,2139.600098
2016/10/19,2144.290039
2016/10/20,2141.340088
2016/10/21,2141.159912
2016/10/22,2141.159912
2016/10/23,2141.159912
2016/10/24,2151.330078
2016/10/25,2143.159912
2016/10/26,2139.429932
2016/10/27,2133.040039
2016/10/28,2126.409912
2016/10/29,2126.409912
2016/10/30,2126.409912
2016/10/31,2126.149902
2016/11/1,2111.719971
2016/11/2,2097.939941
2016/11/3,2088.659912
2016/11/4,2085.179932
2016/11/5,2085.179932
2016/11/6,2085.179932
2016/11/7,2131.52002
2016/11/8,2139.560059
2016/11/9,2163.26001
2016/11/10,2167.47998
2016/11/11,2164.449951
2016/11/12,2164.449951
2016/11/13,2164.449951
2016/11/14,2164.199951
2016/11/15,2180.389893
2016/11/16,2176.939941
2016/11/17,2187.120117
2016/11/18,2181.899902
2016/11/19,2181.899902
2016/11/20,2181.899902
2016/11/21,2198.179932
2016/11/22,2202.939941
2016/11/23,2204.719971
2016/11/24,2204.719971
2016/11/25,2213.350098
2016/11/26,2213.350098
2016/11/27,2213.350098
2016/11/28,2201.719971
2016/11/29,2204.659912
2016/11/30,2198.810059
2016/12/1,2191.080078
2016/12/2,2191.949951
2016/12/3,2191.949951
2016/12/4,2191.949951
2016/12/5,2204.709961
2016/12/6,2212.22998
2016/12/7,2241.350098
2016/12/8,2246.189941
2016/12/9,2259.530029
2016/12/10,2259.530029
2016/12/11,2259.530029
2016/12/12,2256.959961
2016/12/13,2271.719971
2016/12/14,2253.280029
2016/12/15,2262.030029
2016/12/16,2258.070068
2016/12/17,2258.070068
2016/12/18,2258.070068
2016/12/19,2262.530029
2016/12/20,2270.76001
2016/12/21,2265.179932
2016/12/22,2260.959961
2016/12/23,2263.790039
2016/12/24,2263.790039
2016/12/25,2263.790039
2016/12/26,2263.790039
2016/12/27,2268.879883
2016/12/28,2249.919922
2016/12/29,2249.26001
2016/12/30,2238.830078
2016/12/31,2238.830078
2017/1/1,2238.830078
2017/1/2,2238.830078
2017/1/3,2257.830078
2017/1/4,2270.75
2017/1/5,2269
2017/1/6,2276.97998
2017/1/7,2276.97998
2017/1/8,2276.97998
2017/1/9,2268.899902
2017/1/10,2268.899902
2017/1/11,2275.320068
2017/1/12,2270.439941
2017/1/13,2274.639893
2017/1/14,2274.639893
2017/1/15,2274.639893
2017/1/16,2274.639893
2017/1/17,2267.889893
2017/1/18,2271.889893
2017/1/19,2263.689941
2017/1/20,2271.310059
2017/1/21,2271.310059
2017/1/22,2271.310059
2017/1/23,2265.199951
2017/1/24,2280.070068
2017/1/25,2298.370117
2017/1/26,2296.679932
2017/1/27,2294.689941
2017/1/28,2294.689941
2017/1/29,2294.689941
2017/1/30,2280.899902
2017/1/31,2278.870117
2017/2/1,2279.550049
2017/2/2,2280.850098
2017/2/3,2297.419922
2017/2/4,2297.419922
2017/2/5,2297.419922
2017/2/6,2292.560059
2017/2/7,2293.080078
2017/2/8,2294.669922
2017/2/9,2307.870117
2017/2/10,2316.100098
2017/2/11,2316.100098
2017/2/12,2316.100098
2017/2/13,2328.25
2017/2/14,2337.580078
2017/2/15,2349.25
2017/2/16,2347.219971
2017/2/17,2351.159912
2017/2/18,2351.159912
2017/2/19,2351.159912
2017/2/20,2351.159912
2017/2/21,2365.379883
2017/2/22,2362.820068
2017/2/23,2363.810059
2017/2/24,2367.340088
2017/2/25,2367.340088
2017/2/26,2367.340088
2017/2/27,2369.75
2017/2/28,2363.639893
2017/3/1,2395.959961
2017/3/2,2381.919922
2017/3/3,2383.120117
2017/3/4,2383.120117
2017/3/5,2383.120117
2017/3/6,2375.310059
2017/3/7,2368.389893
2017/3/8,2362.97998
2017/3/9,2364.870117
2017/3/10,2372.600098
2017/3/11,2372.600098
2017/3/12,2372.600098
2017/3/13,2373.469971
2017/3/14,2365.449951
2017/3/15,2385.26001
2017/3/16,2381.379883
2017/3/17,2378.25
2017/3/18,2378.25
2017/3/19,2378.25
2017/3/20,2373.469971
2017/3/21,2344.02002
2017/3/22,2348.449951
2017/3/23,2345.959961
2017/3/24,2343.97998
2017/3/25,2343.97998
2017/3/26,2343.97998
2017/3/27,2341.590088
2017/3/28,2358.570068
2017/3/29,2361.129883
2017/3/30,2368.060059
2017/3/31,2362.719971
2017/4/1,2362.719971
2017/4/2,2362.719971
2017/4/3,2358.840088
2017/4/4,2360.159912
2017/4/5,2352.949951
2017/4/6,2357.48999
2017/4/7,2355.540039
2017/4/8,2355.540039
2017/4/9,2355.540039
2017/4/10,2357.159912
2017/4/11,2353.780029
2017/4/12,2344.929932
2017/4/13,2328.949951
2017/4/14,2328.949951
2017/4/15,2328.949951
2017/4/16,2328.949951
2017/4/17,2349.01001
2017/4/18,2342.189941
2017/4/19,2338.169922
2017/4/20,2355.840088
2017/4/21,2348.689941
2017/4/22,2348.689941
2017/4/23,2348.689941
2017/4/24,2374.149902
2017/4/25,2388.610107
2017/4/26,2387.449951
2017/4/27,2388.77002
2017/4/28,2384.199951
2017/4/29,2384.199951
2017/4/30,2384.199951
2017/5/1,2388.330078
2017/5/2,2391.169922
2017/5/3,2388.129883
2017/5/4,2389.52002
2017/5/5,2399.290039
2017/5/6,2399.290039
2017/5/7,2399.290039
2017/5/8,2399.379883
2017/5/9,2396.919922
2017/5/10,2399.629883
2017/5/11,2394.439941
2017/5/12,2390.899902
2017/5/13,2390.899902
2017/5/14,2390.899902
2017/5/15,2402.320068
2017/5/16,2400.669922
2017/5/17,2357.030029
2017/5/18,2365.719971
2017/5/19,2381.72998
2017/5/20,2381.72998
2017/5/21,2381.72998
2017/5/22,2394.02002
2017/5/23,2398.419922
2017/5/24,2404.389893
2017/5/25,2415.070068
2017/5/26,2415.820068
2017/5/27,2415.820068
2017/5/28,2415.820068
2017/5/29,2415.820068
2017/5/30,2412.909912
2017/5/31,2411.800049
2017/6/1,2430.060059
2017/6/2,2439.070068
2017/6/3,2439.070068
2017/6/4,2439.070068
2017/6/5,2436.100098
2017/6/6,2429.330078
2017/6/7,2433.139893
2017/6/8,2433.790039
2017/6/9,2431.77002
2017/6/10,2431.77002
2017/6/11,2431.77002
2017/6/12,2429.389893
2017/6/13,2440.350098
2017/6/14,2437.919922
2017/6/15,2432.459961
2017/6/16,2433.149902
2017/6/17,2433.149902
2017/6/18,2433.149902
2017/6/19,2453.459961
2017/6/20,2437.030029
2017/6/21,2435.610107
2017/6/22,2434.5
2017/6/23,2438.300049
2017/6/24,2438.300049
2017/6/25,2438.300049
2017/6/26,2439.070068
2017/6/27,2419.379883
2017/6/28,2440.689941
2017/6/29,2419.699951
2017/6/30,2423.409912
2017/7/1,2423.409912
2017/7/2,2423.409912
2017/7/3,2429.01001
2017/7/4,2429.01001
2017/7/5,2432.540039
2017/7/6,2409.75
2017/7/7,2425.179932
2017/7/8,2425.179932
2017/7/9,2425.179932
2017/7/10,2427.429932
2017/7/11,2425.530029
2017/7/12,2443.25
2017/7/13,2447.830078
2017/7/14,2459.27002
2017/7/15,2459.27002
2017/7/16,2459.27002
2017/7/17,2459.139893
2017/7/18,2460.610107
2017/7/19,2473.830078
2017/7/20,2473.449951
2017/7/21,2472.540039
2017/7/22,2472.540039
2017/7/23,2472.540039
2017/7/24,2469.909912
2017/7/25,2477.129883
2017/7/26,2477.830078
2017/7/27,2475.419922
2017/7/28,2472.100098
2017/7/29,2472.100098
2017/7/30,2472.100098
2017/7/31,2470.300049
2017/8/1,2476.350098
2017/8/2,2477.570068
2017/8/3,2472.159912
2017/8/4,2476.830078
2017/8/5,2476.830078
2017/8/6,2476.830078
2017/8/7,2480.909912
2017/8/8,2474.919922
2017/8/9,2474.02002
2017/8/10,2438.209961
2017/8/11,2441.320068
2017/8/12,2441.320068
2017/8/13,2441.320068
2017/8/14,2465.840088
2017/8/15,2464.610107
2017/8/16,2468.110107
2017/8/17,2430.01001
2017/8/18,2425.550049
2017/8/19,2425.550049
2017/8/20,2425.550049
2017/8/21,2428.370117
2017/8/22,2452.51001
2017/8/23,2444.040039
2017/8/24,2438.969971
2017/8/25,2443.050049
2017/8/26,2443.050049
2017/8/27,2443.050049
2017/8/28,2444.23999
2017/8/29,2446.300049
2017/8/30,2457.590088
2017/8/31,2471.649902
2017/9/1,2476.550049
2017/9/2,2476.550049
2017/9/3,2476.550049
2017/9/4,2476.550049
2017/9/5,2457.850098
2017/9/6,2465.540039
2017/9/7,2465.100098
2017/9/8,2461.429932
2017/9/9,2461.429932
2017/9/10,2461.429932
2017/9/11,2488.110107
2017/9/12,2496.47998
2017/9/13,2498.370117
2017/9/14,2495.620117
2017/9/15,2500.22998
2017/9/16,2500.22998
2017/9/17,2500.22998
2017/9/18,2503.870117
2017/9/19,2506.649902
2017/9/20,2508.23999
2017/9/21,2500.600098
2017/9/22,2502.219971
2017/9/23,2502.219971
2017/9/24,2502.219971
2017/9/25,2496.659912
2017/9/26,2496.840088
2017/9/27,2507.040039
2017/9/28,2510.060059
2017/9/29,2519.360107
2017/9/30,2519.360107
2017/10/1,2519.360107
2017/10/2,2529.120117
2017/10/3,2534.580078
2017/10/4,2537.73999
2017/10/5,2552.070068
2017/10/6,2549.330078
2017/10/7,2549.330078
2017/10/8,2549.330078
2017/10/9,2544.72998
2017/10/10,2550.639893
2017/10/11,2555.23999
2017/10/12,2550.929932
2017/10/13,2553.169922
2017/10/14,2553.169922
2017/10/15,2553.169922
2017/10/16,2557.639893
2017/10/17,2559.360107
2017/10/18,2561.26001
2017/10/19,2562.100098
2017/10/20,2575.209961
2017/10/21,2575.209961
2017/10/22,2575.209961
2017/10/23,2564.97998
2017/10/24,2569.129883
2017/10/25,2557.149902
2017/10/26,2560.399902
2017/10/27,2581.070068
2017/10/28,2581.070068
2017/10/29,2581.070068
2017/10/30,2572.830078
2017/10/31,2575.26001
2017/11/1,2579.360107
2017/11/2,2579.850098
2017/11/3,2587.840088
2017/11/4,2587.840088
2017/11/5,2587.840088
2017/11/6,2591.129883
2017/11/7,2590.639893
2017/11/8,2594.379883
2017/11/9,2584.620117
2017/11/10,2582.300049
2017/11/11,2582.300049
2017/11/12,2582.300049
2017/11/13,2584.840088
2017/11/14,2578.870117
2017/11/15,2564.620117
2017/11/16,2585.639893
2017/11/17,2578.850098
2017/11/18,2578.850098
2017/11/19,2578.850098
2017/11/20,2582.139893
2017/11/21,2599.030029
2017/11/22,2597.080078
2017/11/23,2597.080078
2017/11/24,2602.419922
2017/11/25,2602.419922
2017/11/26,2602.419922
2017/11/27,2601.419922
2017/11/28,2627.040039
2017/11/29,2626.070068
2017/11/30,2647.580078
2017/12/1,2642.219971
2017/12/2,2642.219971
2017/12/3,2642.219971
2017/12/4,2639.439941
2017/12/5,2629.570068
2017/12/6,2629.27002
2017/12/7,2636.97998
2017/12/8,2651.5
2017/12/9,2651.5
2017/12/10,2651.5
2017/12/11,2659.98999
2017/12/12,2664.110107
2017/12/13,2662.850098
2017/12/14,2652.01001
2017/12/15,2675.810059
2017/12/16,2675.810059
2017/12/17,2675.810059
2017/12/18,2690.159912
2017/12/19,2681.469971
2017/12/20,2679.25
2017/12/21,2684.570068
2017/12/22,2683.340088
2017/12/23,2683.340088
2017/12/24,2683.340088
2017/12/25,2683.340088
2017/12/26,2680.5
2017/12/27,2682.620117
2017/12/28,2687.540039
2017/12/29,2673.610107
2017/12/30,2673.610107
2017/12/31,2673.610107
2018/1/1,2673.610107
2018/1/2,2695.810059
2018/1/3,2713.060059
2018/1/4,2723.98999
2018/1/5,2743.149902
2018/1/6,2743.149902
2018/1/7,2743.149902
2018/1/8,2747.709961
2018/1/9,2751.290039
2018/1/10,2748.22998
2018/1/11,2767.560059
2018/1/12,2786.23999
2018/1/13,2786.23999
2018/1/14,2786.23999
2018/1/15,2786.23999
2018/1/16,2776.419922
2018/1/17,2802.560059
2018/1/18,2798.030029
2018/1/19,2810.300049
2018/1/20,2810.300049
2018/1/21,2810.300049
2018/1/22,2832.969971
2018/1/23,2839.129883
2018/1/24,2837.540039
2018/1/25,2839.25
2018/1/26,2872.870117
2018/1/27,2872.870117
2018/1/28,2872.870117
2018/1/29,2853.530029
2018/1/30,2822.429932
2018/1/31,2823.810059
2018/2/1,2821.97998
2018/2/2,2762.129883
2018/2/3,2762.129883
2018/2/4,2762.129883
2018/2/5,2648.939941
2018/2/6,2695.139893
2018/2/7,2681.659912
2018/2/8,2581
2018/2/9,2619.550049
2018/2/10,2619.550049
2018/2/11,2619.550049
2018/2/12,2656
2018/2/13,2662.939941
2018/2/14,2698.629883
2018/2/15,2731.199951
2018/2/16,2732.219971
2018/2/17,2732.219971
2018/2/18,2732.219971
2018/2/19,2732.219971
2018/2/20,2716.26001
2018/2/21,2701.330078
2018/2/22,2703.959961
2018/2/23,2747.300049
2018/2/24,2747.300049
2018/2/25,2747.300049
2018/2/26,2779.600098
2018/2/27,2744.280029
2018/2/28,2713.830078
2018/3/1,2677.669922
2018/3/2,2691.25
2018/3/3,2691.25
2018/3/4,2691.25
2018/3/5,2720.939941
2018/3/6,2728.120117
2018/3/7,2726.800049
2018/3/8,2738.969971
2018/3/9,2786.570068
2018/3/10,2786.570068
2018/3/11,2786.570068
2018/3/12,2783.02002
2018/3/13,2765.310059
2018/3/14,2749.47998
2018/3/15,2747.330078
2018/3/16,2752.01001
2018/3/17,2752.01001
2018/3/18,2752.01001
2018/3/19,2712.919922
2018/3/20,2716.939941
2018/3/21,2711.929932
2018/3/22,2643.689941
2018/3/23,2588.26001
2018/3/24,2588.26001
2018/3/25,2588.26001
2018/3/26,2658.550049
2018/3/27,2612.620117
2018/3/28,2605
2018/3/29,2640.870117
2018/3/30,2640.870117
2018/3/31,2640.870117
2018/4/1,2640.870117
2018/4/2,2581.879883
2018/4/3,2614.449951
2018/4/4,2644.689941
2018/4/5,2662.840088
2018/4/6,2604.469971
2018/4/7,2604.469971
2018/4/8,2604.469971
2018/4/9,2613.159912
2018/4/10,2656.870117
2018/4/11,2642.189941
2018/4/12,2663.98999
2018/4/13,2656.300049
2018/4/14,2656.300049
2018/4/15,2656.300049
2018/4/16,2677.840088
2018/4/17,2706.389893
2018/4/18,2708.639893
2018/4/19,2693.129883
2018/4/20,2670.139893
2018/4/21,2670.139893
2018/4/22,2670.139893
2018/4/23,2670.290039
2018/4/24,2634.560059
2018/4/25,2639.399902
2018/4/26,2666.939941
2018/4/27,2669.909912
2018/4/28,2669.909912
2018/4/29,2669.909912
2018/4/30,2648.050049
2018/5/1,2654.800049
2018/5/2,2635.669922
2018/5/3,2629.72998
2018/5/4,2663.419922
2018/5/5,2663.419922
2018/5/6,2663.419922
2018/5/7,2672.629883
2018/5/8,2671.919922
2018/5/9,2697.790039
2018/5/10,2723.070068
2018/5/11,2727.719971
2018/5/12,2727.719971
2018/5/13,2727.719971
2018/5/14,2730.129883
2018/5/15,2711.449951
2018/5/16,2722.459961
2018/5/17,2720.129883
2018/5/18,2712.969971
2018/5/19,2712.969971
2018/5/20,2712.969971
2018/5/21,2733.01001
2018/5/22,2724.439941
2018/5/23,2733.290039
2018/5/24,2727.76001
2018/5/25,2721.330078
2018/5/26,2721.330078
2018/5/27,2721.330078
2018/5/28,2721.330078
2018/5/29,2689.860107
2018/5/30,2724.01001
2018/5/31,2705.27002
2018/6/1,2734.620117
2018/6/2,2734.620117
2018/6/3,2734.620117
2018/6/4,2746.870117
2018/6/5,2748.800049
2018/6/6,2772.350098
2018/6/7,2770.370117
2018/6/8,2779.030029
2018/6/9,2779.030029
2018/6/10,2779.030029
2018/6/11,2782
2018/6/12,2786.850098
2018/6/13,2775.629883
2018/6/14,2782.48999
2018/6/15,2779.659912
2018/6/16,2779.659912
2018/6/17,2779.659912
2018/6/18,2773.75
2018/6/19,2762.590088
2018/6/20,2767.320068
2018/6/21,2749.76001
2018/6/22,2754.879883
2018/6/23,2754.879883
2018/6/24,2754.879883
2018/6/25,2717.070068
2018/6/26,2723.060059
2018/6/27,2699.629883
2018/6/28,2716.310059
2018/6/29,2718.370117
2018/6/30,2718.370117
2018/7/1,2718.370117
2018/7/2,2726.709961
2018/7/3,2713.219971
2018/7/4,2713.219971
2018/7/5,2736.610107
2018/7/6,2759.820068
2018/7/7,2759.820068
2018/7/8,2759.820068
2018/7/9,2784.169922
2018/7/10,2793.840088
2018/7/11,2774.02002
2018/7/12,2798.290039
2018/7/13,2801.310059
2018/7/14,2801.310059
2018/7/15,2801.310059
2018/7/16,2798.429932
2018/7/17,2809.550049
2018/7/18,2815.620117
2018/7/19,2804.48999
2018/7/20,2801.830078
2018/7/21,2801.830078
2018/7/22,2801.830078
2018/7/23,2806.97998
2018/7/24,2820.399902
2018/7/25,2846.070068
2018/7/26,2837.439941
2018/7/27,2818.820068
2018/7/28,2818.820068
2018/7/29,2818.820068
2018/7/30,2802.600098
2018/7/31,2816.290039
2018/8/1,2813.360107
2018/8/2,2827.219971
2018/8/3,2840.350098
2018/8/4,2840.350098
2018/8/5,2840.350098
2018/8/6,2850.399902
2018/8/7,2858.449951
2018/8/8,2857.699951
2018/8/9,2853.580078
2018/8/10,2833.280029
2018/8/11,2833.280029
2018/8/12,2833.280029
2018/8/13,2821.929932
2018/8/14,2839.959961
2018/8/15,2818.370117
2018/8/16,2840.689941
2018/8/17,2850.129883
2018/8/18,2850.129883
2018/8/19,2850.129883
2018/8/20,2857.050049
2018/8/21,2862.959961
2018/8/22,2861.820068
2018/8/23,2856.97998
2018/8/24,2874.689941
2018/8/25,2874.689941
2018/8/26,2874.689941
2018/8/27,2896.73999
2018/8/28,2897.52002
2018/8/29,2914.040039
2018/8/30,2901.129883
2018/8/31,2901.52002
2018/9/1,2901.52002
2018/9/2,2901.52002
2018/9/3,2901.52002
2018/9/4,2896.719971
2018/9/5,2888.600098
2018/9/6,2878.050049
2018/9/7,2871.679932
2018/9/8,2871.679932
2018/9/9,2871.679932
2018/9/10,2877.129883
2018/9/11,2887.889893
2018/9/12,2888.919922
2018/9/13,2904.179932
2018/9/14,2904.97998
2018/9/15,2904.97998
2018/9/16,2904.97998
2018/9/17,2888.800049
2018/9/18,2904.310059
2018/9/19,2907.949951
2018/9/20,2930.75
2018/9/21,2929.669922
2018/9/22,2929.669922
2018/9/23,2929.669922
2018/9/24,2919.370117
2018/9/25,2915.560059
2018/9/26,2905.969971
2018/9/27,2914
2018/9/28,2913.97998
2018/9/29,2913.97998
2018/9/30,2913.97998
2018/10/1,2924.590088
2018/10/2,2923.429932
2018/10/3,2925.51001
2018/10/4,2901.610107
2018/10/5,2885.570068
2018/10/6,2885.570068
2018/10/7,2885.570068
2018/10/8,2884.429932
2018/10/9,2880.340088
2018/10/10,2785.679932
2018/10/11,2728.370117
2018/10/12,2767.129883
2018/10/13,2767.129883
2018/10/14,2767.129883
2018/10/15,2750.790039
2018/10/16,2809.919922
2018/10/17,2809.209961
2018/10/18,2768.780029
2018/10/19,2767.780029
2018/10/20,2767.780029
2018/10/21,2767.780029
2018/10/22,2755.879883
2018/10/23,2740.689941
2018/10/24,2656.100098
2018/10/25,2705.570068
2018/10/26,2658.689941
2018/10/27,2658.689941
2018/10/28,2658.689941
2018/10/29,2641.25
2018/10/30,2682.629883
2018/10/31,2711.73999
2018/11/1,2740.370117
2018/11/2,2723.060059
2018/11/3,2723.060059
2018/11/4,2723.060059
2018/11/5,2738.310059
2018/11/6,2755.449951
2018/11/7,2813.889893
2018/11/8,2806.830078
2018/11/9,2781.01001
2018/11/10,2781.01001
2018/11/11,2781.01001
2018/11/12,2726.219971
2018/11/13,2722.179932
2018/11/14,2701.580078
2018/11/15,2730.199951
2018/11/16,2736.27002
2018/11/17,2736.27002
2018/11/18,2736.27002
2018/11/19,2690.72998
2018/11/20,2641.889893
2018/11/21,2649.929932
2018/11/22,2649.929932
2018/11/23,2632.560059
2018/11/24,2632.560059
2018/11/25,2632.560059
2018/11/26,2673.449951
2018/11/27,2682.169922
2018/11/28,2743.790039
2018/11/29,2737.800049
2018/11/30,2760.169922
2018/12/1,2760.169922
2018/12/2,2760.169922
2018/12/3,2790.370117
2018/12/4,2700.060059
2018/12/5,2700.060059
2018/12/6,2695.949951
2018/12/7,2633.080078
2018/12/8,2633.080078
2018/12/9,2633.080078
2018/12/10,2637.719971
2018/12/11,2636.780029
2018/12/12,2651.070068
2018/12/13,2650.540039
2018/12/14,2599.949951
2018/12/15,2599.949951
2018/12/16,2599.949951
2018/12/17,2545.939941
2018/12/18,2546.159912
2018/12/19,2506.959961
2018/12/20,2467.419922
2018/12/21,2416.620117
2018/12/22,2416.620117
2018/12/23,2416.620117
2018/12/24,2351.100098
2018/12/25,2351.100098
2018/12/26,2467.699951
2018/12/27,2488.830078
2018/12/28,2485.73999
2018/12/29,2485.73999
2018/12/30,2485.73999
2018/12/31,2506.850098
2019/1/1,2506.850098
2019/1/2,2510.030029
2019/1/3,2447.889893
2019/1/4,2531.939941
2019/1/5,2531.939941
2019/1/6,2531.939941
2019/1/7,2549.689941
2019/1/8,2574.409912
2019/1/9,2584.959961
2019/1/10,2596.639893
2019/1/11,2596.26001
2019/1/12,2596.26001
2019/1/13,2596.26001
2019/1/14,2582.610107
2019/1/15,2610.300049
2019/1/16,2616.100098
2019/1/17,2635.959961
2019/1/18,2670.709961
2019/1/19,2670.709961
2019/1/20,2670.709961
2019/1/21,2670.709961
2019/1/22,2632.899902
2019/1/23,2638.699951
2019/1/24,2642.330078
2019/1/25,2664.76001
2019/1/26,2664.76001
2019/1/27,2664.76001
2019/1/28,2643.850098
2019/1/29,2640
2019/1/30,2681.050049
2019/1/31,2704.100098
2019/2/1,2706.530029
2019/2/2,2706.530029
2019/2/3,2706.530029
2019/2/4,2724.870117
2019/2/5,2737.699951
2019/2/6,2731.610107
2019/2/7,2706.050049
2019/2/8,2707.879883
2019/2/9,2707.879883
2019/2/10,2707.879883
2019/2/11,2709.800049
2019/2/12,2744.72998
2019/2/13,2753.030029
2019/2/14,2745.72998
2019/2/15,2775.600098
2019/2/16,2775.600098
2019/2/17,2775.600098
2019/2/18,2775.600098
2019/2/19,2779.76001
2019/2/20,2784.699951
2019/2/21,2774.879883
2019/2/22,2792.669922
2019/2/23,2792.669922
2019/2/24,2792.669922
2019/2/25,2796.110107
2019/2/26,2793.899902
2019/2/27,2792.379883
2019/2/28,2784.48999
2019/3/1,2803.689941
2019/3/2,2803.689941
2019/3/3,2803.689941
2019/3/4,2792.810059
2019/3/5,2789.649902
2019/3/6,2771.449951
2019/3/7,2748.929932
2019/3/8,2743.070068
2019/3/9,2743.070068
2019/3/10,2743.070068
2019/3/11,2783.300049
2019/3/12,2791.52002
2019/3/13,2810.919922
2019/3/14,2808.47998
2019/3/15,2822.47998
2019/3/16,2822.47998
2019/3/17,2822.47998
2019/3/18,2832.939941
2019/3/19,2832.570068
2019/3/20,2824.22998
2019/3/21,2854.879883
2019/3/22,2800.709961
2019/3/23,2800.709961
2019/3/24,2800.709961
2019/3/25,2798.360107
2019/3/26,2818.459961
2019/3/27,2805.370117
2019/3/28,2815.439941
2019/3/29,2834.399902
2019/3/30,2834.399902
2019/3/31,2834.399902
2019/4/1,2867.189941
2019/4/2,2867.23999
2019/4/3,2873.399902
2019/4/4,2879.389893
2019/4/5,2892.73999
2019/4/6,2892.73999
2019/4/7,2892.73999
2019/4/8,2895.77002
2019/4/9,2878.199951
2019/4/10,2888.209961
2019/4/11,2888.320068
2019/4/12,2907.409912
2019/4/13,2907.409912
2019/4/14,2907.409912
2019/4/15,2905.580078
2019/4/16,2907.060059
2019/4/17,2900.449951
2019/4/18,2905.030029
2019/4/19,2905.030029
2019/4/20,2905.030029
2019/4/21,2905.030029
2019/4/22,2907.969971
2019/4/23,2933.679932
2019/4/24,2927.25
2019/4/25,2926.169922
2019/4/26,2939.879883
2019/4/27,2939.879883
2019/4/28,2939.879883
2019/4/29,2943.030029
2019/4/30,2945.830078
2019/5/1,2923.72998
2019/5/2,2917.52002
2019/5/3,2945.639893
2019/5/4,2945.639893
2019/5/5,2945.639893
2019/5/6,2932.469971
2019/5/7,2884.050049
2019/5/8,2879.419922
2019/5/9,2870.719971
2019/5/10,2881.399902
2019/5/11,2881.399902
2019/5/12,2881.399902
2019/5/13,2811.870117
2019/5/14,2834.409912
2019/5/15,2850.959961
2019/5/16,2876.320068
2019/5/17,2859.530029
2019/5/18,2859.530029
2019/5/19,2859.530029
2019/5/20,2840.22998
2019/5/21,2864.360107
2019/5/22,2856.27002
2019/5/23,2822.23999
2019/5/24,2826.060059
2019/5/25,2826.060059
2019/5/26,2826.060059
2019/5/27,2826.060059
2019/5/28,2802.389893
2019/5/29,2783.02002
2019/5/30,2788.860107
2019/5/31,2752.060059
2019/6/1,2752.060059
2019/6/2,2752.060059
2019/6/3,2744.449951
2019/6/4,2803.27002
2019/6/5,2826.149902
2019/6/6,2843.48999
2019/6/7,2873.340088
2019/6/8,2873.340088
2019/6/9,2873.340088
2019/6/10,2886.72998
2019/6/11,2885.719971
2019/6/12,2879.840088
2019/6/13,2891.639893
2019/6/14,2886.97998
2019/6/15,2886.97998
2019/6/16,2886.97998
2019/6/17,2889.669922
2019/6/18,2917.75
2019/6/19,2926.459961
2019/6/20,2954.179932
2019/6/21,2950.459961
2019/6/22,2950.459961
2019/6/23,2950.459961
2019/6/24,2945.350098
2019/6/25,2917.379883
2019/6/26,2913.780029
2019/6/27,2924.919922
2019/6/28,2941.76001
2019/6/29,2941.76001
2019/6/30,2941.76001
2019/7/1,2964.330078
2019/7/2,2973.01001
2019/7/3,2995.820068
2019/7/4,2995.820068
2019/7/5,2990.409912
2019/7/6,2990.409912
2019/7/7,2990.409912
2019/7/8,2975.949951
2019/7/9,2979.629883
2019/7/10,2993.070068
2019/7/11,2999.909912
2019/7/12,3013.77002
2019/7/13,3013.77002
2019/7/14,3013.77002
2019/7/15,3014.300049
2019/7/16,3004.040039
2019/7/17,2984.419922
2019/7/18,2995.110107
2019/7/19,2976.610107
2019/7/20,2976.610107
2019/7/21,2976.610107
2019/7/22,2985.030029
2019/7/23,3005.469971
2019/7/24,3019.560059
2019/7/25,3003.669922
2019/7/26,3025.860107
2019/7/27,3025.860107
2019/7/28,3025.860107
2019/7/29,3020.969971
2019/7/30,3013.179932
2019/7/31,2980.379883
2019/8/1,2953.560059
2019/8/2,2932.050049
2019/8/3,2932.050049
2019/8/4,2932.050049
2019/8/5,2844.73999
2019/8/6,2881.77002
2019/8/7,2883.97998
2019/8/8,2938.090088
2019/8/9,2918.649902
2019/8/10,2918.649902
2019/8/11,2918.649902
2019/8/12,2882.699951
2019/8/13,2926.320068
2019/8/14,2840.600098
2019/8/15,2847.600098
2019/8/16,2888.679932
2019/8/17,2888.679932
2019/8/18,2888.679932
2019/8/19,2923.649902
2019/8/20,2900.51001
2019/8/21,2924.429932
2019/8/22,2922.949951
2019/8/23,2847.110107
2019/8/24,2847.110107
2019/8/25,2847.110107
2019/8/26,2878.379883
2019/8/27,2869.159912
2019/8/28,2887.939941
2019/8/29,2924.580078
2019/8/30,2926.459961
2019/8/31,2926.459961
2019/9/1,2926.459961
2019/9/2,2926.459961
2019/9/3,2906.27002
2019/9/4,2937.780029
2019/9/5,2976
2019/9/6,2978.709961
2019/9/7,2978.709961
2019/9/8,2978.709961
2019/9/9,2978.429932
2019/9/10,2979.389893
2019/9/11,3000.929932
2019/9/12,3009.570068
2019/9/13,3007.389893
2019/9/14,3007.389893
2019/9/15,3007.389893
2019/9/16,2997.959961
2019/9/17,3005.699951
2019/9/18,3006.72998
2019/9/19,3006.790039
2019/9/20,2992.070068
2019/9/21,2992.070068
2019/9/22,2992.070068
2019/9/23,2991.780029
2019/9/24,2966.600098
2019/9/25,2984.870117
2019/9/26,2977.620117
2019/9/27,2961.790039
2019/9/28,2961.790039
2019/9/29,2961.790039
2019/9/30,2976.73999
2019/10/1,2940.25
2019/10/2,2887.610107
2019/10/3,2910.629883
2019/10/4,2952.01001
2019/10/5,2952.01001
2019/10/6,2952.01001
2019/10/7,2938.790039
2019/10/8,2893.060059
2019/10/9,2919.399902
2019/10/10,2938.129883
2019/10/11,2970.27002
2019/10/12,2970.27002
2019/10/13,2970.27002
2019/10/14,2966.149902
2019/10/15,2995.679932
2019/10/16,2989.689941
2019/10/17,2997.949951
2019/10/18,2986.199951
2019/10/19,2986.199951
2019/10/20,2986.199951
2019/10/21,3006.719971
2019/10/22,2995.98999
2019/10/23,3004.52002
2019/10/24,3010.290039
2019/10/25,3022.550049
2019/10/26,3022.550049
2019/10/27,3022.550049
2019/10/28,3039.419922
2019/10/29,3036.889893
2019/10/30,3046.77002
2019/10/31,3037.560059
2019/11/1,3066.909912
2019/11/2,3066.909912
2019/11/3,3066.909912
2019/11/4,3078.27002
2019/11/5,3074.620117
2019/11/6,3076.780029
2019/11/7,3085.179932
2019/11/8,3093.080078
2019/11/9,3093.080078
2019/11/10,3093.080078
2019/11/11,3087.01001
2019/11/12,3091.840088
2019/11/13,3094.040039
2019/11/14,3096.629883
2019/11/15,3120.459961
2019/11/16,3120.459961
2019/11/17,3120.459961
2019/11/18,3122.030029
2019/11/19,3120.179932
2019/11/20,3108.459961
2019/11/21,3103.540039
2019/11/22,3110.290039
2019/11/23,3110.290039
2019/11/24,3110.290039
2019/11/25,3133.639893
2019/11/26,3140.52002
2019/11/27,3153.629883
2019/11/28,3153.629883
2019/11/29,3140.97998
2019/11/30,3140.97998
2019/12/1,3140.97998
2019/12/2,3113.870117
2019/12/3,3093.199951
2019/12/4,3112.76001
2019/12/5,3117.429932
2019/12/6,3145.909912
2019/12/7,3145.909912
2019/12/8,3145.909912
2019/12/9,3135.959961
2019/12/10,3132.52002
2019/12/11,3141.629883
2019/12/12,3168.570068
2019/12/13,3168.800049
2019/12/14,3168.800049
2019/12/15,3168.800049
2019/12/16,3191.449951
2019/12/17,3192.52002
2019/12/18,3191.139893
2019/12/19,3205.370117
2019/12/20,3221.219971
2019/12/21,3221.219971
2019/12/22,3221.219971
2019/12/23,3224.01001
2019/12/24,3223.379883
2019/12/25,3223.379883
2019/12/26,3239.909912
2019/12/27,3240.02002
2019/12/28,3240.02002
2019/12/29,3240.02002
2019/12/30,3221.290039
2019/12/31,3230.780029
2020/1/1,3230.780029
2020/1/2,3257.850098
2020/1/3,3234.850098
2020/1/4,3234.850098
2020/1/5,3234.850098
2020/1/6,3246.280029
2020/1/7,3237.179932
2020/1/8,3253.050049
2020/1/9,3274.699951
2020/1/10,3265.350098
2020/1/11,3265.350098
2020/1/12,3265.350098
2020/1/13,3288.129883
2020/1/14,3283.149902
2020/1/15,3289.290039
2020/1/16,3316.810059
2020/1/17,3329.620117
2020/1/18,3329.620117
2020/1/19,3329.620117
2020/1/20,3329.620117
2020/1/21,3320.790039
2020/1/22,3321.75
2020/1/23,3325.540039
2020/1/24,3295.469971
2020/1/25,3295.469971
2020/1/26,3295.469971
2020/1/27,3243.629883
2020/1/28,3276.23999
2020/1/29,3273.399902
2020/1/30,3283.659912
2020/1/31,3225.52002
2020/2/1,3225.52002
2020/2/2,3225.52002
2020/2/3,3248.919922
2020/2/4,3297.590088
2020/2/5,3334.689941
2020/2/6,3345.780029
2020/2/7,3327.709961
2020/2/8,3327.709961
2020/2/9,3327.709961
2020/2/10,3352.090088
2020/2/11,3357.75
2020/2/12,3379.449951
2020/2/13,3373.939941
2020/2/14,3380.159912
2020/2/15,3380.159912
2020/2/16,3380.159912
2020/2/17,3380.159912
2020/2/18,3370.290039
2020/2/19,3386.149902
2020/2/20,3373.22998
2020/2/21,3337.75
2020/2/22,3337.75
2020/2/23,3337.75
2020/2/24,3225.889893
2020/2/25,3128.209961
2020/2/26,3116.389893
2020/2/27,2978.76001
2020/2/28,2954.219971
2020/2/29,2954.219971
2020/3/1,2954.219971
2020/3/2,3090.22998
2020/3/3,3003.370117
2020/3/4,3130.120117
2020/3/5,3023.939941
2020/3/6,2972.370117
2020/3/7,2972.370117
2020/3/8,2972.370117
2020/3/9,2746.560059
2020/3/10,2882.22998
2020/3/11,2741.379883
2020/3/12,2480.639893
2020/3/13,2711.02002
2020/3/14,2711.02002
2020/3/15,2711.02002
2020/3/16,2386.129883
2020/3/17,2529.189941
2020/3/18,2398.100098
2020/3/19,2409.389893
2020/3/20,2304.919922
2020/3/21,2304.919922
2020/3/22,2304.919922
2020/3/23,2237.399902
2020/3/24,2447.330078
2020/3/25,2475.560059
2020/3/26,2630.070068
2020/3/27,2541.469971
2020/3/28,2541.469971
2020/3/29,2541.469971
2020/3/30,2626.649902
2020/3/31,2584.590088
2020/4/1,2470.5
2020/4/2,2526.899902
2020/4/3,2488.649902
2020/4/4,2488.649902
2020/4/5,2488.649902
2020/4/6,2663.679932
2020/4/7,2659.409912
2020/4/8,2749.97998
2020/4/9,2789.820068
2020/4/10,2789.820068
2020/4/11,2789.820068
2020/4/12,2789.820068
2020/4/13,2761.629883
2020/4/14,2846.060059
2020/4/15,2783.360107
2020/4/16,2799.550049
2020/4/17,2874.560059
2020/4/18,2874.560059
2020/4/19,2874.560059
2020/4/20,2823.159912
2020/4/21,2736.560059
2020/4/22,2799.310059
2020/4/23,2797.800049
2020/4/24,2836.73999
2020/4/25,2836.73999
2020/4/26,2836.73999
2020/4/27,2878.47998
2020/4/28,2863.389893
2020/4/29,2939.51001
2020/4/30,2912.429932
2020/5/1,2830.709961
2020/5/2,2830.709961
2020/5/3,2830.709961
2020/5/4,2842.73999
2020/5/5,2868.439941
2020/5/6,2848.419922
2020/5/7,2881.189941
2020/5/8,2929.800049
2020/5/9,2929.800049
2020/5/10,2929.800049
2020/5/11,2930.189941
2020/5/12,2870.120117
2020/5/13,2820
2020/5/14,2852.5
2020/5/15,2863.699951
2020/5/16,2863.699951
2020/5/17,2863.699951
2020/5/18,2953.909912
2020/5/19,2922.939941
2020/5/20,2971.610107
2020/5/21,2948.51001
2020/5/22,2955.449951
2020/5/23,2955.449951
2020/5/24,2955.449951
2020/5/25,2955.449951
2020/5/26,2991.77002
2020/5/27,3036.129883
2020/5/28,3029.72998
2020/5/29,3044.310059
2020/5/30,3044.310059
2020/5/31,3044.310059
2020/6/1,3055.72998
2020/6/2,3080.820068
2020/6/3,3122.870117
2020/6/4,3112.350098
2020/6/5,3193.929932
2020/6/6,3193.929932
2020/6/7,3193.929932
2020/6/8,3232.389893
2020/6/9,3207.179932
2020/6/10,3190.139893
2020/6/11,3002.100098
2020/6/12,3041.310059
2020/6/13,3041.310059
2020/6/14,3041.310059
2020/6/15,3066.590088
2020/6/16,3124.73999
2020/6/17,3113.48999
2020/6/18,3115.340088
2020/6/19,3097.73999
2020/6/20,3097.73999
2020/6/21,3097.73999
2020/6/22,3117.860107
2020/6/23,3131.290039
2020/6/24,3050.330078
2020/6/25,3083.76001
2020/6/26,3009.050049
2020/6/27,3009.050049
2020/6/28,3009.050049
2020/6/29,3053.23999
2020/6/30,3100.290039
2020/7/1,3115.860107
2020/7/2,3130.01001
2020/7/3,3130.01001
2020/7/4,3130.01001
2020/7/5,3130.01001
2020/7/6,3179.719971
2020/7/7,3145.320068
2020/7/8,3169.939941
2020/7/9,3152.050049
2020/7/10,3185.040039
2020/7/11,3185.040039
2020/7/12,3185.040039
2020/7/13,3155.219971
2020/7/14,3197.52002
2020/7/15,3226.560059
2020/7/16,3215.570068
2020/7/17,3224.72998
2020/7/18,3224.72998
2020/7/19,3224.72998
2020/7/20,3251.840088
2020/7/21,3257.300049
2020/7/22,3276.02002
2020/7/23,3235.659912
2020/7/24,3215.629883
2020/7/25,3215.629883
2020/7/26,3215.629883
2020/7/27,3239.409912
2020/7/28,3218.439941
2020/7/29,3258.439941
2020/7/30,3246.219971
2020/7/31,3271.120117
2020/8/1,3271.120117
2020/8/2,3271.120117
2020/8/3,3294.610107
2020/8/4,3306.51001
2020/8/5,3327.77002
2020/8/6,3349.159912
2020/8/7,3351.280029
2020/8/8,3351.280029
2020/8/9,3351.280029
2020/8/10,3360.469971
2020/8/11,3333.689941
2020/8/12,3380.350098
2020/8/13,3373.429932
2020/8/14,3372.850098
2020/8/15,3372.850098
2020/8/16,3372.850098
2020/8/17,3381.98999
2020/8/18,3389.780029
2020/8/19,3374.850098
2020/8/20,3385.51001
2020/8/21,3397.159912
2020/8/22,3397.159912
2020/8/23,3397.159912
2020/8/24,3431.280029
2020/8/25,3443.620117
2020/8/26,3478.72998
2020/8/27,3484.550049
2020/8/28,3508.01001
2020/8/29,3508.01001
2020/8/30,3508.01001
2020/8/31,3500.310059
2020/9/1,3526.649902
2020/9/2,3580.840088
2020/9/3,3455.060059
2020/9/4,3426.959961
2020/9/5,3426.959961
2020/9/6,3426.959961
2020/9/7,3426.959961
2020/9/8,3331.840088
2020/9/9,3398.959961
2020/9/10,3339.189941
2020/9/11,3340.969971
2020/9/12,3340.969971
2020/9/13,3340.969971
2020/9/14,3383.540039
2020/9/15,3401.199951
2020/9/16,3385.48999
2020/9/17,3357.01001
2020/9/18,3319.469971
2020/9/19,3319.469971
2020/9/20,3319.469971
2020/9/21,3281.060059
2020/9/22,3315.570068
2020/9/23,3236.919922
2020/9/24,3246.590088
2020/9/25,3298.459961
2020/9/26,3298.459961
2020/9/27,3298.459961
2020/9/28,3351.600098
2020/9/29,3335.469971
2020/9/30,3363
2020/10/1,3380.800049
2020/10/2,3348.419922
2020/10/3,3348.419922
2020/10/4,3348.419922
2020/10/5,3408.600098
2020/10/6,3360.969971
2020/10/7,3419.439941
2020/10/8,3446.830078
2020/10/9,3477.139893
2020/10/10,3477.139893
2020/10/11,3477.139893
2020/10/12,3534.219971
2020/10/13,3511.929932
2020/10/14,3488.669922
2020/10/15,3483.340088
2020/10/16,3483.810059
2020/10/17,3483.810059
2020/10/18,3483.810059
2020/10/19,3426.919922
2020/10/20,3443.120117
2020/10/21,3435.560059
2020/10/22,3453.48999
2020/10/23,3465.389893
2020/10/24,3465.389893
2020/10/25,3465.389893
2020/10/26,3400.969971
2020/10/27,3390.679932
2020/10/28,3271.030029
2020/10/29,3310.110107
2020/10/30,3269.959961
2020/10/31,3269.959961
2020/11/1,3269.959961
2020/11/2,3310.23999
2020/11/3,3369.159912
2020/11/4,3443.439941
2020/11/5,3510.449951
2020/11/6,3509.439941
2020/11/7,3509.439941
2020/11/8,3509.439941
2020/11/9,3550.5
2020/11/10,3545.530029
2020/11/11,3572.659912
2020/11/12,3537.01001
2020/11/13,3585.149902
2020/11/14,3585.149902
2020/11/15,3585.149902
2020/11/16,3626.909912
2020/11/17,3609.530029
2020/11/18,3567.790039
2020/11/19,3581.870117
2020/11/20,3557.540039
2020/11/21,3557.540039
2020/11/22,3557.540039
2020/11/23,3577.590088
2020/11/24,3635.409912
2020/11/25,3629.649902
2020/11/26,3629.649902
2020/11/27,3638.350098
2020/11/28,3638.350098
2020/11/29,3638.350098
2020/11/30,3621.629883
2020/12/1,3662.449951
2020/12/2,3669.01001
2020/12/3,3666.719971
2020/12/4,3699.120117
2020/12/5,3699.120117
2020/12/6,3699.120117
2020/12/7,3691.959961
2020/12/8,3702.25
2020/12/9,3672.820068
2020/12/10,3668.100098
2020/12/11,3663.459961
2020/12/12,3663.459961
2020/12/13,3663.459961
2020/12/14,3647.48999
2020/12/15,3694.620117
2020/12/16,3701.169922
2020/12/17,3722.47998
2020/12/18,3709.409912
2020/12/19,3709.409912
2020/12/20,3709.409912
2020/12/21,3694.919922
2020/12/22,3687.26001
2020/12/23,3690.01001
2020/12/24,3703.060059
2020/12/25,3703.060059
2020/12/26,3703.060059
2020/12/27,3703.060059
2020/12/28,3735.360107
2020/12/29,3727.040039
2020/12/30,3732.040039
2020/12/31,3756.070068
2021/1/1,3756.070068
2021/1/2,3756.070068
2021/1/3,3756.070068
2021/1/4,3700.649902
2021/1/5,3726.860107
2021/1/6,3748.139893
2021/1/7,3803.790039
2021/1/8,3824.679932
2021/1/9,3824.679932
2021/1/10,3824.679932
2021/1/11,3799.610107
2021/1/12,3801.189941
2021/1/13,3809.840088
2021/1/14,3795.540039
2021/1/15,3768.25
2021/1/16,3768.25
2021/1/17,3768.25
2021/1/18,3768.25
2021/1/19,3798.909912
2021/1/20,3851.850098
2021/1/21,3853.070068
2021/1/22,3841.469971
2021/1/23,3841.469971
2021/1/24,3841.469971
2021/1/25,3855.360107
2021/1/26,3849.620117
2021/1/27,3750.77002
2021/1/28,3787.379883
2021/1/29,3714.23999
2021/1/30,3714.23999
2021/1/31,3714.23999
2021/2/1,3773.860107
2021/2/2,3826.310059
2021/2/3,3830.169922
2021/2/4,3871.73999
2021/2/5,3886.830078
2021/2/6,3886.830078
2021/2/7,3886.830078
2021/2/8,3915.590088
2021/2/9,3911.22998
2021/2/10,3909.879883
2021/2/11,3916.379883
2021/2/12,3934.830078
2021/2/13,3934.830078
2021/2/14,3934.830078
2021/2/15,3934.830078
2021/2/16,3932.590088
2021/2/17,3931.330078
2021/2/18,3913.969971
2021/2/19,3906.709961
2021/2/20,3906.709961
2021/2/21,3906.709961
2021/2/22,3876.5
2021/2/23,3881.370117
2021/2/24,3925.429932
2021/2/25,3829.340088
2021/2/26,3811.149902
2021/2/27,3811.149902
2021/2/28,3811.149902
2021/3/1,3901.820068
2021/3/2,3870.290039
2021/3/3,3819.719971
2021/3/4,3768.469971
2021/3/5,3841.939941
2021/3/6,3841.939941
2021/3/7,3841.939941
2021/3/8,3821.350098
2021/3/9,3875.439941
2021/3/10,3898.810059
2021/3/11,3939.340088
2021/3/12,3943.340088
2021/3/13,3943.340088
2021/3/14,3943.340088
2021/3/15,3968.939941
2021/3/16,3962.709961
2021/3/17,3974.120117
2021/3/18,3915.459961
2021/3/19,3913.100098
2021/3/20,3913.100098
2021/3/21,3913.100098
2021/3/22,3940.590088
2021/3/23,3910.52002
2021/3/24,3889.139893
2021/3/25,3909.52002
2021/3/26,3974.540039
2021/3/27,3974.540039
2021/3/28,3974.540039
2021/3/29,3971.090088
2021/3/30,3958.550049
2021/3/31,3972.889893
2021/4/1,4019.870117
2021/4/2,4019.870117
2021/4/3,4019.870117
2021/4/4,4019.870117
2021/4/5,4077.909912
2021/4/6,4073.939941
2021/4/7,4079.949951
2021/4/8,4097.169922
2021/4/9,4128.799805
2021/4/10,4128.799805
2021/4/11,4128.799805
2021/4/12,4127.990234
2021/4/13,4141.589844
2021/4/14,4124.660156
2021/4/15,4170.419922
2021/4/16,4185.470215
2021/4/17,4185.470215
2021/4/18,4185.470215
2021/4/19,4163.259766
2021/4/20,4134.939941
2021/4/21,4173.419922
2021/4/22,4134.97998
2021/4/23,4180.169922
2021/4/24,4180.169922
2021/4/25,4180.169922
2021/4/26,4187.620117
2021/4/27,4186.720215
2021/4/28,4183.180176
2021/4/29,4211.470215
2021/4/30,4181.169922
2021/5/1,4181.169922
2021/5/2,4181.169922
2021/5/3,4192.660156
2021/5/4,4164.660156
2021/5/5,4167.589844
2021/5/6,4201.620117
2021/5/7,4232.600098
2021/5/8,4232.600098
2021/5/9,4232.600098
2021/5/10,4188.430176
2021/5/11,4152.100098
2021/5/12,4063.040039
2021/5/13,4112.5
2021/5/14,4173.850098
2021/5/15,4173.850098
2021/5/16,4173.850098
2021/5/17,4163.290039
2021/5/18,4127.830078
2021/5/19,4115.680176
2021/5/20,4159.120117
2021/5/21,4155.859863
2021/5/22,4155.859863
2021/5/23,4155.859863
2021/5/24,4197.049805
2021/5/25,4188.129883
2021/5/26,4195.990234
2021/5/27,4200.879883
2021/5/28,4204.109863
2021/5/29,4204.109863
2021/5/30,4204.109863
2021/5/31,4204.109863
2021/6/1,4202.040039
2021/6/2,4208.120117
2021/6/3,4192.850098
2021/6/4,4229.890137
2021/6/5,4229.890137
2021/6/6,4229.890137
2021/6/7,4226.52002
2021/6/8,4227.259766
2021/6/9,4219.549805
2021/6/10,4239.180176
2021/6/11,4247.439941
2021/6/12,4247.439941
2021/6/13,4247.439941
2021/6/14,4255.149902
2021/6/15,4246.589844
2021/6/16,4223.700195
2021/6/17,4221.859863
2021/6/18,4166.450195
2021/6/19,4166.450195
2021/6/20,4166.450195
2021/6/21,4224.790039
2021/6/22,4246.439941
2021/6/23,4241.839844
2021/6/24,4266.490234
2021/6/25,4280.700195
2021/6/26,4280.700195
2021/6/27,4280.700195
2021/6/28,4290.609863
2021/6/29,4291.799805
2021/6/30,4297.5
2021/7/1,4319.939941
2021/7/2,4352.339844
2021/7/3,4352.339844
2021/7/4,4352.339844
2021/7/5,4352.339844
2021/7/6,4343.540039
2021/7/7,4358.129883
2021/7/8,4320.819824
2021/7/9,4369.549805
2021/7/10,4369.549805
2021/7/11,4369.549805
2021/7/12,4384.629883
2021/7/13,4369.209961
2021/7/14,4374.299805
2021/7/15,4360.029785
2021/7/16,4327.160156
2021/7/17,4327.160156
2021/7/18,4327.160156
2021/7/19,4258.490234
2021/7/20,4323.060059
2021/7/21,4358.689941
2021/7/22,4367.47998
2021/7/23,4411.790039
2021/7/24,4411.790039
2021/7/25,4411.790039
2021/7/26,4422.299805
2021/7/27,4401.459961
2021/7/28,4400.640137
2021/7/29,4419.149902
2021/7/30,4395.259766
2021/7/31,4395.259766
2021/8/1,4395.259766
2021/8/2,4387.160156
2021/8/3,4423.149902
2021/8/4,4402.660156
2021/8/5,4429.100098
2021/8/6,4436.52002
2021/8/7,4436.52002
2021/8/8,4436.52002
2021/8/9,4432.350098
2021/8/10,4436.75
2021/8/11,4442.410156
2021/8/12,4460.830078
2021/8/13,4468
2021/8/14,4468
2021/8/15,4468
2021/8/16,4479.709961
2021/8/17,4448.080078
2021/8/18,4400.27002
2021/8/19,4405.799805
2021/8/20,4441.669922
2021/8/21,4441.669922
2021/8/22,4441.669922
2021/8/23,4479.529785
2021/8/24,4486.22998
2021/8/25,4496.189941
2021/8/26,4470
2021/8/27,4509.370117
2021/8/28,4509.370117
2021/8/29,4509.370117
2021/8/30,4528.790039
2021/8/31,4522.680176
2021/9/1,4524.089844
2021/9/2,4536.950195
2021/9/3,4535.430176
2021/9/4,4535.430176
2021/9/5,4535.430176
2021/9/6,4535.430176
2021/9/7,4520.029785
2021/9/8,4514.069824
2021/9/9,4493.279785
2021/9/10,4458.580078
2021/9/11,4458.580078
2021/9/12,4458.580078
2021/9/13,4468.72998
2021/9/14,4443.049805
2021/9/15,4480.700195
2021/9/16,4473.75
2021/9/17,4432.990234
2021/9/18,4432.990234
2021/9/19,4432.990234
2021/9/20,4357.72998
2021/9/21,4354.189941
2021/9/22,4395.640137
2021/9/23,4448.97998
2021/9/24,4455.47998
2021/9/25,4455.47998
2021/9/26,4455.47998
2021/9/27,4443.109863
2021/9/28,4352.629883
2021/9/29,4359.459961
2021/9/30,4307.540039
2021/10/1,4357.040039
2021/10/2,4357.040039
2021/10/3,4357.040039
2021/10/4,4300.459961
2021/10/5,4345.720215
2021/10/6,4363.549805
2021/10/7,4399.759766
2021/10/8,4391.339844
2021/10/9,4391.339844
2021/10/10,4391.339844
2021/10/11,4361.189941
2021/10/12,4350.649902
2021/10/13,4363.799805
2021/10/14,4438.259766
2021/10/15,4471.370117
2021/10/16,4471.370117
2021/10/17,4471.370117
2021/10/18,4486.459961
2021/10/19,4519.629883
2021/10/20,4536.189941
2021/10/21,4549.779785
2021/10/22,4544.899902
2021/10/23,4544.899902
2021/10/24,4544.899902
2021/10/25,4566.47998
2021/10/26,4574.790039
2021/10/27,4551.680176
2021/10/28,4596.419922
2021/10/29,4605.379883
2021/10/30,4605.379883
2021/10/31,4605.379883
2021/11/1,4613.669922
2021/11/2,4630.649902
2021/11/3,4660.569824
2021/11/4,4680.060059
2021/11/5,4697.529785
2021/11/6,4697.529785
2021/11/7,4697.529785
2021/11/8,4701.700195
2021/11/9,4685.25
2021/11/10,4646.709961
2021/11/11,4649.27002
2021/11/12,4682.850098
2021/11/13,4682.850098
2021/11/14,4682.850098
2021/11/15,4682.799805
2021/11/16,4700.899902
2021/11/17,4688.669922
2021/11/18,4704.540039
2021/11/19,4697.959961
2021/11/20,4697.959961
2021/11/21,4697.959961
2021/11/22,4682.939941
2021/11/23,4690.700195
2021/11/24,4701.459961
2021/11/25,4701.459961
2021/11/26,4594.620117
2021/11/27,4594.620117
2021/11/28,4594.620117
2021/11/29,4655.27002
2021/11/30,4567
2021/12/1,4513.040039
2021/12/2,4577.100098
2021/12/3,4538.430176
2021/12/4,4538.430176
2021/12/5,4538.430176
2021/12/6,4591.669922
2021/12/7,4686.75
2021/12/8,4701.209961
2021/12/9,4667.450195
2021/12/10,4712.02002
2021/12/11,4712.02002
2021/12/12,4712.02002
2021/12/13,4668.970215
2021/12/14,4634.089844
2021/12/15,4709.850098
2021/12/16,4668.669922
2021/12/17,4620.640137
2021/12/18,4620.640137
2021/12/19,4620.640137
2021/12/20,4568.02002
2021/12/21,4649.22998
2021/12/22,4696.560059
2021/12/23,4725.790039
2021/12/24,4725.790039
2021/12/25,4725.790039
2021/12/26,4725.790039
2021/12/27,4791.189941
2021/12/28,4786.350098
2021/12/29,4793.060059
2021/12/30,4778.72998
2021/12/31,4766.180176
2022/1/1,4766.180176
2022/1/2,4766.180176
2022/1/3,4796.560059
2022/1/4,4793.540039
2022/1/5,4700.580078
2022/1/6,4696.049805
2022/1/7,4677.029785
2022/1/8,4677.029785
2022/1/9,4677.029785
2022/1/10,4670.290039
2022/1/11,4713.069824
2022/1/12,4726.350098
2022/1/13,4659.029785
2022/1/14,4662.850098
2022/1/15,4662.850098
2022/1/16,4662.850098
2022/1/17,4662.850098
2022/1/18,4577.109863
2022/1/19,4532.759766
2022/1/20,4482.72998
2022/1/21,4397.939941
2022/1/22,4397.939941
2022/1/23,4397.939941
2022/1/24,4410.129883
2022/1/25,4356.450195
2022/1/26,4349.930176
2022/1/27,4326.509766
2022/1/28,4431.850098
2022/1/29,4431.850098
2022/1/30,4431.850098
2022/1/31,4515.549805
2022/2/1,4546.540039
2022/2/2,4589.379883
2022/2/3,4477.439941
2022/2/4,4500.529785
2022/2/5,4500.529785
2022/2/6,4500.529785
2022/2/7,4483.870117
2022/2/8,4521.540039
2022/2/9,4587.180176
2022/2/10,4504.080078
2022/2/11,4418.640137
2022/2/12,4418.640137
2022/2/13,4418.640137
2022/2/14,4401.669922
2022/2/15,4471.069824
2022/2/16,4475.009766
2022/2/17,4380.259766
2022/2/18,4348.870117
2022/2/19,4348.870117
2022/2/20,4348.870117
2022/2/21,4348.870117
2022/2/22,4304.759766
2022/2/23,4225.5
2022/2/24,4288.700195
2022/2/25,4384.649902
2022/2/26,4384.649902
2022/2/27,4384.649902
2022/2/28,4373.939941
2022/3/1,4306.259766
2022/3/2,4386.540039
2022/3/3,4363.490234
2022/3/4,4328.870117
2022/3/5,4328.870117
2022/3/6,4328.870117
2022/3/7,4201.089844
2022/3/8,4170.700195
2022/3/9,4277.879883
2022/3/10,4259.52002
2022/3/11,4204.310059
2022/3/12,4204.310059
2022/3/13,4204.310059
2022/3/14,4173.109863
2022/3/15,4262.450195
2022/3/16,4357.859863
2022/3/17,4411.669922
2022/3/18,4463.120117
2022/3/19,4463.120117
2022/3/20,4463.120117
2022/3/21,4461.180176
2022/3/22,4511.609863
2022/3/23,4456.240234
2022/3/24,4520.160156
2022/3/25,4543.060059
2022/3/26,4543.060059
2022/3/27,4543.060059
2022/3/28,4575.52002
2022/3/29,4631.600098
2022/3/30,4602.450195
2022/3/31,4530.410156
2022/4/1,4545.859863
2022/4/2,4545.859863
2022/4/3,4545.859863
2022/4/4,4582.640137
2022/4/5,4525.120117
2022/4/6,4481.149902
2022/4/7,4500.209961
2022/4/8,4488.279785
2022/4/9,4488.279785
2022/4/10,4488.279785
2022/4/11,4412.529785
2022/4/12,4397.450195
2022/4/13,4446.589844
2022/4/14,4392.589844
2022/4/15,4392.589844
2022/4/16,4392.589844
2022/4/17,4392.589844
2022/4/18,4391.689941
2022/4/19,4462.209961
2022/4/20,4459.450195
2022/4/21,4393.660156
2022/4/22,4271.779785
2022/4/23,4271.779785
2022/4/24,4271.779785
2022/4/25,4296.120117
2022/4/26,4175.200195
2022/4/27,4183.959961
2022/4/28,4287.5
2022/4/29,4131.930176
2022/4/30,4131.930176
2022/5/1,4131.930176
2022/5/2,4155.379883
2022/5/3,4175.47998
2022/5/4,4300.169922
2022/5/5,4146.870117
2022/5/6,4123.339844
2022/5/7,4123.339844
2022/5/8,4123.339844
2022/5/9,3991.23999
2022/5/10,4001.050049
2022/5/11,3935.179932
2022/5/12,3930.080078
2022/5/13,4023.889893
2022/5/14,4023.889893
2022/5/15,4023.889893
2022/5/16,4008.01001
2022/5/17,4088.850098
2022/5/18,3923.679932
2022/5/19,3900.790039
2022/5/20,3901.360107
2022/5/21,3901.360107
2022/5/22,3901.360107
2022/5/23,3973.75
2022/5/24,3941.47998
2022/5/25,3978.72998
2022/5/26,4057.840088
2022/5/27,4158.240234
2022/5/28,4158.240234
2022/5/29,4158.240234
2022/5/30,4158.240234
2022/5/31,4132.149902
2022/6/1,4101.22998
2022/6/2,4176.819824
2022/6/3,4108.540039
2022/6/4,4108.540039
2022/6/5,4108.540039
2022/6/6,4121.430176
2022/6/7,4160.680176
2022/6/8,4115.77002
2022/6/9,4017.820068
2022/6/10,3900.860107
2022/6/11,3900.860107
2022/6/12,3900.860107
2022/6/13,3749.629883
2022/6/14,3735.47998
2022/6/15,3789.98999
2022/6/16,3666.77002
2022/6/17,3674.840088
2022/6/18,3674.840088
2022/6/19,3674.840088
2022/6/20,3674.840088
2022/6/21,3764.790039
2022/6/22,3759.889893
2022/6/23,3795.72998
2022/6/24,3911.73999
2022/6/25,3911.73999
2022/6/26,3911.73999
2022/6/27,3900.110107
2022/6/28,3821.550049
2022/6/29,3818.830078
2022/6/30,3785.379883
2022/7/1,3825.330078
2022/7/2,3825.330078
2022/7/3,3825.330078
2022/7/4,3825.330078
2022/7/5,3831.389893
2022/7/6,3845.080078
2022/7/7,3902.620117
2022/7/8,3899.379883
2022/7/9,3899.379883
2022/7/10,3899.379883
2022/7/11,3854.429932
2022/7/12,3818.800049
2022/7/13,3801.780029
2022/7/14,3790.379883
2022/7/15,3863.159912
2022/7/16,3863.159912
2022/7/17,3863.159912
2022/7/18,3830.850098
2022/7/19,3936.689941
2022/7/20,3959.899902
2022/7/21,3998.949951
2022/7/22,3961.629883
2022/7/23,3961.629883
2022/7/24,3961.629883
2022/7/25,3966.840088
2022/7/26,3921.050049
2022/7/27,4023.610107
2022/7/28,4072.429932
2022/7/29,4130.290039
2022/7/30,4130.290039
2022/7/31,4130.290039
2022/8/1,4118.629883
2022/8/2,4091.189941
2022/8/3,4155.169922
2022/8/4,4151.939941
2022/8/5,4145.189941
2022/8/6,4145.189941
2022/8/7,4145.189941
2022/8/8,4140.060059
2022/8/9,4122.470215
2022/8/10,4210.240234
2022/8/11,4207.27002
2022/8/12,4280.149902
2022/8/13,4280.149902
2022/8/14,4280.149902
2022/8/15,4297.140137
2022/8/16,4305.200195
2022/8/17,4274.040039
2022/8/18,4283.740234
2022/8/19,4228.47998
2022/8/20,4228.47998
2022/8/21,4228.47998
2022/8/22,4137.990234
2022/8/23,4128.72998
2022/8/24,4140.77002
2022/8/25,4199.120117
2022/8/26,4057.659912
2022/8/27,4057.659912
2022/8/28,4057.659912
2022/8/29,4030.610107
2022/8/30,3986.159912
2022/8/31,3955
2022/9/1,3966.850098
2022/9/2,3924.26001
2022/9/3,3924.26001
2022/9/4,3924.26001
2022/9/5,3924.26001
2022/9/6,3908.189941
2022/9/7,3979.870117
2022/9/8,4006.179932
2022/9/9,4067.360107
2022/9/10,4067.360107
2022/9/11,4067.360107
2022/9/12,4110.410156
2022/9/13,3932.689941
2022/9/14,3946.01001
2022/9/15,3901.350098
2022/9/16,3873.330078
2022/9/17,3873.330078
2022/9/18,3873.330078
2022/9/19,3899.889893
2022/9/20,3855.929932
2022/9/21,3789.929932
2022/9/22,3757.98999
2022/9/23,3693.22998
2022/9/24,3693.22998
2022/9/25,3693.22998
2022/9/26,3655.040039
2022/9/27,3647.290039
2022/9/28,3719.040039
2022/9/29,3640.469971
2022/9/30,3585.620117
2022/10/1,3585.620117
2022/10/2,3585.620117
2022/10/3,3678.429932
2022/10/4,3790.929932
2022/10/5,3783.280029
2022/10/6,3744.52002
2022/10/7,3639.659912
2022/10/8,3639.659912
2022/10/9,3639.659912
2022/10/10,3612.389893
2022/10/11,3588.840088
2022/10/12,3577.030029
2022/10/13,3669.909912
2022/10/14,3583.070068
2022/10/15,3583.070068
2022/10/16,3583.070068
2022/10/17,3677.949951
2022/10/18,3719.97998
2022/10/19,3695.159912
2022/10/20,3665.780029
2022/10/21,3752.75
2022/10/22,3752.75
2022/10/23,3752.75
2022/10/24,3797.340088
2022/10/25,3859.110107
2022/10/26,3830.600098
2022/10/27,3807.300049
2022/10/28,3901.060059
2022/10/29,3901.060059
2022/10/30,3901.060059
2022/10/31,3871.97998
2022/11/1,3856.100098
2022/11/2,3759.689941
2022/11/3,3719.889893
2022/11/4,3770.550049
2022/11/5,3770.550049
2022/11/6,3770.550049
2022/11/7,3806.800049
2022/11/8,3828.110107
2022/11/9,3748.570068
2022/11/10,3956.370117
2022/11/11,3992.929932
2022/11/12,3992.929932
2022/11/13,3992.929932
2022/11/14,3957.25
2022/11/15,3991.72998
2022/11/16,3958.790039
2022/11/17,3946.560059
2022/11/18,3965.340088
2022/11/19,3965.340088
2022/11/20,3965.340088
2022/11/21,3949.939941
2022/11/22,4003.580078
2022/11/23,4027.26001
2022/11/24,4027.26001
2022/11/25,4026.120117
2022/11/26,4026.120117
2022/11/27,4026.120117
2022/11/28,3963.939941
2022/11/29,3957.629883
2022/11/30,4080.110107
2022/12/1,4076.570068
2022/12/2,4071.699951
2022/12/3,4071.699951
2022/12/4,4071.699951
2022/12/5,3998.840088
2022/12/6,3941.26001
2022/12/7,3933.919922
2022/12/8,3963.51001
2022/12/9,3934.379883
2022/12/10,3934.379883
2022/12/11,3934.379883
2022/12/12,3990.560059
2022/12/13,4019.649902
2022/12/14,3995.320068
2022/12/15,3895.75
2022/12/16,3852.360107
2022/12/17,3852.360107
2022/12/18,3852.360107
2022/12/19,3817.659912
2022/12/20,3821.620117
2022/12/21,3878.439941
2022/12/22,3822.389893
2022/12/23,3844.820068
2022/12/24,3844.820068
2022/12/25,3844.820068
2022/12/26,3844.820068
2022/12/27,3829.25
2022/12/28,3783.219971
2022/12/29,3849.280029
2022/12/30,3839.5
2022/12/31,3839.5
2023/1/1,3839.5
2023/1/2,3839.5
2023/1/3,3824.139893
2023/1/4,3852.969971
2023/1/5,3808.100098
2023/1/6,3895.080078
2023/1/7,3895.080078
2023/1/8,3895.080078
2023/1/9,3892.090088
2023/1/10,3919.25
2023/1/11,3969.610107
2023/1/12,3983.169922
2023/1/13,3999.090088
2023/1/14,3999.090088
2023/1/15,3999.090088
2023/1/16,3999.090088
2023/1/17,3990.969971
2023/1/18,3928.860107
2023/1/19,3898.850098
2023/1/20,3972.610107
2023/1/21,3972.610107
2023/1/22,3972.610107
2023/1/23,4019.810059
2023/1/24,4016.949951
2023/1/25,4016.219971
2023/1/26,4060.429932
2023/1/27,4070.560059
2023/1/28,4070.560059
2023/1/29,4070.560059
2023/1/30,4017.77002
2023/1/31,4076.600098
2023/2/1,4119.209961
2023/2/2,4179.759766
2023/2/3,4136.47998
2023/2/4,4136.47998
2023/2/5,4136.47998
2023/2/6,4111.080078
2023/2/7,4164
2023/2/8,4117.859863
2023/2/9,4081.5
2023/2/10,4090.459961
2023/2/11,4090.459961
2023/2/12,4090.459961
2023/2/13,4137.290039
2023/2/14,4136.129883
2023/2/15,4147.600098
2023/2/16,4090.409912
2023/2/17,4079.090088
2023/2/18,4079.090088
2023/2/19,4079.090088
2023/2/20,4079.090088
2023/2/21,3997.340088
2023/2/22,3991.050049
2023/2/23,4012.320068
2023/2/24,3970.040039
2023/2/25,3970.040039
2023/2/26,3970.040039
2023/2/27,3982.23999
2023/2/28,3970.149902
2023/3/1,3951.389893
2023/3/2,3981.350098
2023/3/3,4045.639893
2023/3/4,4045.639893
2023/3/5,4045.639893
2023/3/6,4048.419922
2023/3/7,3986.370117
2023/3/8,3992.01001
2023/3/9,3918.320068
2023/3/10,3861.590088
2023/3/11,3861.590088
2023/3/12,3861.590088
2023/3/13,3855.76001
2023/3/14,3919.290039
2023/3/15,3891.929932
2023/3/16,3960.280029
2023/3/17,3916.639893
2023/3/18,3916.639893
2023/3/19,3916.639893
2023/3/20,3951.570068
2023/3/21,4002.870117
2023/3/22,3936.969971
2023/3/23,3948.719971
2023/3/24,3970.98999
2023/3/25,3970.98999
2023/3/26,3970.98999
2023/3/27,3977.530029
2023/3/28,3971.27002
2023/3/29,4027.810059
2023/3/30,4050.830078
2023/3/31,4109.310059
2023/4/1,4109.310059
2023/4/2,4109.310059
2023/4/3,4124.509766
2023/4/4,4100.600098
2023/4/5,4090.379883
2023/4/6,4105.02002
2023/4/7,4105.02002
2023/4/8,4105.02002
2023/4/9,4105.02002
2023/4/10,4109.109863
2023/4/11,4108.939941
2023/4/12,4091.949951
2023/4/13,4146.220215
2023/4/14,4137.640137
2023/4/15,4137.640137
2023/4/16,4137.640137
2023/4/17,4151.319824
2023/4/18,4154.870117
2023/4/19,4154.52002
2023/4/20,4129.790039
2023/4/21,4133.52002
2023/4/22,4133.52002
2023/4/23,4133.52002
2023/4/24,4137.040039
2023/4/25,4071.629883
2023/4/26,4055.98999
2023/4/27,4135.350098
2023/4/28,4169.47998
2023/4/29,4169.47998
2023/4/30,4169.47998
2023/5/1,4167.870117
2023/5/2,4119.580078
2023/5/3,4090.75
2023/5/4,4061.219971
2023/5/5,4136.25
2023/5/6,4136.25
2023/5/7,4136.25
2023/5/8,4138.120117
2023/5/9,4119.169922
2023/5/10,4137.640137
2023/5/11,4130.620117
2023/5/12,4124.080078
2023/5/13,4124.080078
2023/5/14,4124.080078
2023/5/15,4136.279785
2023/5/16,4109.899902
2023/5/17,4158.77002
2023/5/18,4198.049805
2023/5/19,4191.97998
2023/5/20,4191.97998
2023/5/21,4191.97998
2023/5/22,4192.629883
2023/5/23,4145.580078
2023/5/24,4115.240234
2023/5/25,4151.279785
2023/5/26,4205.450195
2023/5/27,4205.450195
2023/5/28,4205.450195
2023/5/29,4205.450195
2023/5/30,4205.52002
2023/5/31,4179.830078
2023/6/1,4221.02002
2023/6/2,4282.370117
2023/6/3,4282.370117
2023/6/4,4282.370117
2023/6/5,4273.790039
2023/6/6,4283.850098
2023/6/7,4267.52002
2023/6/8,4293.930176
2023/6/9,4298.859863
2023/6/10,4298.859863
2023/6/11,4298.859863
2023/6/12,4338.930176
2023/6/13,4369.009766
2023/6/14,4372.589844
2023/6/15,4425.839844
2023/6/16,4409.589844
2023/6/17,4409.589844
2023/6/18,4409.589844
2023/6/19,4409.589844
2023/6/20,4388.709961
2023/6/21,4365.689941
2023/6/22,4381.890137
2023/6/23,4348.330078
2023/6/24,4348.330078
2023/6/25,4348.330078
2023/6/26,4328.819824
2023/6/27,4378.410156
2023/6/28,4376.859863
2023/6/29,4396.439941
2023/6/30,4450.379883
2023/7/1,4450.379883
2023/7/2,4450.379883
2023/7/3,4455.589844
2023/7/4,4455.589844
2023/7/5,4446.819824
2023/7/6,4411.589844
2023/7/7,4398.950195
2023/7/8,4398.950195
2023/7/9,4398.950195
2023/7/10,4409.529785
2023/7/11,4439.259766
2023/7/12,4472.160156
2023/7/13,4510.040039
2023/7/14,4505.419922
2023/7/15,4505.419922
2023/7/16,4505.419922
2023/7/17,4522.790039
2023/7/18,4554.97998
2023/7/19,4565.720215
2023/7/20,4534.870117
2023/7/21,4536.339844
2023/7/22,4536.339844
2023/7/23,4536.339844
2023/7/24,4554.640137
2023/7/25,4567.459961
2023/7/26,4566.75
2023/7/27,4537.410156
2023/7/28,4582.22998
2023/7/29,4582.22998
2023/7/30,4582.22998
2023/7/31,4588.959961
2023/8/1,4576.72998
2023/8/2,4513.390137
2023/8/3,4501.890137
2023/8/4,4478.029785
2023/8/5,4478.029785
2023/8/6,4478.029785
2023/8/7,4518.439941
2023/8/8,4499.379883
2023/8/9,4467.709961
2023/8/10,4468.830078
2023/8/11,4464.049805
2023/8/12,4464.049805
2023/8/13,4464.049805
2023/8/14,4489.720215
2023/8/15,4437.859863
2023/8/16,4404.330078
2023/8/17,4370.359863
2023/8/18,4369.709961
2023/8/19,4369.709961
2023/8/20,4369.709961
2023/8/21,4399.77002
2023/8/22,4387.549805
2023/8/23,4436.009766
2023/8/24,4376.310059
2023/8/25,4405.709961
2023/8/26,4405.709961
2023/8/27,4405.709961
2023/8/28,4433.310059
2023/8/29,4497.629883
2023/8/30,4514.870117
2023/8/31,4507.660156
2023/9/1,4515.77002
2023/9/2,4515.77002
2023/9/3,4515.77002
2023/9/4,4515.77002
2023/9/5,4496.830078
2023/9/6,4465.47998
2023/9/7,4451.140137
2023/9/8,4457.490234
2023/9/9,4457.490234
2023/9/10,4457.490234
2023/9/11,4487.459961
2023/9/12,4461.899902
2023/9/13,4467.439941
2023/9/14,4505.100098
2023/9/15,4450.319824
2023/9/16,4450.319824
2023/9/17,4450.319824
2023/9/18,4453.529785
2023/9/19,4443.950195
2023/9/20,4402.200195
2023/9/21,4330
2023/9/22,4320.060059
2023/9/23,4320.060059
2023/9/24,4320.060059
2023/9/25,4337.439941
2023/9/26,4273.529785
2023/9/27,4274.509766
2023/9/28,4299.700195
2023/9/29,4288.049805
2023/9/30,4288.049805
2023/10/1,4288.049805
2023/10/2,4288.390137
2023/10/3,4229.450195
2023/10/4,4263.75
2023/10/5,4258.189941
2023/10/6,4308.5
2023/10/7,4308.5
2023/10/8,4308.5
2023/10/9,4335.660156
2023/10/10,4358.240234
2023/10/11,4376.950195
2023/10/12,4349.609863
2023/10/13,4327.779785
2023/10/14,4327.779785
2023/10/15,4327.779785
2023/10/16,4373.629883
2023/10/17,4373.200195
2023/10/18,4314.600098
2023/10/19,4278
2023/10/20,4224.160156
2023/10/21,4224.160156
2023/10/22,4224.160156
2023/10/23,4217.040039
2023/10/24,4247.680176
2023/10/25,4186.77002
2023/10/26,4137.22998
2023/10/27,4117.370117
2023/10/28,4117.370117
2023/10/29,4117.370117
2023/10/30,4166.819824
2023/10/31,4193.799805
2023/11/1,4237.859863
2023/11/2,4317.779785
2023/11/3,4358.339844
2023/11/4,4358.339844
2023/11/5,4358.339844
2023/11/6,4365.97998
2023/11/7,4378.379883
2023/11/8,4382.779785
2023/11/9,4347.350098
2023/11/10,4415.240234
2023/11/11,4415.240234
2023/11/12,4415.240234
2023/11/13,4411.549805
2023/11/14,4495.700195
2023/11/15,4502.879883
2023/11/16,4508.240234
2023/11/17,4514.02002
2023/11/18,4514.02002
2023/11/19,4514.02002
2023/11/20,4547.379883
2023/11/21,4538.189941
2023/11/22,4556.620117
2023/11/23,4556.620117
2023/11/24,4559.339844
2023/11/25,4559.339844
2023/11/26,4559.339844
2023/11/27,4550.430176
2023/11/28,4554.890137
2023/11/29,4550.580078
2023/11/30,4567.799805
2023/12/1,4594.629883
2023/12/2,4594.629883
2023/12/3,4594.629883
2023/12/4,4569.779785
2023/12/5,4567.180176
2023/12/6,4549.339844
2023/12/7,4585.589844
2023/12/8,4604.370117
2023/12/9,4604.370117
2023/12/10,4604.370117
2023/12/11,4622.439941
2023/12/12,4643.700195
2023/12/13,4707.089844
2023/12/14,4719.549805
2023/12/15,4719.189941
2023/12/16,4719.189941
2023/12/17,4719.189941
2023/12/18,4740.560059
2023/12/19,4768.370117
2023/12/20,4698.350098
2023/12/21,4746.75
2023/12/22,4754.629883
2023/12/23,4754.629883
2023/12/24,4754.629883
2023/12/25,4754.629883
2023/12/26,4774.75
2023/12/27,4781.580078
2023/12/28,4783.350098
2023/12/29,4769.830078
2023/12/30,4769.830078
2023/12/31,4769.830078
2024/1/1,4769.830078
2024/1/2,4742.830078
2024/1/3,4704.810059
2024/1/4,4688.680176
2024/1/5,4697.240234
2024/1/6,4697.240234
2024/1/7,4697.240234
2024/1/8,4763.540039
2024/1/9,4756.5
2024/1/10,4783.450195
2024/1/11,4780.240234
2024/1/12,4783.830078
2024/1/13,4783.830078
2024/1/14,4783.830078
2024/1/15,4783.830078
2024/1/16,4765.97998
2024/1/17,4739.209961
2024/1/18,4780.939941
2024/1/19,4839.810059
2024/1/20,4839.810059
2024/1/21,4839.810059
2024/1/22,4850.430176
2024/1/23,4864.600098
2024/1/24,4868.549805
2024/1/25,4894.160156
2024/1/26,4890.970215
2024/1/27,4890.970215
2024/1/28,4890.970215
2024/1/29,4927.930176
2024/1/30,4924.970215
2024/1/31,4845.649902
2024/2/1,4906.189941
2024/2/2,4958.609863
2024/2/3,4958.609863
2024/2/4,4958.609863
2024/2/5,4942.810059
2024/2/6,4954.22998
2024/2/7,4995.060059
2024/2/8,4997.910156
2024/2/9,5026.609863
2024/2/10,5026.609863
2024/2/11,5026.609863
2024/2/12,5021.839844
2024/2/13,4953.169922
2024/2/14,5000.620117
2024/2/15,5029.72998
2024/2/16,5005.569824
2024/2/17,5005.569824
2024/2/18,5005.569824
2024/2/19,5005.569824
2024/2/20,4975.509766
2024/2/21,4981.799805
2024/2/22,5087.029785
2024/2/23,5088.799805
2024/2/24,5088.799805
2024/2/25,5088.799805
2024/2/26,5069.529785
2024/2/27,5078.180176
2024/2/28,5069.759766
2024/2/29,5096.27002
2024/3/1,5137.080078
2024/3/2,5137.080078
2024/3/3,5137.080078
2024/3/4,5130.950195
2024/3/5,5078.649902
2024/3/6,5104.759766
2024/3/7,5157.359863
2024/3/8,5123.689941
2024/3/9,5123.689941
2024/3/10,5123.689941
2024/3/11,5117.939941
2024/3/12,5175.27002
2024/3/13,5165.310059
2024/3/14,5150.47998
2024/3/15,5117.089844
2024/3/16,5117.089844
2024/3/17,5117.089844
2024/3/18,5149.419922
2024/3/19,5178.509766
2024/3/20,5224.620117
2024/3/21,5241.529785
2024/3/22,5234.180176
2024/3/23,5234.180176
2024/3/24,5234.180176
2024/3/25,5218.189941
2024/3/26,5203.580078
2024/3/27,5248.490234
2024/3/28,5254.350098
2024/3/29,5254.350098
2024/3/30,5254.350098
2024/3/31,5254.350098
2024/4/1,5243.77002
2024/4/2,5205.810059
2024/4/3,5211.490234
2024/4/4,5147.209961
2024/4/5,5204.339844
2024/4/6,5204.339844
2024/4/7,5204.339844
2024/4/8,5202.390137
2024/4/9,5209.910156
2024/4/10,5160.640137
2024/4/11,5199.060059
2024/4/12,5123.410156
2024/4/13,5123.410156
2024/4/14,5123.410156
2024/4/15,5061.819824
2024/4/16,5051.410156
2024/4/17,5022.209961
2024/4/18,5011.120117
2024/4/19,4967.22998
2024/4/20,4967.22998
2024/4/21,4967.22998
2024/4/22,5010.600098
2024/4/23,5070.549805
2024/4/24,5071.629883
2024/4/25,5048.419922
2024/4/26,5099.959961
2024/4/27,5099.959961
2024/4/28,5099.959961
2024/4/29,5116.169922
2024/4/30,5035.689941
2024/5/1,5018.390137
2024/5/2,5064.200195
2024/5/3,5127.790039
2024/5/4,5127.790039
2024/5/5,5127.790039
2024/5/6,5180.740234
2024/5/7,5187.700195
2024/5/8,5187.669922
2024/5/9,5214.080078
2024/5/10,5222.680176
2024/5/11,5222.680176
2024/5/12,5222.680176
2024/5/13,5221.419922
2024/5/14,5246.680176
2024/5/15,5308.149902
2024/5/16,5297.100098
2024/5/17,5303.27002
2024/5/18,5303.27002
2024/5/19,5303.27002
2024/5/20,5308.129883
2024/5/21,5321.410156
2024/5/22,5307.009766
2024/5/23,5267.839844
2024/5/24,5304.720215
2024/5/25,5304.720215
2024/5/26,5304.720215
2024/5/27,5304.720215
2024/5/28,5306.040039
2024/5/29,5266.950195
2024/5/30,5235.47998
2024/5/31,5277.509766
2024/6/1,5277.509766
2024/6/2,5277.509766
2024/6/3,5283.399902
2024/6/4,5291.339844
2024/6/5,5354.029785
2024/6/6,5352.959961
2024/6/7,5346.990234
2024/6/8,5346.990234
2024/6/9,5346.990234
2024/6/10,5360.790039
2024/6/11,5375.319824
2024/6/12,5421.029785
2024/6/13,5433.740234
2024/6/14,5431.600098
2024/6/15,5431.600098
2024/6/16,5431.600098
2024/6/17,5473.22998
2024/6/18,5487.029785
2024/6/19,5487.029785
2024/6/20,5473.169922
2024/6/21,5464.620117
2024/6/22,5464.620117
2024/6/23,5464.620117
2024/6/24,5447.870117
2024/6/25,5469.299805
2024/6/26,5477.899902
2024/6/27,5482.870117
2024/6/28,5460.47998
2024/6/29,5460.47998
2024/6/30,5460.47998
2024/7/1,5475.089844
2024/7/2,5509.009766
2024/7/3,5537.02002
2024/7/4,5537.02002
2024/7/5,5567.189941
2024/7/6,5567.189941
2024/7/7,5567.189941
2024/7/8,5572.850098
2024/7/9,5576.97998
2024/7/10,5633.910156
2024/7/11,5584.540039
2024/7/12,5615.350098
2024/7/13,5615.350098
2024/7/14,5615.350098
2024/7/15,5631.220215
2024/7/16,5667.200195
2024/7/17,5588.27002
2024/7/18,5544.589844
2024/7/19,5505
2024/7/20,5505
2024/7/21,5505
2024/7/22,5564.410156
2024/7/23,5555.740234
2024/7/24,5427.129883
2024/7/25,5399.220215
2024/7/26,5459.100098
2024/7/27,5459.100098
2024/7/28,5459.100098
2024/7/29,5463.540039
2024/7/30,5436.439941
2024/7/31,5522.299805
2024/8/1,5446.680176
2024/8/2,5346.560059
2024/8/3,5346.560059
2024/8/4,5346.560059
2024/8/5,5186.330078
2024/8/6,5240.029785
2024/8/7,5199.5
2024/8/8,5319.310059
2024/8/9,5344.160156
2024/8/10,5344.160156
2024/8/11,5344.160156
2024/8/12,5344.390137
2024/8/13,5434.430176
2024/8/14,5455.209961
2024/8/15,5543.220215
2024/8/16,5554.25
2024/8/17,5554.25
2024/8/18,5554.25
2024/8/19,5608.25
2024/8/20,5597.120117
2024/8/21,5620.850098
2024/8/22,5570.640137
2024/8/23,5634.609863
2024/8/24,5634.609863
2024/8/25,5634.609863
2024/8/26,5616.839844
2024/8/27,5625.799805
2024/8/28,5592.180176
2024/8/29,5591.959961
2024/8/30,5648.399902
2024/8/31,5648.399902
2024/9/1,5648.399902
2024/9/2,5648.399902
2024/9/3,5528.930176
2024/9/4,5520.069824
2024/9/5,5503.410156
2024/9/6,5408.419922
2024/9/7,5408.419922
2024/9/8,5408.419922
2024/9/9,5471.049805
2024/9/10,5495.52002
2024/9/11,5554.129883
2024/9/12,5595.759766
2024/9/13,5626.02002
2024/9/14,5626.02002
2024/9/15,5626.02002
2024/9/16,5633.089844
2024/9/17,5634.580078
2024/9/18,5618.259766
2024/9/19,5713.640137
2024/9/20,5702.549805
2024/9/21,5702.549805
2024/9/22,5702.549805
2024/9/23,5718.569824
2024/9/24,5732.930176
2024/9/25,5722.259766
2024/9/26,5745.370117
2024/9/27,5738.169922
2024/9/28,5738.169922
2024/9/29,5738.169922
2024/9/30,5762.47998
2024/10/1,5708.75
2024/10/2,5709.540039
2024/10/3,5699.939941
2024/10/4,5751.069824
2024/10/5,5751.069824
2024/10/6,5751.069824
2024/10/7,5695.939941
2024/10/8,5751.129883
2024/10/9,5792.040039
2024/10/10,5780.049805
2024/10/11,5815.029785
2024/10/12,5815.029785
2024/10/13,5815.029785
2024/10/14,5859.850098
2024/10/15,5815.259766
2024/10/16,5842.470215
2024/10/17,5841.470215
2024/10/18,5864.669922
2024/10/19,5864.669922
2024/10/20,5864.669922
2024/10/21,5853.97998
2024/10/22,5851.200195
2024/10/23,5797.419922
2024/10/24,5809.859863
2024/10/25,5808.120117
2024/10/26,5808.120117
2024/10/27,5808.120117
2024/10/28,5823.52002
2024/10/29,5832.919922
2024/10/30,5813.669922
2024/10/31,5705.450195
2024/11/1,5728.799805
2024/11/2,5728.799805
2024/11/3,5728.799805
2024/11/4,5712.689941
2024/11/5,5782.759766
2024/11/6,5929.040039
2024/11/7,5973.100098
2024/11/8,5995.540039
2024/11/9,5995.540039
2024/11/10,5995.540039
2024/11/11,6001.350098
2024/11/12,5983.990234
2024/11/13,5985.379883
2024/11/14,5949.169922
2024/11/15,5870.620117
2024/11/16,5870.620117
2024/11/17,5870.620117
2024/11/18,5893.620117
2024/11/19,5916.97998
2024/11/20,5917.109863
2024/11/21,5948.709961
2024/11/22,5969.339844
2024/11/23,5969.339844
2024/11/24,5969.339844
2024/11/25,5987.370117
2024/11/26,6021.629883
2024/11/27,5998.740234
2024/11/28,5998.740234
2024/11/29,6032.379883
2024/11/30,6032.379883
2024/12/1,6032.379883
2024/12/2,6047.149902
2024/12/3,6049.879883
2024/12/4,6086.490234
2024/12/5,6075.109863
2024/12/6,6090.27002
2024/12/7,6090.27002
2024/12/8,6090.27002
2024/12/9,6052.850098
2024/12/10,6034.910156
2024/12/11,6084.189941
2024/12/12,6051.25
2024/12/13,6051.089844
2024/12/14,6051.089844
2024/12/15,6051.089844
2024/12/16,6074.080078
2024/12/17,6050.609863
2024/12/18,5872.160156
2024/12/19,5867.080078
2024/12/20,5930.850098
2024/12/21,5930.850098
2024/12/22,5930.850098
2024/12/23,5974.069824
2024/12/24,6040.040039
2024/12/25,6040.040039
2024/12/26,6037.589844
2024/12/27,5970.839844
2024/12/28,5970.839844
2024/12/29,5970.839844
2024/12/30,5906.939941
2024/12/31,5881.629883
2025/1/1,5881.629883
2025/1/2,5868.549805
2025/1/3,5942.470215
2025/1/4,5942.470215
2025/1/5,5942.470215
2025/1/6,5975.379883
2025/1/7,5909.029785
2025/1/8,5918.25
2025/1/9,5918.25
2025/1/10,5827.040039
2025/1/11,5827.040039
2025/1/12,5827.040039
2025/1/13,5836.220215
2025/1/14,5842.910156
2025/1/15,5949.910156
2025/1/16,5937.339844
2025/1/17,5996.660156
2025/1/18,5996.660156
2025/1/19,5996.660156
2025/1/20,5996.660156
2025/1/21,6049.240234
2025/1/22,6086.370117
2025/1/23,6118.709961
2025/1/24,6101.240234
2025/1/25,6101.240234
2025/1/26,6101.240234
2025/1/27,6012.279785
2025/1/28,6067.700195
2025/1/29,6039.310059
2025/1/30,6071.169922
2025/1/31,6040.529785
2025/2/1,6040.529785
2025/2/2,6040.529785
2025/2/3,5994.569824
2025/2/4,6037.879883
2025/2/5,6061.47998
2025/2/6,6083.569824
2025/2/7,6025.990234
2025/2/8,6025.990234
2025/2/9,6025.990234
2025/2/10,6066.439941
2025/2/11,6068.5
2025/2/12,6051.970215
2025/2/13,6115.069824
2025/2/14,6114.629883
2025/2/15,6114.629883
2025/2/16,6114.629883
2025/2/17,6114.629883
2025/2/18,6129.580078
2025/2/19,6144.149902
2025/2/20,6117.52002
2025/2/21,6013.129883
2025/2/22,6013.129883
2025/2/23,6013.129883
2025/2/24,5983.25
2025/2/25,5955.25
2025/2/26,5956.060059
2025/2/27,5861.569824
2025/2/28,5954.5
2025/3/1,5954.5
2025/3/2,5954.5
2025/3/3,5849.720215
2025/3/4,5778.149902
2025/3/5,5842.629883
2025/3/6,5738.52002
2025/3/7,5770.200195
2025/3/8,5770.200195
2025/3/9,5770.200195
2025/3/10,5614.560059
2025/3/11,5572.069824
2025/3/12,5599.299805
2025/3/13,5521.52002
2025/3/14,5638.939941
2025/3/15,5638.939941
2025/3/16,5638.939941
2025/3/17,5675.120117
2025/3/18,5614.660156
2025/3/19,5675.290039
2025/3/20,5662.890137
2025/3/21,5667.560059
2025/3/22,5667.560059
2025/3/23,5667.560059
2025/3/24,5767.569824
2025/3/25,5776.649902
2025/3/26,5712.200195
2025/3/27,5693.310059
2025/3/28,5580.939941
2025/3/29,5580.939941
2025/3/30,5580.939941
2025/3/31,5611.850098
2025/4/1,5633.069824
2025/4/2,5670.970215
2025/4/3,5396.52002
2025/4/4,5074.080078
2025/4/5,5074.080078
2025/4/6,5074.080078
2025/4/7,5062.25
2025/4/8,4982.77002
2025/4/9,5456.899902
2025/4/10,5268.049805
2025/4/11,5363.359863
2025/4/12,5363.359863
2025/4/13,5363.359863
2025/4/14,5405.970215
2025/4/15,5396.629883
2025/4/16,5275.700195
2025/4/17,5282.700195
2025/4/18,5282.700195
2025/4/19,5282.700195
2025/4/20,5282.700195
2025/4/21,5158.200195
2025/4/22,5287.759766
2025/4/23,5375.859863
2025/4/24,5484.77002
2025/4/25,5525.209961
2025/4/26,5525.209961
2025/4/27,5525.209961
2025/4/28,5528.75
2025/4/29,5560.830078
2025/4/30,5569.060059
2025/5/1,5604.140137
2025/5/2,5686.669922
2025/5/3,5686.669922
2025/5/4,5686.669922
2025/5/5,5650.379883
2025/5/6,5606.910156
2025/5/7,5631.279785
2025/5/8,5663.939941
2025/5/9,5659.910156
2025/5/10,5659.910156
2025/5/11,5659.910156
2025/5/12,5844.189941
2025/5/13,5886.549805
2025/5/14,5892.580078
2025/5/15,5916.930176
2025/5/16,5958.379883
2025/5/17,5958.379883
2025/5/18,5958.379883
2025/5/19,5963.600098
2025/5/20,5940.459961
2025/5/21,5844.609863
2025/5/22,5842.009766
2025/5/23,5802.819824
2025/5/24,5802.819824
2025/5/25,5802.819824
2025/5/26,5802.819824
2025/5/27,5921.540039
2025/5/28,5888.549805
2025/5/29,5912.169922
2025/5/30,5911.689941
2025/5/31,5911.689941
2025/6/1,5911.689941
2025/6/2,5935.939941
2025/6/3,5970.370117
2025/6/4,5970.810059
2025/6/5,5939.299805
2025/6/6,6000.359863
2025/6/7,6000.359863
2025/6/8,6000.359863
2025/6/9,6005.879883
2025/6/10,6038.810059
2025/6/11,6022.240234
2025/6/12,6045.259766
2025/6/13,5976.970215
2025/6/14,5976.970215
2025/6/15,5976.970215
2025/6/16,6033.109863
2025/6/17,5982.720215
2025/6/18,5980.870117
2025/6/19,5980.870117
2025/6/20,5967.839844
2025/6/21,5967.839844
2025/6/22,5967.839844
2025/6/23,6025.169922
2025/6/24,6092.180176
2025/6/25,6092.160156
2025/6/26,6141.02002
2025/6/27,6173.069824
2025/6/28,6173.069824
2025/6/29,6173.069824
2025/6/30,6204.950195
2025/7/1,6198.009766
2025/7/2,6227.419922
2025/7/3,6279.350098
2025/7/4,6279.350098
2025/7/5,6279.350098
2025/7/6,6279.350098
2025/7/7,6229.97998
2025/7/8,6225.52002
2025/7/9,6263.259766
2025/7/10,6280.459961
2025/7/11,6259.75
2025/7/12,6259.75
2025/7/13,6259.75
2025/7/14,6268.560059
2025/7/15,6243.759766
2025/7/16,6263.700195
2025/7/17,6297.359863
2025/7/18,6296.790039
2025/7/19,6296.790039
2025/7/20,6296.790039
2025/7/21,6305.600098
2025/7/22,6309.620117
2025/7/23,6358.910156
2025/7/24,6363.350098
2025/7/25,6388.640137
2025/7/26,6388.640137
2025/7/27,6388.640137
2025/7/28,6389.77002
2025/7/29,6370.859863
2025/7/30,6362.899902
2025/7/31,6339.390137
2025/8/1,6238.009766
2025/8/2,6238.009766
2025/8/3,6238.009766
2025/8/4,6329.939941
2025/8/5,6299.189941
2025/8/6,6345.060059
2025/8/7,6340
2025/8/8,6389.450195
2025/8/9,6389.450195
2025/8/10,6389.450195
2025/8/11,6373.450195
2025/8/12,6445.759766
2025/8/13,6466.580078
2025/8/14,6468.540039
2025/8/15,6449.799805
2025/8/16,6449.799805
2025/8/17,6449.799805
2025/8/18,6449.149902
2025/8/19,6411.370117
2025/8/20,6395.779785
2025/8/21,6370.169922
2025/8/22,6466.910156
2025/8/23,6466.910156
2025/8/24,6466.910156
2025/8/25,6439.319824
2025/8/26,6465.939941
2025/8/27,6481.399902
2025/8/28,6501.859863
2025/8/29,6460.259766
2025/8/30,6460.259766
2025/8/31,6460.259766
2025/9/1,6460.259766
2025/9/2,6415.540039
2025/9/3,6448.259766
2025/9/4,6502.080078
2025/9/5,6481.5
2025/9/6,6481.5
2025/9/7,6481.5
2025/9/8,6495.149902
2025/9/9,6512.609863
2025/9/10,6532.040039
2025/9/11,6587.470215
2025/9/12,6584.290039
2025/9/13,6584.290039
2025/9/14,6584.290039
2025/9/15,6615.279785
2025/9/16,6606.759766
2025/9/17,6600.350098
2025/9/18,6631.959961
2025/9/19,6664.359863
2025/9/20,6664.359863
2025/9/21,6664.359863
2025/9/22,6693.75
2025/9/23,6656.919922
2025/9/24,6637.970215
2025/9/25,6604.720215
2025/9/26,6643.700195
2025/9/27,6643.700195
2025/9/28,6643.700195
2025/9/29,6661.209961
2025/9/30,6688.459961
2025/10/1,6711.200195
2025/10/2,6715.350098
2025/10/3,6715.790039
2025/10/4,6715.790039
2025/10/5,6715.790039
2025/10/6,6740.279785
2025/10/7,6714.589844
2025/10/8,6753.720215
2025/10/9,6735.109863
2025/10/10,6552.509766
2025/10/11,6552.509766
2025/10/12,6552.509766
2025/10/13,6654.720215
2025/10/14,6644.310059
2025/10/15,6671.060059
2025/10/16,6629.069824
2025/10/17,6664.009766
2025/10/18,6664.009766
2025/10/19,6664.009766
2025/10/20,6735.129883
2025/10/21,6735.350098
2025/10/22,6699.399902
2025/10/23,6738.439941
2025/10/24,6791.689941
2025/10/25,6791.689941
2025/10/26,6791.689941
2025/10/27,6875.160156
2025/10/28,6890.890137
2025/10/29,6890.589844
2025/10/30,6822.339844
2025/10/31,6840.200195
2025/11/1,6840.200195
2025/11/2,6840.200195
2025/11/3,6851.970215
2025/11/4,6771.549805
2025/11/5,6796.290039
2025/11/6,6720.319824
2025/11/7,6728.799805
2025/11/8,6728.799805
2025/11/9,6728.799805
2025/11/10,6832.430176
2025/11/11,6846.609863
2025/11/12,6850.919922
2025/11/13,6737.490234
2025/11/14,6734.109863
2025/11/15,6734.109863
2025/11/16,6734.109863
2025/11/17,6672.410156
2025/11/18,6617.319824
2025/11/19,6642.160156
2025/11/20,6538.759766
2025/11/21,6602.990234
2025/11/22,6602.990234
2025/11/23,6602.990234
2025/11/24,6705.120117
2025/11/25,6765.879883
2025/11/26,6812.609863
2025/11/27,6812.609863
2025/11/28,6849.089844
2025/11/29,6849.089844
2025/11/30,6849.089844
2025/12/1,6812.629883
2025/12/2,6829.370117
2025/12/3,6849.720215
2025/12/4,6857.120117
2025/12/5,6870.399902
2025/12/6,6870.399902
2025/12/7,6870.399902
2025/12/8,6846.509766
2025/12/9,6840.509766
2025/12/10,6886.680176
2025/12/11,6901
2025/12/12,6827.410156
2025/12/13,6827.410156
2025/12/14,6827.410156
2025/12/15,6816.509766
2025/12/16,6800.259766
2025/12/17,6721.430176
2025/12/18,6774.759766
2025/12/19,6834.5
2025/12/20,6834.5
2025/12/21,6834.5
2025/12/22,6878.490234
2025/12/23,6909.790039
2025/12/24,6932.049805
2025/12/25,6932.049805
2025/12/26,6929.939941
2025/12/27,6929.939941
2025/12/28,6929.939941
2025/12/29,6905.740234
2025/12/30,6896.240234
2025/12/31,6845.5
2026/1/1,6845.5
2026/1/2,6858.470215
2026/1/3,6858.470215
2026/1/4,6858.470215
2026/1/5,6902.049805
2026/1/6,6944.819824
2026/1/7,6920.930176
2026/1/8,6921.459961
2026/1/9,6966.279785
2026/1/10,6966.279785
2026/1/11,6966.279785
2026/1/12,6977.27002
2026/1/13,6963.740234
2026/1/14,6926.600098
2026/1/15,6944.470215
2026/1/16,6940.009766
2026/1/17,6940.009766
2026/1/18,6940.009766
2026/1/19,6940.009766
2026/1/20,6796.859863
2026/1/21,6875.620117
2026/1/22,6913.350098
2026/1/23,6915.609863
2026/1/24,6915.609863
2026/1/25,6915.609863
2026/1/26,6950.22998
2026/1/27,6978.600098
2026/1/28,6978.029785
2026/1/29,6969.009766
2026/1/30,6939.029785
2026/1/31,6939.029785
2026/2/1,6939.029785
2026/2/2,6976.439941
2026/2/3,6917.810059
2026/2/4,6882.720215
2026/2/5,6798.399902
2026/2/6,6932.299805
2026/2/7,6932.299805
2026/2/8,6932.299805
2026/2/9,6964.819824
2026/2/10,6941.810059
2026/2/11,6941.470215
2026/2/12,6832.759766
2026/2/13,6836.169922
2026/2/14,6836.169922
2026/2/15,6836.169922
2026/2/16,6836.169922
2026/2/17,6843.220215
2026/2/18,6881.310059
2026/2/19,6861.890137
2026/2/20,6909.509766
2026/2/21,6909.509766
2026/2/22,6909.509766
2026/2/23,6837.75
2026/2/24,6890.069824
2026/2/25,6946.129883
2026/2/26,6908.859863
2026/2/27,6878.879883
2026/2/28,6878.879883
2026/3/1,6878.879883
2026/3/2,6881.620117
2026/3/3,6816.629883
2026/3/4,6869.5
2026/3/5,6830.709961
2026/3/6,6740.02002
2026/3/7,6740.02002
2026/3/8,6740.02002
2026/3/9,6795.990234
2026/3/10,6781.47998
2026/3/11,6775.799805
2026/3/12,6672.620117
2026/3/13,6632.189941
2026/3/14,6632.189941
2026/3/15,6632.189941
2026/3/16,6699.379883
2026/3/17,6716.089844
2026/3/18,6624.700195
2026/3/19,6606.490234
2026/3/20,6506.47998
2026/3/21,6506.47998
2026/3/22,6506.47998
2026/3/23,6581
2026/3/24,6556.370117
2026/3/25,6591.899902
2026/3/26,6477.160156
2026/3/27,6368.850098
2026/3/28,6368.850098
2026/3/29,6368.850098
2026/3/30,6343.720215
2026/3/31,6528.52002
2026/4/1,6575.319824
2026/4/2,6582.689941
2026/4/3,6582.689941
2026/4/4,6582.689941
2026/4/5,6582.689941
2026/4/6,6611.830078
2026/4/7,6616.850098
2026/4/8,6782.810059
2026/4/9,6824.660156
2026/4/10,6816.890137
2026/4/11,6816.890137
2026/4/12,6816.890137
2026/4/13,6886.240234
2026/4/14,6967.379883
2026/4/15,7022.950195
2026/4/16,7041.279785
2026/4/17,7126.060059
2026/4/18,7126.060059
2026/4/19,7126.060059
2026/4/20,7109.140137
2026/4/21,7064.009766
2026/4/22,7137.899902
2026/4/23,7108.399902
2026/4/24,7165.080078
2026/4/25,7165.080078
2026/4/26,7165.080078
2026/4/27,7173.910156
2026/4/28,7138.799805
2026/4/29,7135.950195
2026/4/30,7209.009766
2026/5/1,7230.120117
2026/5/2,7230.120117
2026/5/3,7230.120117
2026/5/4,7200.75
2026/5/5,7259.220215
2026/5/6,7365.120117
2026/5/7,7337.109863
2026/5/8,7398.930176
2026/5/9,7398.930176
2026/5/10,7398.930176
2026/5/11,7412.839844
2026/5/12,7400.959961
2026/5/13,7444.25
2026/5/14,7501.240234
2026/5/15,7408.5
2026/5/16,7408.5
2026/5/17,7408.5
2026/5/18,7403.049805
2026/5/19,7353.609863
2026/5/20,7432.970215
2026/5/21,7445.720215
2026/5/22,7473.470215
2026/5/23,7473.470215
2026/5/24,7473.470215
2026/5/25,7473.470215
2026/5/26,7519.120117
2026/5/27,7520.359863
2026/5/28,7563.629883
2026/5/29,7580.060059
2026/5/30,7580.060059
2026/5/31,7580.060059
2026/6/1,7599.959961
2026/6/2,7609.779785
2026/6/3,7553.680176
2026/6/4,7584.310059
2026/6/5,7383.740234
2026/6/6,7383.740234
2026/6/7,7383.740234
2026/6/8,7405.72998
2026/6/9,7386.649902
2026/6/10,7266.990234
2026/6/11,7394.299805
2026/6/12,7431.459961
2026/6/13,7431.459961
2026/6/14,7431.459961
2026/6/15,7554.290039
2026/6/16,7511.350098
2026/6/17,7420.100098
2026/6/18,7500.580078
2026/6/19,7500.580078
2026/6/20,7500.580078
2026/6/21,7500.580078
2026/6/22,7472.790039
2026/6/23,7365.459961
2026/6/24,7358.220215
2026/6/25,7357.490234
2026/6/26,7354.02002
2026/6/27,7354.02002
2026/6/28,7354.02002
2026/6/29,7440.430176
2026/6/30,7499.359863
2026/7/1,7483.22998
2026/7/2,7483.240234
2026/7/3,7483.240234
2026/7/4,7483.240234
2026/7/5,7483.240234
2026/7/6,7537.430176
2026/7/7,7503.850098
2026/7/8,7482.709961
2026/7/9,7543.640137
2026/7/10,7575.390137
2026/7/11,7575.390137
2026/7/12,7575.390137
2026/7/13,7515.339844
2026/7/14,7543.589844
2026/7/15,7572.399902
2026/7/16,7533.77002
2026/7/17,7457.689941
2026/7/18,7457.689941
2026/7/19,7457.689941
2026/7/20,7443.279785
2026/7/21,7509.200195
2026/7/22,7498.959961
2026/7/23,7408.299805
2026/7/24,7411.97998
2026/7/25,7411.97998
2026/7/26,7411.97998
2026/7/27,7413.180176
2026/7/28,7428.779785
2026/7/29,7316.149902
2026/7/30,7437.629883
2026/7/31,7489.720215
2026/8/1,7489.720215
2026/8/2,7489.720215
2026/8/3,7600.5
2026/8/4,7736.52002
2026/8/5,7723.549805
2026/8/6,7709.959961
2026/8/7,7757.640137
2026/8/8,7757.640137
2026/8/9,7757.640137
2026/8/10,7753.109863
2026/8/11,7728.200195
2026/8/12,7748.5
2026/8/13,7798.990234
2026/8/14,7785.759766
2026/8/15,7785.759766
