Dates,USDJPY Curncy
2000/1/3,101.6900024
2000/1/4,103.1399994
2000/1/5,104.0899963
2000/1/6,105.2300034
2000/1/7,105.3300018
2000/1/8,105.3300018
2000/1/9,105.3300018
2000/1/10,105.1600037
2000/1/11,106.0199966
2000/1/12,105.7099991
2000/1/13,106.0199966
2000/1/14,105.8799973
2000/1/15,105.8799973
2000/1/16,105.8799973
2000/1/17,104.8899994
2000/1/18,105.6600037
2000/1/19,105.2600021
2000/1/20,105.3099976
2000/1/21,104.7200012
2000/1/22,104.7200012
2000/1/23,104.7200012
2000/1/24,105.6500015
2000/1/25,105.8700027
2000/1/26,105.5800018
2000/1/27,104.9899979
2000/1/28,107.0599976
2000/1/29,107.0599976
2000/1/30,107.0599976
2000/1/31,107.1999969
2000/2/1,107.7399979
2000/2/2,108.0999985
2000/2/3,107.4499969
2000/2/4,107.1800003
2000/2/5,107.1800003
2000/2/6,107.1800003
2000/2/7,108.9100037
2000/2/8,109.4000015
2000/2/9,108.7600021
2000/2/10,109.1100006
2000/2/11,108.8000031
2000/2/12,108.8000031
2000/2/13,108.8000031
2000/2/14,108.8300018
2000/2/15,109.0699997
2000/2/16,109.3499985
2000/2/17,110.4100037
2000/2/18,110.8499985
2000/2/19,110.8499985
2000/2/20,110.8499985
2000/2/21,111.25
2000/2/22,110.6800003
2000/2/23,111.25
2000/2/24,111.3000031
2000/2/25,110.1500015
2000/2/26,110.1500015
2000/2/27,110.1500015
2000/2/28,109.6999969
2000/2/29,110.1900024
2000/3/1,106.9400024
2000/3/2,107.8000031
2000/3/3,107.6800003
2000/3/4,107.6800003
2000/3/5,107.6800003
2000/3/6,107.4199982
2000/3/7,106.1800003
2000/3/8,107.1699982
2000/3/9,106.5100021
2000/3/10,106.2200012
2000/3/11,106.2200012
2000/3/12,106.2200012
2000/3/13,105.6900024
2000/3/14,105.1100006
2000/3/15,105.6200027
2000/3/16,105.6399994
2000/3/17,106.6600037
2000/3/18,106.6600037
2000/3/19,106.6600037
2000/3/20,106.3600006
2000/3/21,106.6999969
2000/3/22,107.0699997
2000/3/23,107.2799988
2000/3/24,106.9899979
2000/3/25,106.9899979
2000/3/26,106.9899979
2000/3/27,106.6999969
2000/3/28,105.8199997
2000/3/29,105.7099991
2000/3/30,105.6399994
2000/3/31,102.9599991
2000/4/1,102.9599991
2000/4/2,102.9599991
2000/4/3,104.9899979
2000/4/4,105.2099991
2000/4/5,104.8199997
2000/4/6,104.6900024
2000/4/7,105.4499969
2000/4/8,105.4499969
2000/4/9,105.4499969
2000/4/10,106.4599991
2000/4/11,106.8000031
2000/4/12,105.75
2000/4/13,105.7900009
2000/4/14,104.7600021
2000/4/15,104.7600021
2000/4/16,104.7600021
2000/4/17,104.5899963
2000/4/18,104.6600037
2000/4/19,104.8499985
2000/4/20,105.7099991
2000/4/21,105.8000031
2000/4/22,105.8000031
2000/4/23,105.8000031
2000/4/24,105.6900024
2000/4/25,106.1299973
2000/4/26,106.1399994
2000/4/27,106.3799973
2000/4/28,108.1500015
2000/4/29,108.1500015
2000/4/30,108.1500015
2000/5/1,108.6299973
2000/5/2,108.4499969
2000/5/3,108.9700012
2000/5/4,108
2000/5/5,108.5800018
2000/5/6,108.5800018
2000/5/7,108.5800018
2000/5/8,109.1500015
2000/5/9,109.1100006
2000/5/10,109.3499985
2000/5/11,108.3799973
2000/5/12,108.3199997
2000/5/13,108.3199997
2000/5/14,108.3199997
2000/5/15,109.1600037
2000/5/16,109.7300034
2000/5/17,108.9100037
2000/5/18,108.4499969
2000/5/19,106.9100037
2000/5/20,106.9100037
2000/5/21,106.9100037
2000/5/22,107.1800003
2000/5/23,106.4599991
2000/5/24,107.6600037
2000/5/25,107.3799973
2000/5/26,107.1100006
2000/5/27,107.1100006
2000/5/28,107.1100006
2000/5/29,106.9100037
2000/5/30,106.4800034
2000/5/31,107.6299973
2000/6/1,108.5
2000/6/2,107.9499969
2000/6/3,107.9499969
2000/6/4,107.9499969
2000/6/5,107.4100037
2000/6/6,105.8499985
2000/6/7,105.5800018
2000/6/8,105.9000015
2000/6/9,106.8499985
2000/6/10,106.8499985
2000/6/11,106.8499985
2000/6/12,106.9000015
2000/6/13,106.8000031
2000/6/14,106.5699997
2000/6/15,106.4100037
2000/6/16,106.3499985
2000/6/17,106.3499985
2000/6/18,106.3499985
2000/6/19,105.8499985
2000/6/20,105.4000015
2000/6/21,105.5699997
2000/6/22,104.5299988
2000/6/23,104.6100006
2000/6/24,104.6100006
2000/6/25,104.6100006
2000/6/26,105.5500031
2000/6/27,105.3700027
2000/6/28,105.3799973
2000/6/29,105.2099991
2000/6/30,106.0100021
2000/7/1,106.0100021
2000/7/2,106.0100021
2000/7/3,105.7799988
2000/7/4,106.0999985
2000/7/5,106.9300003
2000/7/6,107.3300018
2000/7/7,107.8799973
2000/7/8,107.8799973
2000/7/9,107.8799973
2000/7/10,106.9199982
2000/7/11,107.0699997
2000/7/12,108.1299973
2000/7/13,108.0500031
2000/7/14,107.8099976
2000/7/15,107.8099976
2000/7/16,107.8099976
2000/7/17,107.9599991
2000/7/18,108.2200012
2000/7/19,108.1500015
2000/7/20,107.5
2000/7/21,108.9700012
2000/7/22,108.9700012
2000/7/23,108.9700012
2000/7/24,108.5699997
2000/7/25,109.1200027
2000/7/26,109.1100006
2000/7/27,109.1999969
2000/7/28,109.6299973
2000/7/29,109.6299973
2000/7/30,109.6299973
2000/7/31,109.3300018
2000/8/1,109.2300034
2000/8/2,108.6800003
2000/8/3,108.3300018
2000/8/4,108.5800018
2000/8/5,108.5800018
2000/8/6,108.5800018
2000/8/7,109.0100021
2000/8/8,108.5699997
2000/8/9,107.9199982
2000/8/10,107.6999969
2000/8/11,108.4599991
2000/8/12,108.4599991
2000/8/13,108.4599991
2000/8/14,109.4300003
2000/8/15,109.0299988
2000/8/16,108.4000015
2000/8/17,108.5400009
2000/8/18,108.2699966
2000/8/19,108.2699966
2000/8/20,108.2699966
2000/8/21,108.6399994
2000/8/22,108.3000031
2000/8/23,106.9800034
2000/8/24,106.9899979
2000/8/25,106.8000031
2000/8/26,106.8000031
2000/8/27,106.8000031
2000/8/28,106.5899963
2000/8/29,106.1299973
2000/8/30,106.6100006
2000/8/31,106.6699982
2000/9/1,105.9499969
2000/9/2,105.9499969
2000/9/3,105.9499969
2000/9/4,106.2099991
2000/9/5,105.8600006
2000/9/6,105.9300003
2000/9/7,105.1399994
2000/9/8,106.1100006
2000/9/9,106.1100006
2000/9/10,106.1100006
2000/9/11,106.0899963
2000/9/12,106.9199982
2000/9/13,107.0599976
2000/9/14,107.4100037
2000/9/15,107.2600021
2000/9/16,107.2600021
2000/9/17,107.2600021
2000/9/18,106.8899994
2000/9/19,106.9499969
2000/9/20,106.5999985
2000/9/21,106.6399994
2000/9/22,108
2000/9/23,108
2000/9/24,108
2000/9/25,107.6500015
2000/9/26,107.4700012
2000/9/27,107.2300034
2000/9/28,107.6500015
2000/9/29,108.1299973
2000/9/30,108.1299973
2000/10/1,108.1299973
2000/10/2,108.7300034
2000/10/3,108.8899994
2000/10/4,109.1900024
2000/10/5,109.0800018
2000/10/6,108.7300034
2000/10/7,108.7300034
2000/10/8,108.7300034
2000/10/9,108.7600021
2000/10/10,107.7200012
2000/10/11,107.7399979
2000/10/12,107.75
2000/10/13,107.6999969
2000/10/14,107.6999969
2000/10/15,107.6999969
2000/10/16,108.0599976
2000/10/17,107.9100037
2000/10/18,107.6600037
2000/10/19,108.3300018
2000/10/20,108.8300018
2000/10/21,108.8300018
2000/10/22,108.8300018
2000/10/23,108.3099976
2000/10/24,107.9400024
2000/10/25,108.2099991
2000/10/26,108.2399979
2000/10/27,108.5299988
2000/10/28,108.5299988
2000/10/29,108.5299988
2000/10/30,108.9599991
2000/10/31,108.7900009
2000/11/1,108.25
2000/11/2,108.1500015
2000/11/3,106.9499969
2000/11/4,106.9499969
2000/11/5,106.9499969
2000/11/6,107.3600006
2000/11/7,107.0599976
2000/11/8,107.2300034
2000/11/9,107.5800018
2000/11/10,107.8300018
2000/11/11,107.8300018
2000/11/12,107.8300018
2000/11/13,107.5400009
2000/11/14,108.1600037
2000/11/15,108.7600021
2000/11/16,108.8399963
2000/11/17,108.7799988
2000/11/18,108.7799988
2000/11/19,108.7799988
2000/11/20,109.6900024
2000/11/21,109.9199982
2000/11/22,110.1600037
2000/11/23,110.3499985
2000/11/24,111.2300034
2000/11/25,111.2300034
2000/11/26,111.2300034
2000/11/27,110.5699997
2000/11/28,110.1699982
2000/11/29,111.3199997
2000/11/30,110.3700027
2000/12/1,111.1900024
2000/12/2,111.1900024
2000/12/3,111.1900024
2000/12/4,111.0599976
2000/12/5,110.7399979
2000/12/6,110.1600037
2000/12/7,110.5400009
2000/12/8,110.9000015
2000/12/9,110.9000015
2000/12/10,110.9000015
2000/12/11,110.7200012
2000/12/12,111.5699997
2000/12/13,112.3600006
2000/12/14,112.1299973
2000/12/15,112.4199982
2000/12/16,112.4199982
2000/12/17,112.4199982
2000/12/18,112.1200027
2000/12/19,112.6500015
2000/12/20,112.8899994
2000/12/21,112.1100006
2000/12/22,112.8000031
2000/12/23,112.8000031
2000/12/24,112.8000031
2000/12/25,113.0199966
2000/12/26,113.7300034
2000/12/27,114.2600021
2000/12/28,114.5899963
2000/12/29,114.3799973
2000/12/30,114.3799973
2000/12/31,114.3799973
2001/1/1,114.5699997
2001/1/2,114.4000015
2001/1/3,113.8399963
2001/1/4,116.0899963
2001/1/5,116.4499969
2001/1/6,116.4499969
2001/1/7,116.4499969
2001/1/8,116.0999985
2001/1/9,117.0699997
2001/1/10,116.4499969
2001/1/11,117.9100037
2001/1/12,118.4700012
2001/1/13,118.4700012
2001/1/14,118.4700012
2001/1/15,119.1100006
2001/1/16,117.7099991
2001/1/17,119.1699982
2001/1/18,117.9000015
2001/1/19,117.1299973
2001/1/20,117.1299973
2001/1/21,117.1299973
2001/1/22,116.4599991
2001/1/23,116.6100006
2001/1/24,117.9000015
2001/1/25,116.6200027
2001/1/26,117.3199997
2001/1/27,117.3199997
2001/1/28,117.3199997
2001/1/29,116.7399979
2001/1/30,115.6500015
2001/1/31,116.6800003
2001/2/1,115.4199982
2001/2/2,115.6299973
2001/2/3,115.6299973
2001/2/4,115.6299973
2001/2/5,114.7099991
2001/2/6,114.7399979
2001/2/7,116.1600037
2001/2/8,116.7099991
2001/2/9,117.5
2001/2/10,117.5
2001/2/11,117.5
2001/2/12,117.3099976
2001/2/13,116.5999985
2001/2/14,116.1900024
2001/2/15,115.6200027
2001/2/16,115.7200012
2001/2/17,115.7200012
2001/2/18,115.7200012
2001/2/19,116.0800018
2001/2/20,115.6399994
2001/2/21,116.3700027
2001/2/22,117.0100021
2001/2/23,115.75
2001/2/24,115.75
2001/2/25,115.75
2001/2/26,116.4800034
2001/2/27,116.3600006
2001/2/28,117.3899994
2001/3/1,117.5
2001/3/2,119.0500031
2001/3/3,119.0500031
2001/3/4,119.0500031
2001/3/5,118.9199982
2001/3/6,118.6999969
2001/3/7,119.5199966
2001/3/8,119.8199997
2001/3/9,119.5400009
2001/3/10,119.5400009
2001/3/11,119.5400009
2001/3/12,120.4700012
2001/3/13,119.6100006
2001/3/14,120.8199997
2001/3/15,121.9899979
2001/3/16,122.9199982
2001/3/17,122.9199982
2001/3/18,122.9199982
2001/3/19,122.8000031
2001/3/20,122.1999969
2001/3/21,123.0199966
2001/3/22,123.7600021
2001/3/23,122.8300018
2001/3/24,122.8300018
2001/3/25,122.8300018
2001/3/26,122.6600037
2001/3/27,122.1600037
2001/3/28,122.2699966
2001/3/29,123.6800003
2001/3/30,126.2300034
2001/3/31,126.2300034
2001/4/1,126.2300034
2001/4/2,126.6399994
2001/4/3,125.5299988
2001/4/4,125.4700012
2001/4/5,124.2600021
2001/4/6,123.7300034
2001/4/7,123.7300034
2001/4/8,123.7300034
2001/4/9,125.2799988
2001/4/10,124.4199982
2001/4/11,124.7399979
2001/4/12,123.5
2001/4/13,123.5
2001/4/14,123.5
2001/4/15,123.5
2001/4/16,124.5999985
2001/4/17,123.3799973
2001/4/18,122
2001/4/19,121.2399979
2001/4/20,122.3300018
2001/4/21,122.3300018
2001/4/22,122.3300018
2001/4/23,121.1800003
2001/4/24,122.3000031
2001/4/25,122.0899963
2001/4/26,123.1699982
2001/4/27,124.0199966
2001/4/28,124.0199966
2001/4/29,124.0199966
2001/4/30,123.3799973
2001/5/1,122.1100006
2001/5/2,121.5299988
2001/5/3,121.3300018
2001/5/4,121.2799988
2001/5/5,121.2799988
2001/5/6,121.2799988
2001/5/7,120.8700027
2001/5/8,121.2799988
2001/5/9,122.3099976
2001/5/10,122.5199966
2001/5/11,122.3700027
2001/5/12,122.3700027
2001/5/13,122.3700027
2001/5/14,123.1999969
2001/5/15,123.1999969
2001/5/16,123.2300034
2001/5/17,122.5999985
2001/5/18,123.5100021
2001/5/19,123.5100021
2001/5/20,123.5100021
2001/5/21,122.6699982
2001/5/22,122.7200012
2001/5/23,120.1999969
2001/5/24,119.9700012
2001/5/25,120.5899963
2001/5/26,120.5899963
2001/5/27,120.5899963
2001/5/28,121.2600021
2001/5/29,120.0599976
2001/5/30,120.4400024
2001/5/31,119.2300034
2001/6/1,119.2099991
2001/6/2,119.2099991
2001/6/3,119.2099991
2001/6/4,119.1999969
2001/6/5,120.1800003
2001/6/6,120
2001/6/7,120.3300018
2001/6/8,120.8499985
2001/6/9,120.8499985
2001/6/10,120.8499985
2001/6/11,121.8300018
2001/6/12,121.5800018
2001/6/13,122.0199966
2001/6/14,121.3000031
2001/6/15,122.8700027
2001/6/16,122.8700027
2001/6/17,122.8700027
2001/6/18,123.4199982
2001/6/19,122.8000031
2001/6/20,123.8700027
2001/6/21,124.5699997
2001/6/22,124.4599991
2001/6/23,124.4599991
2001/6/24,124.4599991
2001/6/25,123.9000015
2001/6/26,123.7799988
2001/6/27,124.2200012
2001/6/28,124.8499985
2001/6/29,124.5
2001/6/30,124.5
2001/7/1,124.5
2001/7/2,123.9700012
2001/7/3,124.3499985
2001/7/4,124.4300003
2001/7/5,125.5599976
2001/7/6,125.8199997
2001/7/7,125.8199997
2001/7/8,125.8199997
2001/7/9,125.2600021
2001/7/10,125.2699966
2001/7/11,124.2699966
2001/7/12,123.9300003
2001/7/13,124.8600006
2001/7/14,124.8600006
2001/7/15,124.8600006
2001/7/16,125.5
2001/7/17,124.8000031
2001/7/18,124.0800018
2001/7/19,123.3799973
2001/7/20,122.8600006
2001/7/21,122.8600006
2001/7/22,122.8600006
2001/7/23,124.3799973
2001/7/24,124.1999969
2001/7/25,123.5699997
2001/7/26,123.7200012
2001/7/27,123.4599991
2001/7/28,123.4599991
2001/7/29,123.4599991
2001/7/30,125.1699982
2001/7/31,125.0100021
2001/8/1,124.3899994
2001/8/2,123.7200012
2001/8/3,123.5999985
2001/8/4,123.5999985
2001/8/5,123.5999985
2001/8/6,123.8000031
2001/8/7,123.5599976
2001/8/8,123.5599976
2001/8/9,121.9599991
2001/8/10,121.9499969
2001/8/11,121.9499969
2001/8/12,121.9499969
2001/8/13,122.3799973
2001/8/14,121.8300018
2001/8/15,119.8899994
2001/8/16,120.25
2001/8/17,120.1900024
2001/8/18,120.1900024
2001/8/19,120.1900024
2001/8/20,120.7399979
2001/8/21,119.7699966
2001/8/22,120.4199982
2001/8/23,119.8899994
2001/8/24,119.9800034
2001/8/25,119.9800034
2001/8/26,119.9800034
2001/8/27,119.8899994
2001/8/28,120.0199966
2001/8/29,120.1600037
2001/8/30,119.4300003
2001/8/31,118.75
2001/9/1,118.75
2001/9/2,118.75
2001/9/3,118.7099991
2001/9/4,119.4000015
2001/9/5,120.7399979
2001/9/6,120.9400024
2001/9/7,120
2001/9/8,120
2001/9/9,120
2001/9/10,121.0999985
2001/9/11,119.5800018
2001/9/12,119.6100006
2001/9/13,118.8099976
2001/9/14,117.3199997
2001/9/15,117.3199997
2001/9/16,117.3199997
2001/9/17,117.8600006
2001/9/18,117.2600021
2001/9/19,117.5
2001/9/20,116.4300003
2001/9/21,116.5899963
2001/9/22,116.5899963
2001/9/23,116.5899963
2001/9/24,117.5500031
2001/9/25,117.5100021
2001/9/26,117.8799973
2001/9/27,119.6600037
2001/9/28,119.4800034
2001/9/29,119.4800034
2001/9/30,119.4800034
2001/10/1,120.3000031
2001/10/2,120.6100006
2001/10/3,120.5800018
2001/10/4,120.4700012
2001/10/5,120.4700012
2001/10/6,120.4700012
2001/10/7,120.4700012
2001/10/8,119.7200012
2001/10/9,120.1999969
2001/10/10,120.2600021
2001/10/11,121.4000015
2001/10/12,121.2200012
2001/10/13,121.2200012
2001/10/14,121.2200012
2001/10/15,120.8000031
2001/10/16,121.2699966
2001/10/17,121.2200012
2001/10/18,121.1399994
2001/10/19,121.1699982
2001/10/20,121.1699982
2001/10/21,121.1699982
2001/10/22,122.3799973
2001/10/23,122.5100021
2001/10/24,122.8099976
2001/10/25,122.8799973
2001/10/26,122.6500015
2001/10/27,122.6500015
2001/10/28,122.6500015
2001/10/29,121.8899994
2001/10/30,122.1200027
2001/10/31,122.4000015
2001/11/1,121.9700012
2001/11/2,121.6200027
2001/11/3,121.6200027
2001/11/4,121.6200027
2001/11/5,121.5599976
2001/11/6,121.1699982
2001/11/7,121.1600037
2001/11/8,120.1200027
2001/11/9,120.2200012
2001/11/10,120.2200012
2001/11/11,120.2200012
2001/11/12,120.5699997
2001/11/13,121.4199982
2001/11/14,121.5299988
2001/11/15,122.4499969
2001/11/16,122.8700027
2001/11/17,122.8700027
2001/11/18,122.8700027
2001/11/19,123.0800018
2001/11/20,122.5699997
2001/11/21,123.1500015
2001/11/22,123.9499969
2001/11/23,124.2799988
2001/11/24,124.2799988
2001/11/25,124.2799988
2001/11/26,124.0500031
2001/11/27,123.9700012
2001/11/28,123.1500015
2001/11/29,123.9400024
2001/11/30,123.4499969
2001/12/1,123.4499969
2001/12/2,123.4499969
2001/12/3,124.2799988
2001/12/4,124.1399994
2001/12/5,124.1600037
2001/12/6,124.5500031
2001/12/7,125.4899979
2001/12/8,125.4899979
2001/12/9,125.4899979
2001/12/10,125.9499969
2001/12/11,125.8300018
2001/12/12,125.9100037
2001/12/13,126.1200027
2001/12/14,127.3700027
2001/12/15,127.3700027
2001/12/16,127.3700027
2001/12/17,127.6399994
2001/12/18,128.2599945
2001/12/19,128.3699951
2001/12/20,129.1999969
2001/12/21,129.5
2001/12/22,129.5
2001/12/23,129.5
2001/12/24,129.8500061
2001/12/25,130.8500061
2001/12/26,131.2799988
2001/12/27,131.8099976
2001/12/28,131.0500031
2001/12/29,131.0500031
2001/12/30,131.0500031
2001/12/31,131.6699982
2002/1/1,131.9299927
2002/1/2,132.1399994
2002/1/3,131.6999969
2002/1/4,131.0200043
2002/1/5,131.0200043
2002/1/6,131.0200043
2002/1/7,131.25
2002/1/8,132.9199982
2002/1/9,132.9400024
2002/1/10,132.1300049
2002/1/11,132.1499939
2002/1/12,132.1499939
2002/1/13,132.1499939
2002/1/14,131.6300049
2002/1/15,131.2200012
2002/1/16,132.1900024
2002/1/17,132.4499969
2002/1/18,132.6199951
2002/1/19,132.6199951
2002/1/20,132.6199951
2002/1/21,132.9499969
2002/1/22,133.6600037
2002/1/23,134.5299988
2002/1/24,134.8500061
2002/1/25,134.5500031
2002/1/26,134.5500031
2002/1/27,134.5500031
2002/1/28,133.5599976
2002/1/29,133.4400024
2002/1/30,132.8699951
2002/1/31,134.8699951
2002/2/1,133.1000061
2002/2/2,133.1000061
2002/2/3,133.1000061
2002/2/4,132.0299988
2002/2/5,133.8000031
2002/2/6,133.6399994
2002/2/7,133.9499969
2002/2/8,134.6699982
2002/2/9,134.6699982
2002/2/10,134.6699982
2002/2/11,133.3699951
2002/2/12,132.7200012
2002/2/13,133
2002/2/14,132.0500031
2002/2/15,132.5899963
2002/2/16,132.5899963
2002/2/17,132.5899963
2002/2/18,132.6600037
2002/2/19,133.4199982
2002/2/20,133.7700043
2002/2/21,134.1999969
2002/2/22,134.1100006
2002/2/23,134.1100006
2002/2/24,134.1100006
2002/2/25,133.8399963
2002/2/26,134.5200043
2002/2/27,134.2200012
2002/2/28,133.4600067
2002/3/1,133.3200073
2002/3/2,133.3200073
2002/3/3,133.3200073
2002/3/4,131.9499969
2002/3/5,132.2200012
2002/3/6,130.7400055
2002/3/7,127.6200027
2002/3/8,128.6199951
2002/3/9,128.6199951
2002/3/10,128.6199951
2002/3/11,128.0200043
2002/3/12,129.0299988
2002/3/13,129.3600006
2002/3/14,129.25
2002/3/15,129.0099945
2002/3/16,129.0099945
2002/3/17,129.0099945
2002/3/18,131.1600037
2002/3/19,132.1999969
2002/3/20,131.3500061
2002/3/21,132.1100006
2002/3/22,132.8999939
2002/3/23,132.8999939
2002/3/24,132.8999939
2002/3/25,133.3000031
2002/3/26,133.0800018
2002/3/27,132.7299957
2002/3/28,132.75
2002/3/29,132.6999969
2002/3/30,132.6999969
2002/3/31,132.6999969
2002/4/1,133.3099976
2002/4/2,133.1300049
2002/4/3,132.7100067
2002/4/4,132.3300018
2002/4/5,131.5500031
2002/4/6,131.5500031
2002/4/7,131.5500031
2002/4/8,131.5200043
2002/4/9,130.6499939
2002/4/10,130.7400055
2002/4/11,131.5299988
2002/4/12,131.9199982
2002/4/13,131.9199982
2002/4/14,131.9199982
2002/4/15,132.0599976
2002/4/16,131.1699982
2002/4/17,130.6999969
2002/4/18,129.9700012
2002/4/19,130.3099976
2002/4/20,130.3099976
2002/4/21,130.3099976
2002/4/22,130.1100006
2002/4/23,130.2299957
2002/4/24,129.6199951
2002/4/25,128.6799927
2002/4/26,127.8199997
2002/4/27,127.8199997
2002/4/28,127.8199997
2002/4/29,128.1199951
2002/4/30,128.5299988
2002/5/1,127.2399979
2002/5/2,127.8099976
2002/5/3,126.9000015
2002/5/4,126.9000015
2002/5/5,126.9000015
2002/5/6,127.1500015
2002/5/7,128.1499939
2002/5/8,128.8200073
2002/5/9,128.4199982
2002/5/10,127.5699997
2002/5/11,127.5699997
2002/5/12,127.5699997
2002/5/13,127.7699966
2002/5/14,128.5099945
2002/5/15,127.6500015
2002/5/16,128.0299988
2002/5/17,125.9300003
2002/5/18,125.9300003
2002/5/19,125.9300003
2002/5/20,125.3899994
2002/5/21,124.3000031
2002/5/22,124.3499985
2002/5/23,125.0299988
2002/5/24,124.6999969
2002/5/25,124.6999969
2002/5/26,124.6999969
2002/5/27,124.75
2002/5/28,124.4899979
2002/5/29,124.3499985
2002/5/30,123.4199982
2002/5/31,124.0599976
2002/6/1,124.0599976
2002/6/2,124.0599976
2002/6/3,123.6200027
2002/6/4,124.1699982
2002/6/5,124.1299973
2002/6/6,124.1200027
2002/6/7,124.3099976
2002/6/8,124.3099976
2002/6/9,124.3099976
2002/6/10,124.7399979
2002/6/11,125.2799988
2002/6/12,125.5800018
2002/6/13,124.9899979
2002/6/14,124.1299973
2002/6/15,124.1299973
2002/6/16,124.1299973
2002/6/17,124.2600021
2002/6/18,124.2600021
2002/6/19,123.8600006
2002/6/20,123.4499969
2002/6/21,121.0899963
2002/6/22,121.0899963
2002/6/23,121.0899963
2002/6/24,121.5999985
2002/6/25,121.1500015
2002/6/26,119.9199982
2002/6/27,119.5400009
2002/6/28,119.5199966
2002/6/29,119.5199966
2002/6/30,119.5199966
2002/7/1,119.7699966
2002/7/2,120
2002/7/3,119.9000015
2002/7/4,120.1699982
2002/7/5,120.4000015
2002/7/6,120.4000015
2002/7/7,120.4000015
2002/7/8,118.5699997
2002/7/9,118.0599976
2002/7/10,117.7600021
2002/7/11,117.0299988
2002/7/12,116.8499985
2002/7/13,116.8499985
2002/7/14,116.8499985
2002/7/15,116.2200012
2002/7/16,115.9700012
2002/7/17,116.3300018
2002/7/18,116.5299988
2002/7/19,115.9000015
2002/7/20,115.9000015
2002/7/21,115.9000015
2002/7/22,116.3700027
2002/7/23,117.3700027
2002/7/24,116.6800003
2002/7/25,116.6299973
2002/7/26,118.7699966
2002/7/27,118.7699966
2002/7/28,118.7699966
2002/7/29,119.6500015
2002/7/30,120.2200012
2002/7/31,119.7799988
2002/8/1,119.2099991
2002/8/2,118.7699966
2002/8/3,118.7699966
2002/8/4,118.7699966
2002/8/5,119.6100006
2002/8/6,120.9599991
2002/8/7,120.2600021
2002/8/8,121.0999985
2002/8/9,120.4499969
2002/8/10,120.4499969
2002/8/11,120.4499969
2002/8/12,119.0100021
2002/8/13,118.2300034
2002/8/14,117.1900024
2002/8/15,117.3399963
2002/8/16,117.5599976
2002/8/17,117.5599976
2002/8/18,117.5599976
2002/8/19,118.4400024
2002/8/20,118.6299973
2002/8/21,118.4599991
2002/8/22,119.7900009
2002/8/23,119.5899963
2002/8/24,119.5899963
2002/8/25,119.5899963
2002/8/26,119.7099991
2002/8/27,118.1500015
2002/8/28,118.9499969
2002/8/29,118.1900024
2002/8/30,118.4300003
2002/8/31,118.4300003
2002/9/1,118.4300003
2002/9/2,117.9899979
2002/9/3,117.1500015
2002/9/4,117.8700027
2002/9/5,118.3600006
2002/9/6,118.4100037
2002/9/7,118.4100037
2002/9/8,118.4100037
2002/9/9,118.8700027
2002/9/10,119.0100021
2002/9/11,120.2699966
2002/9/12,120.0800018
2002/9/13,121.6299973
2002/9/14,121.6299973
2002/9/15,121.6299973
2002/9/16,122.3000031
2002/9/17,122.0800018
2002/9/18,121.4499969
2002/9/19,121.4599991
2002/9/20,123.3000031
2002/9/21,123.3000031
2002/9/22,123.3000031
2002/9/23,123.8899994
2002/9/24,123.3700027
2002/9/25,122.6999969
2002/9/26,122.1200027
2002/9/27,122.5299988
2002/9/28,122.5299988
2002/9/29,122.5299988
2002/9/30,121.8300018
2002/10/1,122.5999985
2002/10/2,122.7600021
2002/10/3,122.4000015
2002/10/4,123.1999969
2002/10/5,123.1999969
2002/10/6,123.1999969
2002/10/7,124.3000031
2002/10/8,124.0800018
2002/10/9,123.0100021
2002/10/10,123.5899963
2002/10/11,124.0199966
2002/10/12,124.0199966
2002/10/13,124.0199966
2002/10/14,124.3399963
2002/10/15,124.6299973
2002/10/16,124.5100021
2002/10/17,125.0999985
2002/10/18,125.4499969
2002/10/19,125.4499969
2002/10/20,125.4499969
2002/10/21,124.8600006
2002/10/22,125.1399994
2002/10/23,124.5199966
2002/10/24,124.6399994
2002/10/25,124.1699982
2002/10/26,124.1699982
2002/10/27,124.1699982
2002/10/28,123.4499969
2002/10/29,122.9300003
2002/10/30,122.8899994
2002/10/31,122.4499969
2002/11/1,122.1500015
2002/11/2,122.1500015
2002/11/3,122.1500015
2002/11/4,122.2099991
2002/11/5,122.1100006
2002/11/6,121.6500015
2002/11/7,121.1500015
2002/11/8,119.7799988
2002/11/9,119.7799988
2002/11/10,119.7799988
2002/11/11,119.6999969
2002/11/12,119.6399994
2002/11/13,120.0800018
2002/11/14,120.5899963
2002/11/15,120.4599991
2002/11/16,120.4599991
2002/11/17,120.4599991
2002/11/18,120.9400024
2002/11/19,122.1699982
2002/11/20,122.7300034
2002/11/21,122.6500015
2002/11/22,122.9499969
2002/11/23,122.9499969
2002/11/24,122.9499969
2002/11/25,122.0599976
2002/11/26,121.5199966
2002/11/27,122.3600006
2002/11/28,122.1800003
2002/11/29,122.4700012
2002/11/30,122.4700012
2002/12/1,122.4700012
2002/12/2,124.3700027
2002/12/3,124.1900024
2002/12/4,124.4499969
2002/12/5,124.7099991
2002/12/6,123.5199966
2002/12/7,123.5199966
2002/12/8,123.5199966
2002/12/9,123.3600006
2002/12/10,123.9199982
2002/12/11,123.7200012
2002/12/12,122.4800034
2002/12/13,120.4300003
2002/12/14,120.4300003
2002/12/15,120.4300003
2002/12/16,121.3300018
2002/12/17,121.6200027
2002/12/18,120.6900024
2002/12/19,120.5299988
2002/12/20,120.3600006
2002/12/21,120.3600006
2002/12/22,120.3600006
2002/12/23,120.3899994
2002/12/24,120.2600021
2002/12/25,120.3300018
2002/12/26,120.0299988
2002/12/27,119.8600006
2002/12/28,119.8600006
2002/12/29,119.8600006
2002/12/30,118.5
2002/12/31,118.6999969
2003/1/1,118.7099991
2003/1/2,120.2099991
2003/1/3,119.6699982
2003/1/4,119.6699982
2003/1/5,119.6699982
2003/1/6,119.3600006
2003/1/7,120.2200012
2003/1/8,119.1100006
2003/1/9,119.3799973
2003/1/10,119.3000031
2003/1/11,119.3000031
2003/1/12,119.3000031
2003/1/13,119.2399979
2003/1/14,118
2003/1/15,118.1100006
2003/1/16,117.8199997
2003/1/17,117.7799988
2003/1/18,117.7799988
2003/1/19,117.7799988
2003/1/20,118.0100021
2003/1/21,118.1600037
2003/1/22,118.3399963
2003/1/23,118.1200027
2003/1/24,117.8099976
2003/1/25,117.8099976
2003/1/26,117.8099976
2003/1/27,118.5500031
2003/1/28,118.6800003
2003/1/29,118.6299973
2003/1/30,119.0400009
2003/1/31,119.9100037
2003/2/1,119.9100037
2003/2/2,119.9100037
2003/2/3,120.3000031
2003/2/4,119.8399963
2003/2/5,120.1399994
2003/2/6,119.8899994
2003/2/7,120.2200012
2003/2/8,120.2200012
2003/2/9,120.2200012
2003/2/10,121.2099991
2003/2/11,120.9499969
2003/2/12,121.3199997
2003/2/13,120.3300018
2003/2/14,120.3000031
2003/2/15,120.3000031
2003/2/16,120.3000031
2003/2/17,120.2099991
2003/2/18,119.0400009
2003/2/19,118.6800003
2003/2/20,118.3000031
2003/2/21,118.6100006
2003/2/22,118.6100006
2003/2/23,118.6100006
2003/2/24,118.1500015
2003/2/25,117.4599991
2003/2/26,117.0899963
2003/2/27,117.7099991
2003/2/28,118.0899963
2003/3/1,118.0899963
2003/3/2,118.0899963
2003/3/3,117.6500015
2003/3/4,117.1399994
2003/3/5,117.2900009
2003/3/6,117.3000031
2003/3/7,117.0500031
2003/3/8,117.0500031
2003/3/9,117.0500031
2003/3/10,116.8499985
2003/3/11,117.1200027
2003/3/12,117.4899979
2003/3/13,118.6600037
2003/3/14,118.3000031
2003/3/15,118.3000031
2003/3/16,118.3000031
2003/3/17,118.8099976
2003/3/18,118.5999985
2003/3/19,120.0599976
2003/3/20,120.3000031
2003/3/21,121.4599991
2003/3/22,121.4599991
2003/3/23,121.4599991
2003/3/24,120.6800003
2003/3/25,119.9100037
2003/3/26,119.9800034
2003/3/27,119.9700012
2003/3/28,119.7200012
2003/3/29,119.7200012
2003/3/30,119.7200012
2003/3/31,118.0100021
2003/4/1,117.7900009
2003/4/2,119.1399994
2003/4/3,118.7300034
2003/4/4,119.9499969
2003/4/5,119.9499969
2003/4/6,119.9499969
2003/4/7,119.8899994
2003/4/8,119.7099991
2003/4/9,120.0800018
2003/4/10,119.5400009
2003/4/11,120.5199966
2003/4/12,120.5199966
2003/4/13,120.5199966
2003/4/14,120.2900009
2003/4/15,120.3099976
2003/4/16,119.5599976
2003/4/17,119.6500015
2003/4/18,119.8099976
2003/4/19,119.8099976
2003/4/20,119.8099976
2003/4/21,120.5299988
2003/4/22,119.8700027
2003/4/23,120.4700012
2003/4/24,119.7600021
2003/4/25,120.1600037
2003/4/26,120.1600037
2003/4/27,120.1600037
2003/4/28,120.4800034
2003/4/29,119.8600006
2003/4/30,118.8199997
2003/5/1,118.4499969
2003/5/2,119.0299988
2003/5/3,119.0299988
2003/5/4,119.0299988
2003/5/5,118.4499969
2003/5/6,117.5899963
2003/5/7,116.4199982
2003/5/8,117.0800018
2003/5/9,117.3499985
2003/5/10,117.3499985
2003/5/11,117.3499985
2003/5/12,117
2003/5/13,116.7699966
2003/5/14,116.2099991
2003/5/15,116.4300003
2003/5/16,116.0100021
2003/5/17,116.0100021
2003/5/18,116.0100021
2003/5/19,117.0800018
2003/5/20,116.6399994
2003/5/21,117.5999985
2003/5/22,117.25
2003/5/23,116.9499969
2003/5/24,116.9499969
2003/5/25,116.9499969
2003/5/26,116.8600006
2003/5/27,117.2699966
2003/5/28,118.5500031
2003/5/29,118.1699982
2003/5/30,119.3000031
2003/5/31,119.3000031
2003/6/1,119.3000031
2003/6/2,118.6500015
2003/6/3,119.1399994
2003/6/4,118.8300018
2003/6/5,117.7200012
2003/6/6,118.6299973
2003/6/7,118.6299973
2003/6/8,118.6299973
2003/6/9,118.1800003
2003/6/10,117.6699982
2003/6/11,117.6900024
2003/6/12,117.6200027
2003/6/13,117.3899994
2003/6/14,117.3899994
2003/6/15,117.3899994
2003/6/16,117.6399994
2003/6/17,118.0899963
2003/6/18,117.9400024
2003/6/19,118.4499969
2003/6/20,118.3300018
2003/6/21,118.3300018
2003/6/22,118.3300018
2003/6/23,117.7099991
2003/6/24,117.9199982
2003/6/25,117.9300003
2003/6/26,119.2600021
2003/6/27,119.5299988
2003/6/28,119.5299988
2003/6/29,119.5299988
2003/6/30,119.6699982
2003/7/1,119.2399979
2003/7/2,118.1500015
2003/7/3,118.1699982
2003/7/4,118.3300018
2003/7/5,118.3300018
2003/7/6,118.3300018
2003/7/7,118.0899963
2003/7/8,118.25
2003/7/9,117.8099976
2003/7/10,117.6699982
2003/7/11,117.9100037
2003/7/12,117.9100037
2003/7/13,117.9100037
2003/7/14,117.7200012
2003/7/15,117.8600006
2003/7/16,118.0199966
2003/7/17,118.8199997
2003/7/18,118.4199982
2003/7/19,118.4199982
2003/7/20,118.4199982
2003/7/21,118.5500031
2003/7/22,119.0199966
2003/7/23,118.7200012
2003/7/24,118.9499969
2003/7/25,118.7600021
2003/7/26,118.7600021
2003/7/27,118.7600021
2003/7/28,119.4100037
2003/7/29,119.8199997
2003/7/30,120.2799988
2003/7/31,120.5599976
2003/8/1,120.1299973
2003/8/2,120.1299973
2003/8/3,120.1299973
2003/8/4,120.3099976
2003/8/5,119.9000015
2003/8/6,120.1999969
2003/8/7,119.1100006
2003/8/8,119.0299988
2003/8/9,119.0299988
2003/8/10,119.0299988
2003/8/11,118.5
2003/8/12,118.5999985
2003/8/13,119.1999969
2003/8/14,118.9700012
2003/8/15,119.1299973
2003/8/16,119.1299973
2003/8/17,119.1299973
2003/8/18,119.4000015
2003/8/19,118.5699997
2003/8/20,118.0599976
2003/8/21,117.8300018
2003/8/22,117.4899979
2003/8/23,117.4899979
2003/8/24,117.4899979
2003/8/25,117.2300034
2003/8/26,117.3000031
2003/8/27,117.4800034
2003/8/28,117.3199997
2003/8/29,116.8899994
2003/8/30,116.8899994
2003/8/31,116.8899994
2003/9/1,116.5
2003/9/2,116.4400024
2003/9/3,115.9100037
2003/9/4,116.8499985
2003/9/5,116.7900009
2003/9/6,116.7900009
2003/9/7,116.7900009
2003/9/8,116.6100006
2003/9/9,116.8099976
2003/9/10,117.0699997
2003/9/11,117.0800018
2003/9/12,117.2699966
2003/9/13,117.2699966
2003/9/14,117.2699966
2003/9/15,117.4100037
2003/9/16,116.1900024
2003/9/17,116.1100006
2003/9/18,115.2300034
2003/9/19,113.9100037
2003/9/20,113.9100037
2003/9/21,113.9100037
2003/9/22,112.0699997
2003/9/23,112.2699966
2003/9/24,111.8899994
2003/9/25,112.0999985
2003/9/26,111.6900024
2003/9/27,111.6900024
2003/9/28,111.6900024
2003/9/29,110.8199997
2003/9/30,111.2900009
2003/10/1,111.2300034
2003/10/2,110.8700027
2003/10/3,110.8099976
2003/10/4,110.8099976
2003/10/5,110.8099976
2003/10/6,110.9300003
2003/10/7,109.9100037
2003/10/8,109.5199966
2003/10/9,109.0999985
2003/10/10,108.5599976
2003/10/11,108.5599976
2003/10/12,108.5599976
2003/10/13,108.9800034
2003/10/14,108.7900009
2003/10/15,109.5100021
2003/10/16,109.7699966
2003/10/17,109.3000031
2003/10/18,109.3000031
2003/10/19,109.3000031
2003/10/20,110.1800003
2003/10/21,109.5599976
2003/10/22,108.9599991
2003/10/23,109.4199982
2003/10/24,109.2300034
2003/10/25,109.2300034
2003/10/26,109.2300034
2003/10/27,108.4300003
2003/10/28,108.1500015
2003/10/29,108.2200012
2003/10/30,108.5999985
2003/10/31,110
2003/11/1,110
2003/11/2,110
2003/11/3,110.8000031
2003/11/4,109.5500031
2003/11/5,109.8600006
2003/11/6,110.1699982
2003/11/7,109.3300018
2003/11/8,109.3300018
2003/11/9,109.3300018
2003/11/10,108.7300034
2003/11/11,108.7699966
2003/11/12,108.6800003
2003/11/13,108.0299988
2003/11/14,108.3000031
2003/11/15,108.3000031
2003/11/16,108.3000031
2003/11/17,109.0100021
2003/11/18,108.0599976
2003/11/19,109.1100006
2003/11/20,109
2003/11/21,108.75
2003/11/22,108.75
2003/11/23,108.75
2003/11/24,109.3799973
2003/11/25,109.4000015
2003/11/26,109.0500031
2003/11/27,109.2799988
2003/11/28,109.6200027
2003/11/29,109.6200027
2003/11/30,109.6200027
2003/12/1,109.1699982
2003/12/2,108.7300034
2003/12/3,108.3000031
2003/12/4,108.2699966
2003/12/5,107.6200027
2003/12/6,107.6200027
2003/12/7,107.6200027
2003/12/8,107.4100037
2003/12/9,107.0899963
2003/12/10,108.3799973
2003/12/11,107.9800034
2003/12/12,107.6800003
2003/12/13,107.6800003
2003/12/14,107.6800003
2003/12/15,107.7399979
2003/12/16,107.5100021
2003/12/17,107.3799973
2003/12/18,107.6500015
2003/12/19,107.7099991
2003/12/20,107.7099991
2003/12/21,107.7099991
2003/12/22,107.4899979
2003/12/23,107.4300003
2003/12/24,107.2600021
2003/12/25,107.2399979
2003/12/26,107.4499969
2003/12/27,107.4499969
2003/12/28,107.4499969
2003/12/29,107.0500031
2003/12/30,106.9599991
2003/12/31,107.4000015
2004/1/1,107.3000031
2004/1/2,106.9100037
2004/1/3,106.9100037
2004/1/4,106.9100037
2004/1/5,106.2399979
2004/1/6,106.2300034
2004/1/7,106.1800003
2004/1/8,106.1699982
2004/1/9,106.5800018
2004/1/10,106.5800018
2004/1/11,106.5800018
2004/1/12,106.5999985
2004/1/13,106.2399979
2004/1/14,106.2399979
2004/1/15,106.2699966
2004/1/16,106.75
2004/1/17,106.75
2004/1/18,106.75
2004/1/19,107.2300034
2004/1/20,107
2004/1/21,106.8099976
2004/1/22,106.1299973
2004/1/23,106.75
2004/1/24,106.75
2004/1/25,106.75
2004/1/26,106.3499985
2004/1/27,105.6299973
2004/1/28,106.1299973
2004/1/29,105.9100037
2004/1/30,105.7200012
2004/1/31,105.7200012
2004/2/1,105.7200012
2004/2/2,105.5199966
2004/2/3,105.4700012
2004/2/4,105.4499969
2004/2/5,105.6399994
2004/2/6,105.4499969
2004/2/7,105.4499969
2004/2/8,105.4499969
2004/2/9,105.8199997
2004/2/10,105.5800018
2004/2/11,105.3399963
2004/2/12,105.3000031
2004/2/13,105.1999969
2004/2/14,105.1999969
2004/2/15,105.1999969
2004/2/16,105.4499969
2004/2/17,105.6100006
2004/2/18,106.3399963
2004/2/19,106.9100037
2004/2/20,108.9499969
2004/2/21,108.9499969
2004/2/22,108.9499969
2004/2/23,108.3000031
2004/2/24,108.1999969
2004/2/25,108.9700012
2004/2/26,109.4800034
2004/2/27,109.25
2004/2/28,109.25
2004/2/29,109.25
2004/3/1,108.9100037
2004/3/2,110.1500015
2004/3/3,110.1100006
2004/3/4,111.25
2004/3/5,112
2004/3/6,112
2004/3/7,112
2004/3/8,111.2900009
2004/3/9,111.4599991
2004/3/10,110.8899994
2004/3/11,110.8300018
2004/3/12,110.6500015
2004/3/13,110.6500015
2004/3/14,110.6500015
2004/3/15,110.3099976
2004/3/16,108.7099991
2004/3/17,108.2600021
2004/3/18,106.7900009
2004/3/19,106.6600037
2004/3/20,106.6600037
2004/3/21,106.6600037
2004/3/22,106.7600021
2004/3/23,106.7600021
2004/3/24,106.4000015
2004/3/25,106.1299973
2004/3/26,106.1800003
2004/3/27,106.1800003
2004/3/28,106.1800003
2004/3/29,105.4599991
2004/3/30,105.8399963
2004/3/31,104.2099991
2004/4/1,103.7399979
2004/4/2,104.6100006
2004/4/3,104.6100006
2004/4/4,104.6100006
2004/4/5,105.0899963
2004/4/6,105.7600021
2004/4/7,105.2200012
2004/4/8,106.4199982
2004/4/9,106.4000015
2004/4/10,106.4000015
2004/4/11,106.4000015
2004/4/12,105.3499985
2004/4/13,106.8199997
2004/4/14,108.6699982
2004/4/15,108.2099991
2004/4/16,107.8000031
2004/4/17,107.8000031
2004/4/18,107.8000031
2004/4/19,108.3899994
2004/4/20,108.9599991
2004/4/21,109.3499985
2004/4/22,109.3799973
2004/4/23,109.1600037
2004/4/24,109.1600037
2004/4/25,109.1600037
2004/4/26,108.6299973
2004/4/27,109.5199966
2004/4/28,110.0199966
2004/4/29,109.9300003
2004/4/30,110.3700027
2004/5/1,110.3700027
2004/5/2,110.3700027
2004/5/3,110.1600037
2004/5/4,109.5500031
2004/5/5,108.8199997
2004/5/6,109.7399979
2004/5/7,112.3099976
2004/5/8,112.3099976
2004/5/9,112.3099976
2004/5/10,113.7300034
2004/5/11,112.9400024
2004/5/12,112.9700012
2004/5/13,114.5899963
2004/5/14,114.1100006
2004/5/15,114.1100006
2004/5/16,114.1100006
2004/5/17,114.4300003
2004/5/18,114.0899963
2004/5/19,112.8499985
2004/5/20,112.7300034
2004/5/21,112.3399963
2004/5/22,112.3399963
2004/5/23,112.3399963
2004/5/24,113.1200027
2004/5/25,111.8099976
2004/5/26,111.8600006
2004/5/27,111.0699997
2004/5/28,109.9700012
2004/5/29,109.9700012
2004/5/30,109.9700012
2004/5/31,109.5199966
2004/6/1,110.4199982
2004/6/2,109.8499985
2004/6/3,111.1600037
2004/6/4,111.2600021
2004/6/5,111.2600021
2004/6/6,111.2600021
2004/6/7,109.6200027
2004/6/8,109.5299988
2004/6/9,110.3899994
2004/6/10,109.2699966
2004/6/11,110.1299973
2004/6/12,110.1299973
2004/6/13,110.1299973
2004/6/14,110.9899979
2004/6/15,109.4100037
2004/6/16,110.0899963
2004/6/17,109.5800018
2004/6/18,108.7200012
2004/6/19,108.7200012
2004/6/20,108.7200012
2004/6/21,108.6800003
2004/6/22,109.1900024
2004/6/23,108.2099991
2004/6/24,107.1900024
2004/6/25,107.5999985
2004/6/26,107.5999985
2004/6/27,107.5999985
2004/6/28,107.9899979
2004/6/29,108.1900024
2004/6/30,108.8700027
2004/7/1,108.4700012
2004/7/2,108.2600021
2004/7/3,108.2600021
2004/7/4,108.2600021
2004/7/5,109.0100021
2004/7/6,109.4100037
2004/7/7,108.5199966
2004/7/8,108.8499985
2004/7/9,108.1800003
2004/7/10,108.1800003
2004/7/11,108.1800003
2004/7/12,108.3099976
2004/7/13,108.4199982
2004/7/14,109.1500015
2004/7/15,109.7600021
2004/7/16,108.7300034
2004/7/17,108.7300034
2004/7/18,108.7300034
2004/7/19,108.2699966
2004/7/20,108.4899979
2004/7/21,109.8700027
2004/7/22,109.7600021
2004/7/23,110.1500015
2004/7/24,110.1500015
2004/7/25,110.1500015
2004/7/26,109.8700027
2004/7/27,110.8799973
2004/7/28,111.75
2004/7/29,112.1100006
2004/7/30,111.3600006
2004/7/31,111.3600006
2004/8/1,111.3600006
2004/8/2,110.8499985
2004/8/3,110.6500015
2004/8/4,111
2004/8/5,111.75
2004/8/6,110.5100021
2004/8/7,110.5100021
2004/8/8,110.5100021
2004/8/9,110.6500015
2004/8/10,111.2200012
2004/8/11,110.7600021
2004/8/12,110.8799973
2004/8/13,110.6999969
2004/8/14,110.6999969
2004/8/15,110.6999969
2004/8/16,110.3899994
2004/8/17,109.9499969
2004/8/18,109.4300003
2004/8/19,109.3600006
2004/8/20,109.1100006
2004/8/21,109.1100006
2004/8/22,109.1100006
2004/8/23,109.7399979
2004/8/24,109.6900024
2004/8/25,110.0999985
2004/8/26,109.6200027
2004/8/27,109.6600037
2004/8/28,109.6600037
2004/8/29,109.6600037
2004/8/30,109.9199982
2004/8/31,109.1699982
2004/9/1,109.3600006
2004/9/2,109.5
2004/9/3,110.4100037
2004/9/4,110.4100037
2004/9/5,110.4100037
2004/9/6,110.1500015
2004/9/7,109.3700027
2004/9/8,109.2099991
2004/9/9,109.3899994
2004/9/10,109.5800018
2004/9/11,109.5800018
2004/9/12,109.5800018
2004/9/13,110.0500031
2004/9/14,109.5400009
2004/9/15,110.0199966
2004/9/16,109.6100006
2004/9/17,109.6999969
2004/9/18,109.6999969
2004/9/19,109.6999969
2004/9/20,109.9100037
2004/9/21,109.7799988
2004/9/22,110.5999985
2004/9/23,110.7399979
2004/9/24,110.5400009
2004/9/25,110.5400009
2004/9/26,110.5400009
2004/9/27,111.1699982
2004/9/28,111.3099976
2004/9/29,111.0199966
2004/9/30,110.0800018
2004/10/1,110.4800034
2004/10/2,110.4800034
2004/10/3,110.4800034
2004/10/4,110.8499985
2004/10/5,111.0599976
2004/10/6,111.3399963
2004/10/7,111.1100006
2004/10/8,109.5
2004/10/9,109.5
2004/10/10,109.5
2004/10/11,109.3700027
2004/10/12,109.6699982
2004/10/13,109.6699982
2004/10/14,109.6500015
2004/10/15,109.3700027
2004/10/16,109.3700027
2004/10/17,109.3700027
2004/10/18,109.3499985
2004/10/19,108.3499985
2004/10/20,108.3000031
2004/10/21,107.4100037
2004/10/22,107.5199966
2004/10/23,107.5199966
2004/10/24,107.5199966
2004/10/25,106.5999985
2004/10/26,106.6800003
2004/10/27,106.6500015
2004/10/28,106.6500015
2004/10/29,105.7200012
2004/10/30,105.7200012
2004/10/31,105.7200012
2004/11/1,106.4499969
2004/11/2,106.0699997
2004/11/3,106.1200027
2004/11/4,106.0800018
2004/11/5,105.4899979
2004/11/6,105.4899979
2004/11/7,105.4899979
2004/11/8,105.6200027
2004/11/9,105.75
2004/11/10,106.9700012
2004/11/11,106.6800003
2004/11/12,105.6500015
2004/11/13,105.6500015
2004/11/14,105.6500015
2004/11/15,105.4100037
2004/11/16,105.4199982
2004/11/17,104.0500031
2004/11/18,104.3000031
2004/11/19,103.0800018
2004/11/20,103.0800018
2004/11/21,103.0800018
2004/11/22,103.1600037
2004/11/23,103.3300018
2004/11/24,102.8399963
2004/11/25,102.5199966
2004/11/26,102.5299988
2004/11/27,102.5299988
2004/11/28,102.5299988
2004/11/29,103.0299988
2004/11/30,102.9000015
2004/12/1,102.5100021
2004/12/2,103.0999985
2004/12/3,102.0899963
2004/12/4,102.0899963
2004/12/5,102.0899963
2004/12/6,103.1299973
2004/12/7,102.8600006
2004/12/8,104.0299988
2004/12/9,104.6800003
2004/12/10,105.0199966
2004/12/11,105.0199966
2004/12/12,105.0199966
2004/12/13,104.6900024
2004/12/14,105.1999969
2004/12/15,104.25
2004/12/16,104.5800018
2004/12/17,104.1500015
2004/12/18,104.1500015
2004/12/19,104.1500015
2004/12/20,104.1500015
2004/12/21,104.3000031
2004/12/22,104.1600037
2004/12/23,103.5500031
2004/12/24,103.6500015
2004/12/25,103.6500015
2004/12/26,103.6500015
2004/12/27,102.8899994
2004/12/28,103.1900024
2004/12/29,103.9400024
2004/12/30,102.9100037
2004/12/31,102.5100021
2005/1/1,102.5100021
2005/1/2,102.5100021
2005/1/3,102.7399979
2005/1/4,104.3399963
2005/1/5,103.9300003
2005/1/6,104.8899994
2005/1/7,104.8899994
2005/1/8,104.8899994
2005/1/9,104.8899994
2005/1/10,104.1699982
2005/1/11,103.4199982
2005/1/12,102.4400024
2005/1/13,102.4599991
2005/1/14,101.9800034
2005/1/15,101.9800034
2005/1/16,101.9800034
2005/1/17,102.2600021
2005/1/18,102.2600021
2005/1/19,102.9100037
2005/1/20,103.3700027
2005/1/21,102.6100006
2005/1/22,102.6100006
2005/1/23,102.6100006
2005/1/24,102.5800018
2005/1/25,104.0199966
2005/1/26,103.0699997
2005/1/27,102.8499985
2005/1/28,102.7300034
2005/1/29,102.7300034
2005/1/30,102.7300034
2005/1/31,103.5999985
2005/2/1,103.6399994
2005/2/2,103.6600037
2005/2/3,104.4599991
2005/2/4,104.0400009
2005/2/5,104.0400009
2005/2/6,104.0400009
2005/2/7,104.8199997
2005/2/8,105.7099991
2005/2/9,105.5899963
2005/2/10,105.8199997
2005/2/11,105.75
2005/2/12,105.75
2005/2/13,105.75
2005/2/14,105.0999985
2005/2/15,104.5500031
2005/2/16,105.4800034
2005/2/17,105.4800034
2005/2/18,105.6299973
2005/2/19,105.6299973
2005/2/20,105.6299973
2005/2/21,105.4400024
2005/2/22,104.2300034
2005/2/23,105.0500031
2005/2/24,105.5
2005/2/25,105.2399979
2005/2/26,105.2399979
2005/2/27,105.2399979
2005/2/28,104.5299988
2005/3/1,104.4499969
2005/3/2,104.7699966
2005/3/3,105.2900009
2005/3/4,104.7900009
2005/3/5,104.7900009
2005/3/6,104.7900009
2005/3/7,105.0899963
2005/3/8,104.5699997
2005/3/9,104.0100021
2005/3/10,103.9300003
2005/3/11,104.0800018
2005/3/12,104.0800018
2005/3/13,104.0800018
2005/3/14,104.9300003
2005/3/15,104.5400009
2005/3/16,104.1900024
2005/3/17,104.5299988
2005/3/18,104.7099991
2005/3/19,104.7099991
2005/3/20,104.7099991
2005/3/21,105.2099991
2005/3/22,105.5999985
2005/3/23,105.9100037
2005/3/24,106.4199982
2005/3/25,106.3600006
2005/3/26,106.3600006
2005/3/27,106.3600006
2005/3/28,107.2399979
2005/3/29,107.3300018
2005/3/30,107.5299988
2005/3/31,107.1399994
2005/4/1,107.6600037
2005/4/2,107.6600037
2005/4/3,107.6600037
2005/4/4,108.2799988
2005/4/5,108.2699966
2005/4/6,108.6800003
2005/4/7,108.5899963
2005/4/8,108.1600037
2005/4/9,108.1600037
2005/4/10,108.1600037
2005/4/11,107.7300034
2005/4/12,107.8000031
2005/4/13,107.3199997
2005/4/14,108.3000031
2005/4/15,107.7099991
2005/4/16,107.7099991
2005/4/17,107.7099991
2005/4/18,107.4300003
2005/4/19,106.8600006
2005/4/20,106.8499985
2005/4/21,106.7699966
2005/4/22,105.9499969
2005/4/23,105.9499969
2005/4/24,105.9499969
2005/4/25,105.7099991
2005/4/26,106.1200027
2005/4/27,105.9300003
2005/4/28,106.0400009
2005/4/29,104.6500015
2005/4/30,104.6500015
2005/5/1,104.6500015
2005/5/2,105.0999985
2005/5/3,104.8700027
2005/5/4,104.5199966
2005/5/5,104.5100021
2005/5/6,105.0699997
2005/5/7,105.0699997
2005/5/8,105.0699997
2005/5/9,105.7099991
2005/5/10,105.4599991
2005/5/11,105.75
2005/5/12,106.8199997
2005/5/13,107.3099976
2005/5/14,107.3099976
2005/5/15,107.3099976
2005/5/16,106.8499985
2005/5/17,107.4300003
2005/5/18,107.0100021
2005/5/19,107.5999985
2005/5/20,108.1500015
2005/5/21,108.1500015
2005/5/22,108.1500015
2005/5/23,107.7600021
2005/5/24,107.5899963
2005/5/25,107.6800003
2005/5/26,108.0299988
2005/5/27,107.9800034
2005/5/28,107.9800034
2005/5/29,107.9800034
2005/5/30,107.9599991
2005/5/31,108.4000015
2005/6/1,108.6600037
2005/6/2,108.2099991
2005/6/3,107.6399994
2005/6/4,107.6399994
2005/6/5,107.6399994
2005/6/6,106.8700027
2005/6/7,106.6299973
2005/6/8,107.2200012
2005/6/9,107.4800034
2005/6/10,108.6500015
2005/6/11,108.6500015
2005/6/12,108.6500015
2005/6/13,109.4499969
2005/6/14,109.4000015
2005/6/15,109.1699982
2005/6/16,108.9599991
2005/6/17,108.5299988
2005/6/18,108.5299988
2005/6/19,108.5299988
2005/6/20,109.3499985
2005/6/21,108.4100037
2005/6/22,108.7600021
2005/6/23,108.9199982
2005/6/24,108.9700012
2005/6/25,108.9700012
2005/6/26,108.9700012
2005/6/27,109.2799988
2005/6/28,109.7699966
2005/6/29,110.4400024
2005/6/30,110.8600006
2005/7/1,111.7399979
2005/7/2,111.7399979
2005/7/3,111.7399979
2005/7/4,111.5599976
2005/7/5,111.5500031
2005/7/6,112.25
2005/7/7,112
2005/7/8,112.2600021
2005/7/9,112.2600021
2005/7/10,112.2600021
2005/7/11,111.6999969
2005/7/12,110.9599991
2005/7/13,112.0100021
2005/7/14,112.2799988
2005/7/15,112.2099991
2005/7/16,112.2099991
2005/7/17,112.2099991
2005/7/18,111.8899994
2005/7/19,112.9000015
2005/7/20,112.7300034
2005/7/21,110.4300003
2005/7/22,111.3000031
2005/7/23,111.3000031
2005/7/24,111.3000031
2005/7/25,111.6399994
2005/7/26,112.5100021
2005/7/27,112.4499969
2005/7/28,112.2699966
2005/7/29,112.4400024
2005/7/30,112.4400024
2005/7/31,112.4400024
2005/8/1,112.2200012
2005/8/2,111.3899994
2005/8/3,111.0999985
2005/8/4,111.2300034
2005/8/5,111.8000031
2005/8/6,111.8000031
2005/8/7,111.8000031
2005/8/8,112.0800018
2005/8/9,111.7799988
2005/8/10,110.6500015
2005/8/11,109.6999969
2005/8/12,109.3399963
2005/8/13,109.3399963
2005/8/14,109.3399963
2005/8/15,109.3300018
2005/8/16,109.5999985
2005/8/17,109.8499985
2005/8/18,110.4599991
2005/8/19,110.4400024
2005/8/20,110.4400024
2005/8/21,110.4400024
2005/8/22,109.6900024
2005/8/23,109.8600006
2005/8/24,110.2300034
2005/8/25,110.0699997
2005/8/26,110.1600037
2005/8/27,110.1600037
2005/8/28,110.1600037
2005/8/29,110.6699982
2005/8/30,111.3499985
2005/8/31,110.6500015
2005/9/1,109.8899994
2005/9/2,109.8000031
2005/9/3,109.8000031
2005/9/4,109.8000031
2005/9/5,109.3199997
2005/9/6,109.6100006
2005/9/7,110.0299988
2005/9/8,110.5100021
2005/9/9,109.6200027
2005/9/10,109.6200027
2005/9/11,109.6200027
2005/9/12,110.25
2005/9/13,110.7099991
2005/9/14,110.4700012
2005/9/15,110.5999985
2005/9/16,111.3199997
2005/9/17,111.3199997
2005/9/18,111.3199997
2005/9/19,111.4700012
2005/9/20,111.9599991
2005/9/21,111.9599991
2005/9/22,111.6299973
2005/9/23,112.4800034
2005/9/24,112.4800034
2005/9/25,112.4800034
2005/9/26,112.3199997
2005/9/27,113.25
2005/9/28,112.9100037
2005/9/29,113.1999969
2005/9/30,113.4599991
2005/10/1,113.4599991
2005/10/2,113.4599991
2005/10/3,114.25
2005/10/4,114.3499985
2005/10/5,114.0999985
2005/10/6,113.3399963
2005/10/7,113.7799988
2005/10/8,113.7799988
2005/10/9,113.7799988
2005/10/10,114.2200012
2005/10/11,114.5500031
2005/10/12,114.3700027
2005/10/13,114.4800034
2005/10/14,114.0500031
2005/10/15,114.0500031
2005/10/16,114.0500031
2005/10/17,115.0999985
2005/10/18,115.7900009
2005/10/19,115.5199966
2005/10/20,115.3099976
2005/10/21,115.9000015
2005/10/22,115.9000015
2005/10/23,115.9000015
2005/10/24,115.4700012
2005/10/25,115.1100006
2005/10/26,115.9100037
2005/10/27,115.3600006
2005/10/28,115.5699997
2005/10/29,115.5699997
2005/10/30,115.5699997
2005/10/31,116.4400024
2005/11/1,116.7600021
2005/11/2,116.8000031
2005/11/3,117.2200012
2005/11/4,118.3099976
2005/11/5,118.3099976
2005/11/6,118.3099976
2005/11/7,117.6200027
2005/11/8,117.4000015
2005/11/9,117.7399979
2005/11/10,117.9599991
2005/11/11,118.0400009
2005/11/12,118.0400009
2005/11/13,118.0400009
2005/11/14,118.7900009
2005/11/15,118.8499985
2005/11/16,119.0999985
2005/11/17,118.8099976
2005/11/18,119.0899963
2005/11/19,119.0899963
2005/11/20,119.0899963
2005/11/21,119.0800018
2005/11/22,118.8600006
2005/11/23,118.7600021
2005/11/24,119.1100006
2005/11/25,119.6399994
2005/11/26,119.6399994
2005/11/27,119.6399994
2005/11/28,118.9000015
2005/11/29,119.75
2005/11/30,119.7200012
2005/12/1,120.4100037
2005/12/2,120.4499969
2005/12/3,120.4499969
2005/12/4,120.4499969
2005/12/5,120.8399963
2005/12/6,120.6800003
2005/12/7,121.0299988
2005/12/8,120.3899994
2005/12/9,120.6399994
2005/12/10,120.6399994
2005/12/11,120.6399994
2005/12/12,119.9000015
2005/12/13,120.0400009
2005/12/14,117.5500031
2005/12/15,116.3199997
2005/12/16,115.6399994
2005/12/17,115.6399994
2005/12/18,115.6399994
2005/12/19,116.0500031
2005/12/20,117.2399979
2005/12/21,117.4800034
2005/12/22,116.6699982
2005/12/23,116.3600006
2005/12/24,116.3600006
2005/12/25,116.3600006
2005/12/26,116.5999985
2005/12/27,117.3199997
2005/12/28,117.7200012
2005/12/29,117.8099976
2005/12/30,117.9800034
2005/12/31,117.9800034
2006/1/1,117.9800034
2006/1/2,117.8000031
2006/1/3,115.9800034
2006/1/4,116.2200012
2006/1/5,116
2006/1/6,114.3899994
2006/1/7,114.3899994
2006/1/8,114.3899994
2006/1/9,114.5400009
2006/1/10,114.4499969
2006/1/11,114.2799988
2006/1/12,114.6299973
2006/1/13,114.2200012
2006/1/14,114.2200012
2006/1/15,114.2200012
2006/1/16,115.1200027
2006/1/17,115.5849991
2006/1/18,115.2600021
2006/1/19,115.5
2006/1/20,115.2699966
2006/1/21,115.2699966
2006/1/22,115.2699966
2006/1/23,114.4700012
2006/1/24,115.0400009
2006/1/25,115.7699966
2006/1/26,116.2900009
2006/1/27,117.4000015
2006/1/28,117.4000015
2006/1/29,117.4000015
2006/1/30,117.6200027
2006/1/31,117.3099976
2006/2/1,117.9700012
2006/2/2,118.5149994
2006/2/3,118.8899994
2006/2/4,118.8899994
2006/2/5,118.8899994
2006/2/6,119.0699997
2006/2/7,117.7300034
2006/2/8,118.4899979
2006/2/9,118.7099991
2006/2/10,117.8300018
2006/2/11,117.8300018
2006/2/12,117.8300018
2006/2/13,117.5299988
2006/2/14,117.5999985
2006/2/15,117.9400024
2006/2/16,117.4599991
2006/2/17,118.1399994
2006/2/18,118.1399994
2006/2/19,118.1399994
2006/2/20,118.3600006
2006/2/21,118.7850037
2006/2/22,118.4100037
2006/2/23,117.0699997
2006/2/24,116.8399963
2006/2/25,116.8399963
2006/2/26,116.8399963
2006/2/27,116.2099991
2006/2/28,115.7900009
2006/3/1,116.0599976
2006/3/2,115.8399963
2006/3/3,116.4100037
2006/3/4,116.4100037
2006/3/5,116.4100037
2006/3/6,117.5899963
2006/3/7,117.7699966
2006/3/8,117.8199997
2006/3/9,118.1999969
2006/3/10,119
2006/3/11,119
2006/3/12,119
2006/3/13,118.6600037
2006/3/14,117.6800003
2006/3/15,117.5199966
2006/3/16,116.8799973
2006/3/17,115.9100037
2006/3/18,115.9100037
2006/3/19,115.9100037
2006/3/20,116.3700027
2006/3/21,117.2200012
2006/3/22,116.8700027
2006/3/23,117.8300018
2006/3/24,117.4499969
2006/3/25,117.4499969
2006/3/26,117.4499969
2006/3/27,116.7300034
2006/3/28,117.7600021
2006/3/29,117.7699966
2006/3/30,117.3099976
2006/3/31,117.7600021
2006/4/1,117.7600021
2006/4/2,117.7600021
2006/4/3,117.8000031
2006/4/4,117.4400024
2006/4/5,117.4400024
2006/4/6,117.7799988
2006/4/7,118.2399979
2006/4/8,118.2399979
2006/4/9,118.2399979
2006/4/10,118.4100037
2006/4/11,118.2099991
2006/4/12,118.4100037
2006/4/13,118.5400009
2006/4/14,118.6800003
2006/4/15,118.6800003
2006/4/16,118.6800003
2006/4/17,117.8099976
2006/4/18,116.8799973
2006/4/19,117.3600006
2006/4/20,117.4100037
2006/4/21,116.5800018
2006/4/22,116.5800018
2006/4/23,116.5800018
2006/4/24,114.5999985
2006/4/25,114.9100037
2006/4/26,114.7600021
2006/4/27,114.1800003
2006/4/28,113.8199997
2006/4/29,113.8199997
2006/4/30,113.8199997
2006/5/1,113.5500031
2006/5/2,113.3600006
2006/5/3,113.7900009
2006/5/4,113.5849991
2006/5/5,112.5599976
2006/5/6,112.5599976
2006/5/7,112.5599976
2006/5/8,111.6800003
2006/5/9,111.0100021
2006/5/10,110.8300018
2006/5/11,110.4199982
2006/5/12,109.9700012
2006/5/13,109.9700012
2006/5/14,109.9700012
2006/5/15,110.6999969
2006/5/16,109.7600021
2006/5/17,110.9100037
2006/5/18,110.9000015
2006/5/19,111.6600037
2006/5/20,111.6600037
2006/5/21,111.6600037
2006/5/22,111.4599991
2006/5/23,112.1399994
2006/5/24,112.7399979
2006/5/25,111.7600021
2006/5/26,112.6500015
2006/5/27,112.6500015
2006/5/28,112.6500015
2006/5/29,112.5599976
2006/5/30,112.1500015
2006/5/31,112.5299988
2006/6/1,112.4800034
2006/6/2,111.7300034
2006/6/3,111.7300034
2006/6/4,111.7300034
2006/6/5,112.3399963
2006/6/6,113.2149963
2006/6/7,113.4300003
2006/6/8,113.9349976
2006/6/9,113.9599991
2006/6/10,113.9599991
2006/6/11,113.9599991
2006/6/12,114.3799973
2006/6/13,115.2399979
2006/6/14,114.8600006
2006/6/15,114.7149963
2006/6/16,115.1399994
2006/6/17,115.1399994
2006/6/18,115.1399994
2006/6/19,115.3799973
2006/6/20,114.9000015
2006/6/21,114.8349991
2006/6/22,116.0800018
2006/6/23,116.5400009
2006/6/24,116.5400009
2006/6/25,116.5400009
2006/6/26,116.2200012
2006/6/27,116.3199997
2006/6/28,116.4000015
2006/6/29,115.1500015
2006/6/30,114.4899979
2006/7/1,114.4899979
2006/7/2,114.4899979
2006/7/3,114.75
2006/7/4,115.0950012
2006/7/5,115.5699997
2006/7/6,115.2600021
2006/7/7,113.9599991
2006/7/8,113.9599991
2006/7/9,113.9599991
2006/7/10,114.3000031
2006/7/11,114.3000031
2006/7/12,115.3099976
2006/7/13,115.3399963
2006/7/14,116.0800018
2006/7/15,116.0800018
2006/7/16,116.0800018
2006/7/17,117.0800018
2006/7/18,117.3300018
2006/7/19,116.8300018
2006/7/20,116.9599991
2006/7/21,116.1200027
2006/7/22,116.1200027
2006/7/23,116.1200027
2006/7/24,116.75
2006/7/25,117.1500015
2006/7/26,116.3499985
2006/7/27,115.75
2006/7/28,114.7399979
2006/7/29,114.7399979
2006/7/30,114.7399979
2006/7/31,114.5100021
2006/8/1,114.5599976
2006/8/2,114.5599976
2006/8/3,115.0400009
2006/8/4,114.4800034
2006/8/5,114.4800034
2006/8/6,114.4800034
2006/8/7,115.1100006
2006/8/8,115.6900024
2006/8/9,115.3600006
2006/8/10,115.1600037
2006/8/11,116.2799988
2006/8/12,116.2799988
2006/8/13,116.2799988
2006/8/14,116.5999985
2006/8/15,115.9400024
2006/8/16,115.875
2006/8/17,115.9000015
2006/8/18,115.7699966
2006/8/19,115.7699966
2006/8/20,115.7699966
2006/8/21,115.9700012
2006/8/22,116.4700012
2006/8/23,116.3899994
2006/8/24,116.4599991
2006/8/25,117.2600021
2006/8/26,117.2600021
2006/8/27,117.2600021
2006/8/28,117.1699982
2006/8/29,116.7050018
2006/8/30,117.0199966
2006/8/31,117.3600006
2006/9/1,117.0599976
2006/9/2,117.0599976
2006/9/3,117.0599976
2006/9/4,116.1699982
2006/9/5,116.1699982
2006/9/6,116.5599976
2006/9/7,116.4400024
2006/9/8,116.9499969
2006/9/9,116.9499969
2006/9/10,116.9499969
2006/9/11,117.5500031
2006/9/12,117.8199997
2006/9/13,117.4499969
2006/9/14,117.5699997
2006/9/15,117.4700012
2006/9/16,117.4700012
2006/9/17,117.4700012
2006/9/18,117.8899994
2006/9/19,117.5999985
2006/9/20,117.4599991
2006/9/21,116.3600006
2006/9/22,116.6999969
2006/9/23,116.6999969
2006/9/24,116.6999969
2006/9/25,116.4749985
2006/9/26,117.1399994
2006/9/27,117.4400024
2006/9/28,117.7300034
2006/9/29,117.9599991
2006/9/30,117.9599991
2006/10/1,117.9599991
2006/10/2,117.6600037
2006/10/3,118.0500031
2006/10/4,117.8199997
2006/10/5,117.8499985
2006/10/6,119.0100021
2006/10/7,119.0100021
2006/10/8,119.0100021
2006/10/9,118.9899979
2006/10/10,119.6699982
2006/10/11,119.7399979
2006/10/12,119.3799973
2006/10/13,119.5999985
2006/10/14,119.5999985
2006/10/15,119.5999985
2006/10/16,118.9599991
2006/10/17,118.5899963
2006/10/18,118.9199982
2006/10/19,118.2799988
2006/10/20,118.7200012
2006/10/21,118.7200012
2006/10/22,118.7200012
2006/10/23,119.3000031
2006/10/24,119.3399963
2006/10/25,118.9400024
2006/10/26,118.3799973
2006/10/27,117.5800018
2006/10/28,117.5800018
2006/10/29,117.5800018
2006/10/30,117.6100006
2006/10/31,116.7900009
2006/11/1,117.2200012
2006/11/2,117.0999985
2006/11/3,117.9800034
2006/11/4,117.9800034
2006/11/5,117.9800034
2006/11/6,118.1699982
2006/11/7,117.5899963
2006/11/8,117.8300018
2006/11/9,117.7900009
2006/11/10,117.5199966
2006/11/11,117.5199966
2006/11/12,117.5199966
2006/11/13,117.6299973
2006/11/14,117.6299973
2006/11/15,117.8799973
2006/11/16,118.2200012
2006/11/17,117.5400009
2006/11/18,117.5400009
2006/11/19,117.5400009
2006/11/20,118.0400009
2006/11/21,117.8600006
2006/11/22,116.7600021
2006/11/23,116.2799988
2006/11/24,115.8899994
2006/11/25,115.8899994
2006/11/26,115.8899994
2006/11/27,116.1100006
2006/11/28,116.0500031
2006/11/29,116.4300003
2006/11/30,115.6800003
2006/12/1,115.2300034
2006/12/2,115.2300034
2006/12/3,115.2300034
2006/12/4,115.3700027
2006/12/5,114.9499969
2006/12/6,115.3199997
2006/12/7,115.1399994
2006/12/8,116.2900009
2006/12/9,116.2900009
2006/12/10,116.2900009
2006/12/11,116.7600021
2006/12/12,116.6999969
2006/12/13,117.4000015
2006/12/14,117.7600021
2006/12/15,118.1500015
2006/12/16,118.1500015
2006/12/17,118.1500015
2006/12/18,118.0500031
2006/12/19,118.0100021
2006/12/20,118.3399963
2006/12/21,118.2900009
2006/12/22,118.9899979
2006/12/23,118.9899979
2006/12/24,118.9899979
2006/12/25,118.8399963
2006/12/26,119.1200027
2006/12/27,118.7699966
2006/12/28,118.8949966
2006/12/29,118.9800034
2006/12/30,118.9800034
2006/12/31,118.9800034
2007/1/1,118.8799973
2007/1/2,118.8300018
2007/1/3,119.3399963
2007/1/4,118.8300018
2007/1/5,118.6900024
2007/1/6,118.6900024
2007/1/7,118.6900024
2007/1/8,118.6900024
2007/1/9,119.3000031
2007/1/10,119.5100021
2007/1/11,120.3000031
2007/1/12,120.3000031
2007/1/13,120.3000031
2007/1/14,120.3000031
2007/1/15,120.4199982
2007/1/16,120.7900009
2007/1/17,120.6200027
2007/1/18,121.2600021
2007/1/19,121.2099991
2007/1/20,121.2099991
2007/1/21,121.2099991
2007/1/22,121.6200027
2007/1/23,121.6800003
2007/1/24,120.8799973
2007/1/25,121.6200027
2007/1/26,121.4100037
2007/1/27,121.4100037
2007/1/28,121.4100037
2007/1/29,121.7300034
2007/1/30,121.6800003
2007/1/31,120.7399979
2007/2/1,120.8000031
2007/2/2,121.1299973
2007/2/3,121.1299973
2007/2/4,121.1299973
2007/2/5,120.1900024
2007/2/6,120.0500031
2007/2/7,120.5849991
2007/2/8,121.1299973
2007/2/9,121.7099991
2007/2/10,121.7099991
2007/2/11,121.7099991
2007/2/12,121.7699966
2007/2/13,121.2699966
2007/2/14,120.3099976
2007/2/15,119.3899994
2007/2/16,119.4100037
2007/2/17,119.4100037
2007/2/18,119.4100037
2007/2/19,119.6900024
2007/2/20,120.0149994
2007/2/21,120.9400024
2007/2/22,121.4899979
2007/2/23,121.0899963
2007/2/24,121.0899963
2007/2/25,121.0899963
2007/2/26,120.6399994
2007/2/27,118.0899963
2007/2/28,118.7300034
2007/3/1,117.7200012
2007/3/2,117.1900024
2007/3/3,117.1900024
2007/3/4,117.1900024
2007/3/5,115.5899963
2007/3/6,116.7799988
2007/3/7,115.6900024
2007/3/8,117.1500015
2007/3/9,118.3199997
2007/3/10,118.3199997
2007/3/11,118.3199997
2007/3/12,117.5699997
2007/3/13,116.0199966
2007/3/14,117.2600021
2007/3/15,117.1500015
2007/3/16,116.7399979
2007/3/17,116.7399979
2007/3/18,116.7399979
2007/3/19,117.6100006
2007/3/20,117.25
2007/3/21,117.4100037
2007/3/22,118.0899963
2007/3/23,118.0500031
2007/3/24,118.0500031
2007/3/25,118.0500031
2007/3/26,118.1200027
2007/3/27,117.75
2007/3/28,116.8700027
2007/3/29,117.9800034
2007/3/30,117.8099976
2007/3/31,117.8099976
2007/4/1,117.8099976
2007/4/2,117.7600021
2007/4/3,118.8700027
2007/4/4,118.7699966
2007/4/5,118.6920013
2007/4/6,119.0699997
2007/4/7,119.0699997
2007/4/8,119.0699997
2007/4/9,119.2200012
2007/4/10,119.1200027
2007/4/11,119.2900009
2007/4/12,119
2007/4/13,119.2300034
2007/4/14,119.2300034
2007/4/15,119.2300034
2007/4/16,119.7600021
2007/4/17,118.9499969
2007/4/18,118.4499969
2007/4/19,118.25
2007/4/20,118.6600037
2007/4/21,118.6600037
2007/4/22,118.6600037
2007/4/23,118.5699997
2007/4/24,118.4800034
2007/4/25,118.6800003
2007/4/26,119.5299988
2007/4/27,119.4800034
2007/4/28,119.4800034
2007/4/29,119.4800034
2007/4/30,119.3600006
2007/5/1,119.8000031
2007/5/2,120.1600037
2007/5/3,120.3600006
2007/5/4,120.2699966
2007/5/5,120.2699966
2007/5/6,120.2699966
2007/5/7,120.0500031
2007/5/8,119.9899979
2007/5/9,120.1100006
2007/5/10,119.8399963
2007/5/11,120.1900024
2007/5/12,120.1900024
2007/5/13,120.1900024
2007/5/14,120.3199997
2007/5/15,120.2200012
2007/5/16,120.7200012
2007/5/17,121.2910004
2007/5/18,121.0599976
2007/5/19,121.0599976
2007/5/20,121.0599976
2007/5/21,121.4700012
2007/5/22,121.6399994
2007/5/23,121.5199966
2007/5/24,121.3580017
2007/5/25,121.7600021
2007/5/26,121.7600021
2007/5/27,121.7600021
2007/5/28,121.6999969
2007/5/29,121.5899963
2007/5/30,121.5899963
2007/5/31,121.75
2007/6/1,122.1299973
2007/6/2,122.1299973
2007/6/3,122.1299973
2007/6/4,121.7200012
2007/6/5,121.3399963
2007/6/6,121.0100021
2007/6/7,120.8799973
2007/6/8,121.7099991
2007/6/9,121.7099991
2007/6/10,121.7099991
2007/6/11,121.7600021
2007/6/12,121.6200027
2007/6/13,122.5699997
2007/6/14,122.9550018
2007/6/15,123.4000015
2007/6/16,123.4000015
2007/6/17,123.4000015
2007/6/18,123.6800003
2007/6/19,123.4199982
2007/6/20,123.4700012
2007/6/21,123.7399979
2007/6/22,123.6900024
2007/6/23,123.6900024
2007/6/24,123.6900024
2007/6/25,123.5800018
2007/6/26,123.0400009
2007/6/27,123.1500015
2007/6/28,123.1600037
2007/6/29,123.1600037
2007/6/30,123.1600037
2007/7/1,123.1600037
2007/7/2,122.2300034
2007/7/3,122.4700012
2007/7/4,122.6600037
2007/7/5,122.9499969
2007/7/6,123.3600006
2007/7/7,123.3600006
2007/7/8,123.3600006
2007/7/9,123.3700027
2007/7/10,121.2900009
2007/7/11,122.2699966
2007/7/12,122.4000015
2007/7/13,121.9000015
2007/7/14,121.9000015
2007/7/15,121.9000015
2007/7/16,121.8000031
2007/7/17,122
2007/7/18,121.9000015
2007/7/19,122.1090012
2007/7/20,121.2699966
2007/7/21,121.2699966
2007/7/22,121.2699966
2007/7/23,121.0500031
2007/7/24,120.1100006
2007/7/25,120.4599991
2007/7/26,118.4599991
2007/7/27,118.9599991
2007/7/28,118.9599991
2007/7/29,118.9599991
2007/7/30,119.1500015
2007/7/31,118.4199982
2007/8/1,118.9800034
2007/8/2,119.1399994
2007/8/3,118.0400009
2007/8/4,118.0400009
2007/8/5,118.0400009
2007/8/6,118.8199997
2007/8/7,118.8000031
2007/8/8,119.6900024
2007/8/9,118.2900009
2007/8/10,118.5100021
2007/8/11,118.5100021
2007/8/12,118.5100021
2007/8/13,118.2099991
2007/8/14,117.4199982
2007/8/15,116.3199997
2007/8/16,114.0599976
2007/8/17,114.25
2007/8/18,114.25
2007/8/19,114.25
2007/8/20,114.8399963
2007/8/21,114.1500015
2007/8/22,115.6200027
2007/8/23,116.0199966
2007/8/24,116.3799973
2007/8/25,116.3799973
2007/8/26,116.3799973
2007/8/27,115.5500031
2007/8/28,114.3399963
2007/8/29,115.8399963
2007/8/30,115.9400024
2007/8/31,115.7699966
2007/9/1,115.7699966
2007/9/2,115.7699966
2007/9/3,115.7799988
2007/9/4,116.2399979
2007/9/5,115.1200027
2007/9/6,115.3899994
2007/9/7,113.3899994
2007/9/8,113.3899994
2007/9/9,113.3899994
2007/9/10,113.3899994
2007/9/11,114.2600021
2007/9/12,114.1200027
2007/9/13,114.5899963
2007/9/14,115.2600021
2007/9/15,115.2600021
2007/9/16,115.2600021
2007/9/17,115.0299988
2007/9/18,115.9100037
2007/9/19,116.0100021
2007/9/20,114.6399994
2007/9/21,115.4800034
2007/9/22,115.4800034
2007/9/23,115.4800034
2007/9/24,114.8600006
2007/9/25,114.6600037
2007/9/26,115.4400024
2007/9/27,115.5500031
2007/9/28,114.7399979
2007/9/29,114.7399979
2007/9/30,114.7399979
2007/10/1,115.8000031
2007/10/2,115.7099991
2007/10/3,116.5599976
2007/10/4,116.4100037
2007/10/5,116.8799973
2007/10/6,116.8799973
2007/10/7,116.8799973
2007/10/8,117.3199997
2007/10/9,117.1900024
2007/10/10,117.1480026
2007/10/11,117.3700027
2007/10/12,117.5899963
2007/10/13,117.5899963
2007/10/14,117.5899963
2007/10/15,117.3199997
2007/10/16,116.9400024
2007/10/17,116.4899979
2007/10/18,115.4599991
2007/10/19,114.5599976
2007/10/20,114.5599976
2007/10/21,114.5599976
2007/10/22,114.4420013
2007/10/23,114.8600006
2007/10/24,114.1800003
2007/10/25,113.9629974
2007/10/26,114.2099991
2007/10/27,114.2099991
2007/10/28,114.2099991
2007/10/29,114.6999969
2007/10/30,114.7799988
2007/10/31,115.3899994
2007/11/1,114.4599991
2007/11/2,114.7200012
2007/11/3,114.7200012
2007/11/4,114.7200012
2007/11/5,114.3000031
2007/11/6,114.7099991
2007/11/7,112.6100006
2007/11/8,112.7099991
2007/11/9,110.6600037
2007/11/10,110.6600037
2007/11/11,110.6600037
2007/11/12,109.6200027
2007/11/13,111.1399994
2007/11/14,111.2699966
2007/11/15,110.4800034
2007/11/16,110.9800034
2007/11/17,110.9800034
2007/11/18,110.9800034
2007/11/19,109.7699966
2007/11/20,109.7200012
2007/11/21,108.3499985
2007/11/22,108.4899979
2007/11/23,108.1200027
2007/11/24,108.1200027
2007/11/25,108.1200027
2007/11/26,108.1200027
2007/11/27,108.8000031
2007/11/28,109.9599991
2007/11/29,109.7600021
2007/11/30,111.7600021
2007/12/1,111.7600021
2007/12/2,111.7600021
2007/12/3,110.4400024
2007/12/4,109.8600006
2007/12/5,110.9100037
2007/12/6,111.3600006
2007/12/7,111.6600037
2007/12/8,111.6600037
2007/12/9,111.6600037
2007/12/10,111.7900009
2007/12/11,110.8799973
2007/12/12,111.9899979
2007/12/13,112.3099976
2007/12/14,113.2600021
2007/12/15,113.2600021
2007/12/16,113.2600021
2007/12/17,112.8499985
2007/12/18,112.8499985
2007/12/19,113.2900009
2007/12/20,113.1600037
2007/12/21,114.0500031
2007/12/22,114.0500031
2007/12/23,114.0500031
2007/12/24,114.1600037
2007/12/25,114.1999969
2007/12/26,114.2200012
2007/12/27,113.8399963
2007/12/28,112.3700027
2007/12/29,112.3700027
2007/12/30,112.3700027
2007/12/31,111.6500015
2008/1/1,111.8199997
2008/1/2,109.2630005
2008/1/3,109.5100021
2008/1/4,108.6299973
2008/1/5,108.6299973
2008/1/6,108.6299973
2008/1/7,109.2300034
2008/1/8,107.6600037
2008/1/9,109.8799973
2008/1/10,109.6200027
2008/1/11,108.9599991
2008/1/12,108.9599991
2008/1/13,108.9599991
2008/1/14,108.25
2008/1/15,106.7699966
2008/1/16,107.3450012
2008/1/17,106.4000015
2008/1/18,106.8300018
2008/1/19,106.8300018
2008/1/20,106.8300018
2008/1/21,105.6200027
2008/1/22,107.0599976
2008/1/23,106.75
2008/1/24,107.1500015
2008/1/25,106.8000031
2008/1/26,106.8000031
2008/1/27,106.8000031
2008/1/28,106.9700012
2008/1/29,107.0400009
2008/1/30,106.2300034
2008/1/31,106.2509995
2008/2/1,106.5100021
2008/2/2,106.5100021
2008/2/3,106.5100021
2008/2/4,106.6900024
2008/2/5,106.5309982
2008/2/6,106.3799973
2008/2/7,107.3099976
2008/2/8,107.7399979
2008/2/9,107.7399979
2008/2/10,107.7399979
2008/2/11,106.8300018
2008/2/12,107.3399963
2008/2/13,108.2819977
2008/2/14,107.7900009
2008/2/15,107.8000031
2008/2/16,107.8000031
2008/2/17,107.8000031
2008/2/18,108.1600037
2008/2/19,107.9199982
2008/2/20,108.0500031
2008/2/21,107.4100037
2008/2/22,107.1900024
2008/2/23,107.1900024
2008/2/24,107.1900024
2008/2/25,108.0299988
2008/2/26,107.3499985
2008/2/27,106.3700027
2008/2/28,104.9499969
2008/2/29,103.7699966
2008/3/1,103.7699966
2008/3/2,103.7699966
2008/3/3,103.5199966
2008/3/4,103.3700027
2008/3/5,103.9100037
2008/3/6,102.5800018
2008/3/7,102.6999969
2008/3/8,102.6999969
2008/3/9,102.6999969
2008/3/10,101.4199982
2008/3/11,103.2699966
2008/3/12,101.4800034
2008/3/13,100.6800003
2008/3/14,99.02999878
2008/3/15,99.02999878
2008/3/16,99.02999878
2008/3/17,97.09999847
2008/3/18,99.81999969
2008/3/19,98.62000275
2008/3/20,99.37999725
2008/3/21,99.56999969
2008/3/22,99.56999969
2008/3/23,99.56999969
2008/3/24,100.7399979
2008/3/25,100.0800018
2008/3/26,99.16000366
2008/3/27,99.52999878
2008/3/28,99.12000275
2008/3/29,99.12000275
2008/3/30,99.12000275
2008/3/31,99.84999847
2008/4/1,99.84999847
2008/4/2,102.2900009
2008/4/3,102.2900009
2008/4/4,101.5199966
2008/4/5,101.5199966
2008/4/6,101.5199966
2008/4/7,102.4400024
2008/4/8,108.1800003
2008/4/9,101.8219986
2008/4/10,102.0599976
2008/4/11,100.9499969
2008/4/12,100.9499969
2008/4/13,100.9499969
2008/4/14,101.1600037
2008/4/15,101.8199997
2008/4/16,101.8000031
2008/4/17,102.4800034
2008/4/18,103.75
2008/4/19,103.75
2008/4/20,103.75
2008/4/21,103.3030014
2008/4/22,102.8700027
2008/4/23,103.4520035
2008/4/24,104.2470016
2008/4/25,104.4000015
2008/4/26,104.4000015
2008/4/27,104.4000015
2008/4/28,104.2099991
2008/4/29,104
2008/4/30,103.9430008
2008/5/1,103.9430008
2008/5/2,105.3000031
2008/5/3,105.3000031
2008/5/4,105.3000031
2008/5/5,104.9100037
2008/5/6,104.6839981
2008/5/7,104.7789993
2008/5/8,108.2699966
2008/5/9,102.8000031
2008/5/10,102.8000031
2008/5/11,102.8000031
2008/5/12,103.7699966
2008/5/13,104.6200027
2008/5/14,105.0500031
2008/5/15,104.8000031
2008/5/16,104.0199966
2008/5/17,104.0199966
2008/5/18,104.0199966
2008/5/19,104.3909988
2008/5/20,103.5699997
2008/5/21,103.0400009
2008/5/22,104.0400009
2008/5/23,103.3000031
2008/5/24,103.3000031
2008/5/25,103.3000031
2008/5/26,103.3399963
2008/5/27,104.1910019
2008/5/28,104.6500015
2008/5/29,105.4899979
2008/5/30,105.5
2008/5/31,105.5
2008/6/1,105.5
2008/6/2,104.4800034
2008/6/3,105.1299973
2008/6/4,105.2399979
2008/6/5,105.9199982
2008/6/6,104.9000015
2008/6/7,104.9000015
2008/6/8,104.9000015
2008/6/9,106.3199997
2008/6/10,107.3399963
2008/6/11,106.9599991
2008/6/12,107.8000031
2008/6/13,108.1500015
2008/6/14,108.1500015
2008/6/15,108.1500015
2008/6/16,108.1399994
2008/6/17,107.9700012
2008/6/18,107.8199997
2008/6/19,107.9199982
2008/6/20,107.3099976
2008/6/21,107.3099976
2008/6/22,107.3099976
2008/6/23,107.8300018
2008/6/24,107.7799988
2008/6/25,107.8000031
2008/6/26,106.9469986
2008/6/27,106.1200027
2008/6/28,106.1200027
2008/6/29,106.1200027
2008/6/30,106.1200027
2008/7/1,106.1200027
2008/7/2,105.9400024
2008/7/3,106.7399979
2008/7/4,106.8099976
2008/7/5,106.8099976
2008/7/6,106.8099976
2008/7/7,107.1600037
2008/7/8,109.4100037
2008/7/9,106.8710022
2008/7/10,107.0660019
2008/7/11,106.2099991
2008/7/12,106.2099991
2008/7/13,106.2099991
2008/7/14,106.2200012
2008/7/15,104.8099976
2008/7/16,105.1800003
2008/7/17,106.2279968
2008/7/18,106.9499969
2008/7/19,106.9499969
2008/7/20,106.9499969
2008/7/21,106.4960022
2008/7/22,107.2300034
2008/7/23,107.8899994
2008/7/24,107.3799973
2008/7/25,107.8499985
2008/7/26,107.8499985
2008/7/27,107.8499985
2008/7/28,107.4599991
2008/7/29,108.0800018
2008/7/30,108.1500015
2008/7/31,107.8099976
2008/8/1,107.8099976
2008/8/2,107.8099976
2008/8/3,107.8099976
2008/8/4,107.8099976
2008/8/5,107.8099976
2008/8/6,107.8099976
2008/8/7,107.8099976
2008/8/8,110.1699982
2008/8/9,110.1699982
2008/8/10,110.1699982
2008/8/11,110.1699982
2008/8/12,110.1699982
2008/8/13,110.1699982
2008/8/14,110.1699982
2008/8/15,110.1699982
2008/8/16,110.1699982
2008/8/17,110.1699982
2008/8/18,110.1699982
2008/8/19,110.1699982
2008/8/20,110.1699982
2008/8/21,110.1699982
2008/8/22,110.1699982
2008/8/23,110.1699982
2008/8/24,110.1699982
2008/8/25,110.1699982
2008/8/26,109.6100006
2008/8/27,109.5400009
2008/8/28,109.4199982
2008/8/29,108.7900009
2008/8/30,108.7900009
2008/8/31,108.7900009
2008/9/1,108.0559998
2008/9/2,108.6500015
2008/9/3,108.3499985
2008/9/4,106.7300034
2008/9/5,107.6800003
2008/9/6,107.6800003
2008/9/7,107.6800003
2008/9/8,108.1100006
2008/9/9,107.2799988
2008/9/10,107.7200012
2008/9/11,106.9800034
2008/9/12,107.9400024
2008/9/13,107.9400024
2008/9/14,107.9400024
2008/9/15,104.2509995
2008/9/16,105.5199966
2008/9/17,104.3190002
2008/9/18,105.5
2008/9/19,107.4199982
2008/9/20,107.4199982
2008/9/21,107.4199982
2008/9/22,105.5599976
2008/9/23,105.7190018
2008/9/24,106.0800018
2008/9/25,106.3199997
2008/9/26,106.0500031
2008/9/27,106.0500031
2008/9/28,106.0500031
2008/9/29,103.8430023
2008/9/30,106.0699997
2008/10/1,105.9400024
2008/10/2,105.2099991
2008/10/3,105.3000031
2008/10/4,105.3000031
2008/10/5,105.3000031
2008/10/6,101.8799973
2008/10/7,101.4599991
2008/10/8,110.0899963
2008/10/9,99.51000214
2008/10/10,101.0999985
2008/10/11,101.0999985
2008/10/12,101.0999985
2008/10/13,102.2799988
2008/10/14,101.9599991
2008/10/15,99.72000122
2008/10/16,101.2399979
2008/10/17,101.6500015
2008/10/18,101.6500015
2008/10/19,101.6500015
2008/10/20,101.9700012
2008/10/21,100.3270035
2008/10/22,97.86000061
2008/10/23,97.47799683
2008/10/24,94.26999664
2008/10/25,94.26999664
2008/10/26,94.26999664
2008/10/27,93.19400024
2008/10/28,98.19999695
2008/10/29,97.51999664
2008/10/30,98.79000092
2008/10/31,98.44000244
2008/11/1,98.44000244
2008/11/2,98.44000244
2008/11/3,99
2008/11/4,99.73300171
2008/11/5,98.22000122
2008/11/6,97.27600098
2008/11/7,98.08999634
2008/11/8,98.08999634
2008/11/9,98.08999634
2008/11/10,97.97000122
2008/11/11,97.29100037
2008/11/12,94.80000305
2008/11/13,97.56999969
2008/11/14,97.01999664
2008/11/15,97.01999664
2008/11/16,97.01999664
2008/11/17,96.41000366
2008/11/18,96.7460022
2008/11/19,96.00299835
2008/11/20,94.05000305
2008/11/21,95.91000366
2008/11/22,95.91000366
2008/11/23,95.91000366
2008/11/24,96.87000275
2008/11/25,95.4469986
2008/11/26,95.60700226
2008/11/27,95.42900085
2008/11/28,95.5
2008/11/29,95.5
2008/11/30,95.5
2008/12/1,93.13999939
2008/12/2,93.15100098
2008/12/3,93.13999939
2008/12/4,92.44999695
2008/12/5,92.81999969
2008/12/6,92.81999969
2008/12/7,92.81999969
2008/12/8,109.2399979
2008/12/9,92.3030014
2008/12/10,92.83999634
2008/12/11,91.52999878
2008/12/12,91.06999969
2008/12/13,91.06999969
2008/12/14,91.06999969
2008/12/15,90.5
2008/12/16,88.68000031
2008/12/17,87.31999969
2008/12/18,89.50499725
2008/12/19,89.26999664
2008/12/20,89.26999664
2008/12/21,89.26999664
2008/12/22,90.16000366
2008/12/23,90.83999634
2008/12/24,90.5
2008/12/25,90.51399994
2008/12/26,90.76999664
2008/12/27,90.76999664
2008/12/28,90.76999664
2008/12/29,90.65200043
2008/12/30,90.29000092
2008/12/31,90.65000153
2009/1/1,90.66699982
2009/1/2,91.79000092
2009/1/3,91.79000092
2009/1/4,91.79000092
2009/1/5,93.21700287
2009/1/6,93.37999725
2009/1/7,92.68000031
2009/1/8,91.36000061
2009/1/9,90.37000275
2009/1/10,90.37000275
2009/1/11,90.37000275
2009/1/12,89.43000031
2009/1/13,89.34100342
2009/1/14,89.16000366
2009/1/15,89.94000244
2009/1/16,90.90000153
2009/1/17,90.90000153
2009/1/18,90.90000153
2009/1/19,90.62000275
2009/1/20,89.80999756
2009/1/21,89.05000305
2009/1/22,89.12599945
2009/1/23,88.76000214
2009/1/24,88.76000214
2009/1/25,88.76000214
2009/1/26,89.23999786
2009/1/27,89.33000183
2009/1/28,90.46199799
2009/1/29,89.91000366
2009/1/30,89.90000153
2009/1/31,89.90000153
2009/2/1,89.90000153
2009/2/2,89.36000061
2009/2/3,89.37000275
2009/2/4,89.41999817
2009/2/5,91.15000153
2009/2/6,91.91999817
2009/2/7,91.91999817
2009/2/8,91.91999817
2009/2/9,91.30999756
2009/2/10,90.44400024
2009/2/11,90.29000092
2009/2/12,90.66999817
2009/2/13,91.86000061
2009/2/14,91.86000061
2009/2/15,91.86000061
2009/2/16,91.70999908
2009/2/17,92.27600098
2009/2/18,93.62999725
2009/2/19,94.01100159
2009/2/20,93.33999634
2009/2/21,93.33999634
2009/2/22,93.33999634
2009/2/23,94.40000153
2009/2/24,96.55000305
2009/2/25,97.38999939
2009/2/26,98.33399963
2009/2/27,97.62000275
2009/2/28,97.62000275
2009/3/1,97.62000275
2009/3/2,97.05400085
2009/3/3,98.53500366
2009/3/4,98.99199677
2009/3/5,98.12999725
2009/3/6,98.33999634
2009/3/7,98.33999634
2009/3/8,98.33999634
2009/3/9,98.91999817
2009/3/10,98.77999878
2009/3/11,97.25
2009/3/12,97.31999969
2009/3/13,97.94000244
2009/3/14,97.94000244
2009/3/15,97.94000244
2009/3/16,98.19999695
2009/3/17,98.78099823
2009/3/18,96.40100098
2009/3/19,94.44999695
2009/3/20,95.93000031
2009/3/21,95.93000031
2009/3/22,95.93000031
2009/3/23,97.09200287
2009/3/24,98.33999634
2009/3/25,97.73000336
2009/3/26,98.69999695
2009/3/27,97.84999847
2009/3/28,97.84999847
2009/3/29,97.84999847
2009/3/30,97.43199921
2009/3/31,98.97000122
2009/4/1,98.66000366
2009/4/2,99.55999756
2009/4/3,100.3000031
2009/4/4,100.3000031
2009/4/5,100.3000031
2009/4/6,100.7600021
2009/4/7,100.6900024
2009/4/8,99.73999786
2009/4/9,100.4400024
2009/4/10,100.2600021
2009/4/11,100.2600021
2009/4/12,100.2600021
2009/4/13,100.0199966
2009/4/14,98.97000122
2009/4/15,99.23000336
2009/4/16,99.33000183
2009/4/17,99.08000183
2009/4/18,99.08000183
2009/4/19,99.08000183
2009/4/20,98.06600189
2009/4/21,98.63999939
2009/4/22,98.12999725
2009/4/23,97.91999817
2009/4/24,97.20999908
2009/4/25,97.20999908
2009/4/26,97.20999908
2009/4/27,96.52999878
2009/4/28,96.52999878
2009/4/29,97.47000122
2009/4/30,98.69000244
2009/5/1,99.19000244
2009/5/2,99.19000244
2009/5/3,99.19000244
2009/5/4,98.83000183
2009/5/5,98.91999817
2009/5/6,98.41000366
2009/5/7,99.12799835
2009/5/8,98.44999695
2009/5/9,98.44999695
2009/5/10,98.44999695
2009/5/11,97.5
2009/5/12,96.45999908
2009/5/13,95.37000275
2009/5/14,96
2009/5/15,95.11000061
2009/5/16,95.11000061
2009/5/17,95.11000061
2009/5/18,96.3730011
2009/5/19,96.11699677
2009/5/20,94.91100311
2009/5/21,94.12999725
2009/5/22,94.73999786
2009/5/23,94.73999786
2009/5/24,94.73999786
2009/5/25,94.81999969
2009/5/26,95.05000305
2009/5/27,95.37999725
2009/5/28,96.79799652
2009/5/29,95.43000031
2009/5/30,95.43000031
2009/5/31,95.43000031
2009/6/1,96.52200317
2009/6/2,95.60099792
2009/6/3,96.06999969
2009/6/4,96.64299774
2009/6/5,98.80999756
2009/6/6,98.80999756
2009/6/7,98.80999756
2009/6/8,98.45700073
2009/6/9,97.47699738
2009/6/10,98.14900208
2009/6/11,97.62999725
2009/6/12,98.37000275
2009/6/13,98.37000275
2009/6/14,98.37000275
2009/6/15,97.81900024
2009/6/16,96.5
2009/6/17,95.73999786
2009/6/18,96.56999969
2009/6/19,96.76000214
2009/6/20,96.76000214
2009/6/21,96.76000214
2009/6/22,95.84999847
2009/6/23,95.1190033
2009/6/24,95.84799957
2009/6/25,95.94300079
2009/6/26,95.20999908
2009/6/27,95.20999908
2009/6/28,95.20999908
2009/6/29,96.09200287
2009/6/30,96.33100128
2009/7/1,96.62000275
2009/7/2,95.95200348
2009/7/3,96.13999939
2009/7/4,96.13999939
2009/7/5,96.13999939
2009/7/6,95.16999817
2009/7/7,94.76899719
2009/7/8,92.77200317
2009/7/9,93.04000092
2009/7/10,92.52999878
2009/7/11,92.52999878
2009/7/12,92.52999878
2009/7/13,93.02200317
2009/7/14,93.42099762
2009/7/15,94.17700195
2009/7/16,93.77600098
2009/7/17,94.20999908
2009/7/18,94.20999908
2009/7/19,94.20999908
2009/7/20,94.13999939
2009/7/21,93.53299713
2009/7/22,93.56900024
2009/7/23,94.93000031
2009/7/24,94.87000275
2009/7/25,94.87000275
2009/7/26,94.87000275
2009/7/27,95.16000366
2009/7/28,94.37999725
2009/7/29,95.09999847
2009/7/30,95.55999756
2009/7/31,94.63999939
2009/8/1,94.63999939
2009/8/2,94.63999939
2009/8/3,95.16699982
2009/8/4,95.29000092
2009/8/5,94.79599762
2009/8/6,95.48400116
2009/8/7,97.43000031
2009/8/8,97.43000031
2009/8/9,97.43000031
2009/8/10,97.01000214
2009/8/11,95.91999817
2009/8/12,96.15699768
2009/8/13,95.26999664
2009/8/14,94.86000061
2009/8/15,94.86000061
2009/8/16,94.86000061
2009/8/17,94.43000031
2009/8/18,94.83999634
2009/8/19,94.11000061
2009/8/20,94.25700378
2009/8/21,94.37000275
2009/8/22,94.37000275
2009/8/23,94.37000275
2009/8/24,94.38999939
2009/8/25,93.90000153
2009/8/26,94.08000183
2009/8/27,93.62999725
2009/8/28,93.55999756
2009/8/29,93.55999756
2009/8/30,93.55999756
2009/8/31,92.87000275
2009/9/1,92.70700073
2009/9/2,92.20899963
2009/9/3,92.68699646
2009/9/4,92.97000122
2009/9/5,92.97000122
2009/9/6,92.97000122
2009/9/7,92.91999817
2009/9/8,92.30999756
2009/9/9,92.12999725
2009/9/10,91.68699646
2009/9/11,90.66000366
2009/9/12,90.66000366
2009/9/13,90.66000366
2009/9/14,90.87000275
2009/9/15,90.89800262
2009/9/16,91.01999664
2009/9/17,91.20600128
2009/9/18,91.26999664
2009/9/19,91.26999664
2009/9/20,91.26999664
2009/9/21,92.02600098
2009/9/22,90.70999908
2009/9/23,91.32700348
2009/9/24,90.82299805
2009/9/25,89.80999756
2009/9/26,89.80999756
2009/9/27,89.80999756
2009/9/28,89.86199951
2009/9/29,90.22100067
2009/9/30,89.87000275
2009/10/1,89.54699707
2009/10/2,89.61000061
2009/10/3,89.61000061
2009/10/4,89.61000061
2009/10/5,89.62000275
2009/10/6,88.80000305
2009/10/7,88.53800201
2009/10/8,88.76899719
2009/10/9,89.73999786
2009/10/10,89.73999786
2009/10/11,89.73999786
2009/10/12,89.70999908
2009/10/13,89.81999969
2009/10/14,89.41000366
2009/10/15,90.82700348
2009/10/16,90.91000366
2009/10/17,90.91000366
2009/10/18,90.91000366
2009/10/19,90.77300262
2009/10/20,90.79799652
2009/10/21,90.87999725
2009/10/22,91.39600372
2009/10/23,92.05000305
2009/10/24,92.05000305
2009/10/25,92.05000305
2009/10/26,92.19999695
2009/10/27,91.62400055
2009/10/28,90.56999969
2009/10/29,91.48999786
2009/10/30,90.08999634
2009/10/31,90.08999634
2009/11/1,90.08999634
2009/11/2,90.38999939
2009/11/3,90.38999939
2009/11/4,90.69799805
2009/11/5,90.76999664
2009/11/6,89.87999725
2009/11/7,89.87999725
2009/11/8,89.87999725
2009/11/9,89.82900238
2009/11/10,89.70999908
2009/11/11,89.91000366
2009/11/12,90.27999878
2009/11/13,89.66000366
2009/11/14,89.66000366
2009/11/15,89.66000366
2009/11/16,89.01000214
2009/11/17,89.23000336
2009/11/18,89.39800262
2009/11/19,88.90000153
2009/11/20,88.83000183
2009/11/21,88.83000183
2009/11/22,88.83000183
2009/11/23,88.90000153
2009/11/24,88.59300232
2009/11/25,87.36000061
2009/11/26,85.13999939
2009/11/27,86.48000336
2009/11/28,86.48000336
2009/11/29,86.48000336
2009/11/30,86.25
2009/12/1,86.65000153
2009/12/2,87.55999756
2009/12/3,88.25900269
2009/12/4,90.51999664
2009/12/5,90.51999664
2009/12/6,90.51999664
2009/12/7,89.29000092
2009/12/8,88.37999725
2009/12/9,88.08999634
2009/12/10,88.23000336
2009/12/11,89.08999634
2009/12/12,89.08999634
2009/12/13,89.08999634
2009/12/14,88.69000244
2009/12/15,89.51100159
2009/12/16,89.84999847
2009/12/17,89.63999939
2009/12/18,90.44000244
2009/12/19,90.44000244
2009/12/20,90.44000244
2009/12/21,91.05699921
2009/12/22,91.80500031
2009/12/23,91.63999939
2009/12/24,91.44400024
2009/12/25,91.11000061
2009/12/26,91.11000061
2009/12/27,91.11000061
2009/12/28,91.69000244
2009/12/29,91.97000122
2009/12/30,92.41999817
2009/12/31,92.91000366
2010/1/1,92.91999817
2010/1/2,92.91999817
2010/1/3,92.91999817
2010/1/4,92.49500275
2010/1/5,91.58499908
2010/1/6,92.35600281
2010/1/7,93.38999939
2010/1/8,92.66000366
2010/1/9,92.66000366
2010/1/10,92.66000366
2010/1/11,92.09200287
2010/1/12,91.08000183
2010/1/13,91.43299866
2010/1/14,91.26699829
2010/1/15,90.75
2010/1/16,90.75
2010/1/17,90.75
2010/1/18,90.70500183
2010/1/19,91.1989975
2010/1/20,91.19200134
2010/1/21,90.39299774
2010/1/22,89.80999756
2010/1/23,89.80999756
2010/1/24,89.80999756
2010/1/25,90.41500092
2010/1/26,89.62999725
2010/1/27,89.94999695
2010/1/28,89.77799988
2010/1/29,90.26999664
2010/1/30,90.26999664
2010/1/31,90.26999664
2010/2/1,90.76000214
2010/2/2,90.4280014
2010/2/3,90.83999634
2010/2/4,89.41000366
2010/2/5,89.22000122
2010/2/6,89.22000122
2010/2/7,89.22000122
2010/2/8,89.22000122
2010/2/9,89.76799774
2010/2/10,89.93000031
2010/2/11,89.80999756
2010/2/12,89.94999695
2010/2/13,89.94999695
2010/2/14,89.94999695
2010/2/15,90.05000305
2010/2/16,90.2440033
2010/2/17,91.05000305
2010/2/18,91.97699738
2010/2/19,91.54000092
2010/2/20,91.54000092
2010/2/21,91.54000092
2010/2/22,91.23500061
2010/2/23,90.16000366
2010/2/24,90.27899933
2010/2/25,89.26999664
2010/2/26,88.92099762
2010/2/27,88.92099762
2010/2/28,88.92099762
2010/3/1,89.15000153
2010/3/2,88.73999786
2010/3/3,88.56999969
2010/3/4,89.16000366
2010/3/5,90.22000122
2010/3/6,90.22000122
2010/3/7,90.22000122
2010/3/8,90.28600311
2010/3/9,89.98899841
2010/3/10,90.47000122
2010/3/11,90.64800262
2010/3/12,90.54000092
2010/3/13,90.54000092
2010/3/14,90.54000092
2010/3/15,90.31999969
2010/3/16,90.29000092
2010/3/17,90.40299988
2010/3/18,90.48000336
2010/3/19,90.51999664
2010/3/20,90.51999664
2010/3/21,90.51999664
2010/3/22,90.33999634
2010/3/23,90.36599731
2010/3/24,92.01399994
2010/3/25,92.51300049
2010/3/26,92.50700378
2010/3/27,92.50700378
2010/3/28,92.50700378
2010/3/29,92.48999786
2010/3/30,92.81999969
2010/3/31,93.51999664
2010/4/1,93.84999847
2010/4/2,94.52999878
2010/4/3,94.52999878
2010/4/4,94.52999878
2010/4/5,94.33000183
2010/4/6,93.79399872
2010/4/7,93.30899811
2010/4/8,93.41999817
2010/4/9,93.16000366
2010/4/10,93.16000366
2010/4/11,93.16000366
2010/4/12,93.18299866
2010/4/13,93.18000031
2010/4/14,93.31800079
2010/4/15,93.04000092
2010/4/16,92.15000153
2010/4/17,92.15000153
2010/4/18,92.15000153
2010/4/19,92.45999908
2010/4/20,93.17099762
2010/4/21,93.05400085
2010/4/22,93.39800262
2010/4/23,93.94999695
2010/4/24,93.94999695
2010/4/25,93.94999695
2010/4/26,93.90000153
2010/4/27,93.14399719
2010/4/28,93.95999908
2010/4/29,94.01300049
2010/4/30,93.83000183
2010/5/1,93.83000183
2010/5/2,93.83000183
2010/5/3,94.69200134
2010/5/4,94.70999908
2010/5/5,93.78099823
2010/5/6,90.83000183
2010/5/7,91.58000183
2010/5/8,91.58000183
2010/5/9,91.58000183
2010/5/10,93.18000031
2010/5/11,92.48999786
2010/5/12,93.16899872
2010/5/13,92.77700043
2010/5/14,92.45999908
2010/5/15,92.45999908
2010/5/16,92.45999908
2010/5/17,92.55000305
2010/5/18,91.90100098
2010/5/19,91.54000092
2010/5/20,89.37000275
2010/5/21,89.98600006
2010/5/22,89.98600006
2010/5/23,89.98600006
2010/5/24,90.19000244
2010/5/25,90.33200073
2010/5/26,89.97000122
2010/5/27,90.8789978
2010/5/28,91.05200195
2010/5/29,91.05200195
2010/5/30,91.05200195
2010/5/31,91.19000244
2010/6/1,91.09999847
2010/6/2,92.19000244
2010/6/3,92.6230011
2010/6/4,91.87999725
2010/6/5,91.87999725
2010/6/6,91.87999725
2010/6/7,91.51599884
2010/6/8,91.41000366
2010/6/9,91.36499786
2010/6/10,91.30899811
2010/6/11,91.62000275
2010/6/12,91.62000275
2010/6/13,91.62000275
2010/6/14,91.62000275
2010/6/15,91.47399902
2010/6/16,91.39600372
2010/6/17,90.83999634
2010/6/18,90.69999695
2010/6/19,90.69999695
2010/6/20,90.69999695
2010/6/21,90.99500275
2010/6/22,90.54000092
2010/6/23,89.91000366
2010/6/24,89.62999725
2010/6/25,89.15000153
2010/6/26,89.15000153
2010/6/27,89.15000153
2010/6/28,89.31300354
2010/6/29,88.64900208
2010/6/30,88.43000031
2010/7/1,87.59999847
2010/7/2,87.79000092
2010/7/3,87.79000092
2010/7/4,87.79000092
2010/7/5,87.625
2010/7/6,87.48000336
2010/7/7,87.68000031
2010/7/8,88.41000366
2010/7/9,88.56999969
2010/7/10,88.56999969
2010/7/11,88.56999969
2010/7/12,88.63899994
2010/7/13,88.79299927
2010/7/14,88.26999664
2010/7/15,87.33999634
2010/7/16,86.55999756
2010/7/17,86.55999756
2010/7/18,86.55999756
2010/7/19,86.76000214
2010/7/20,87.24199677
2010/7/21,86.86100006
2010/7/22,87.12400055
2010/7/23,87.51999664
2010/7/24,87.51999664
2010/7/25,87.51999664
2010/7/26,86.9980011
2010/7/27,87.81600189
2010/7/28,87.45200348
2010/7/29,86.68299866
2010/7/30,86.44000244
2010/7/31,86.44000244
2010/8/1,86.44000244
2010/8/2,86.59799957
2010/8/3,85.77999878
2010/8/4,85.77999878
2010/8/5,86.30000305
2010/8/6,85.83300018
2010/8/7,85.83300018
2010/8/8,85.83300018
2010/8/9,85.34400177
2010/8/10,85.89700317
2010/8/11,85.36000061
2010/8/12,85.17199707
2010/8/13,86.0739975
2010/8/14,86.0739975
2010/8/15,86.0739975
2010/8/16,86.13999939
2010/8/17,85.30699921
2010/8/18,85.59500122
2010/8/19,85.44000244
2010/8/20,85.34400177
2010/8/21,85.34400177
2010/8/22,85.34400177
2010/8/23,85.55999756
2010/8/24,85.14099884
2010/8/25,84.1780014
2010/8/26,84.68399811
2010/8/27,84.34600067
2010/8/28,84.34600067
2010/8/29,84.34600067
2010/8/30,85.50099945
2010/8/31,84.53199768
2010/9/1,84.13999939
2010/9/2,84.40699768
2010/9/3,84.25
2010/9/4,84.25
2010/9/5,84.25
2010/9/6,84.43000031
2010/9/7,84.12000275
2010/9/8,83.73200226
2010/9/9,83.94999695
2010/9/10,83.93000031
2010/9/11,83.93000031
2010/9/12,83.93000031
2010/9/13,84.30699921
2010/9/14,83.68099976
2010/9/15,83.04799652
2010/9/16,85.69999695
2010/9/17,85.84799957
2010/9/18,85.84799957
2010/9/19,85.84799957
2010/9/20,85.69000244
2010/9/21,85.70200348
2010/9/22,85.11299896
2010/9/23,84.48000336
2010/9/24,84.51000214
2010/9/25,84.51000214
2010/9/26,84.51000214
2010/9/27,84.31600189
2010/9/28,84.27500153
2010/9/29,83.89199829
2010/9/30,83.76599884
2010/10/1,83.56999969
2010/10/2,83.56999969
2010/10/3,83.56999969
2010/10/4,83.33300018
2010/10/5,83.50299835
2010/10/6,83.19000244
2010/10/7,82.96700287
2010/10/8,82.37999725
2010/10/9,82.37999725
2010/10/10,82.37999725
2010/10/11,81.81999969
2010/10/12,82.08899689
2010/10/13,81.77999878
2010/10/14,81.79799652
2010/10/15,81.47000122
2010/10/16,81.47000122
2010/10/17,81.47000122
2010/10/18,81.37799835
2010/10/19,81.19799805
2010/10/20,81.54199982
2010/10/21,81.05500031
2010/10/22,81.30000305
2010/10/23,81.30000305
2010/10/24,81.30000305
2010/10/25,81.30899811
2010/10/26,80.82499695
2010/10/27,81.33699799
2010/10/28,81.67900085
2010/10/29,81.67900085
2010/10/30,81.67900085
2010/10/31,81.67900085
2010/11/1,80.40599823
2010/11/2,80.55899811
2010/11/3,80.66799927
2010/11/4,81.05000305
2010/11/5,80.77600098
2010/11/6,80.77600098
2010/11/7,80.77600098
2010/11/8,81.13999939
2010/11/9,81.08999634
2010/11/10,81.58300018
2010/11/11,82.20400238
2010/11/12,82.41000366
2010/11/13,82.41000366
2010/11/14,82.41000366
2010/11/15,82.47000122
2010/11/16,83.16200256
2010/11/17,83.37999725
2010/11/18,83.09999847
2010/11/19,83.54000092
2010/11/20,83.54000092
2010/11/21,83.54000092
2010/11/22,83.48500061
2010/11/23,83.29000092
2010/11/24,83.26899719
2010/11/25,83.51999664
2010/11/26,83.62999725
2010/11/27,83.62999725
2010/11/28,83.62999725
2010/11/29,84.15699768
2010/11/30,84.2539978
2010/12/1,83.6780014
2010/12/2,84.1230011
2010/12/3,83.74900055
2010/12/4,83.74900055
2010/12/5,83.74900055
2010/12/6,82.77999878
2010/12/7,82.66999817
2010/12/8,83.47899628
2010/12/9,84.09999847
2010/12/10,83.81600189
2010/12/11,83.81600189
2010/12/12,83.81600189
2010/12/13,83.97299957
2010/12/14,83.44000244
2010/12/15,83.79000092
2010/12/16,84.26899719
2010/12/17,84.05000305
2010/12/18,84.05000305
2010/12/19,84.05000305
2010/12/20,84.01000214
2010/12/21,83.77100372
2010/12/22,83.79000092
2010/12/23,83.55999756
2010/12/24,83.01999664
2010/12/25,83.01999664
2010/12/26,83.01999664
2010/12/27,82.91899872
2010/12/28,82.72000122
2010/12/29,82.35600281
2010/12/30,81.61799622
2010/12/31,81.48000336
2011/1/1,81.48000336
2011/1/2,81.48000336
2011/1/3,81.1230011
2011/1/4,81.66999817
2011/1/5,82.03800201
2011/1/6,83.18900299
2011/1/7,83.30000305
2011/1/8,83.30000305
2011/1/9,83.30000305
2011/1/10,83.02999878
2011/1/11,82.70999908
2011/1/12,83.33999634
2011/1/13,83.06999969
2011/1/14,82.76200104
2011/1/15,82.76200104
2011/1/16,82.76200104
2011/1/17,82.88700104
2011/1/18,82.66999817
2011/1/19,82.61199951
2011/1/20,82.15499878
2011/1/21,82.91999817
2011/1/22,82.91999817
2011/1/23,82.91999817
2011/1/24,82.58599854
2011/1/25,82.54199982
2011/1/26,82.26000214
2011/1/27,82.16300201
2011/1/28,82.88500214
2011/1/29,82.88500214
2011/1/30,82.88500214
2011/1/31,82.08899689
2011/2/1,82.06999969
2011/2/2,81.39099884
2011/2/3,81.49299622
2011/2/4,81.65000153
2011/2/5,81.65000153
2011/2/6,81.65000153
2011/2/7,82.22000122
2011/2/8,82.28900146
2011/2/9,82.3030014
2011/2/10,82.41899872
2011/2/11,83.33999634
2011/2/12,83.33999634
2011/2/13,83.33999634
2011/2/14,83.44400024
2011/2/15,83.41300201
2011/2/16,83.71600342
2011/2/17,83.61000061
2011/2/18,83.29000092
2011/2/19,83.29000092
2011/2/20,83.29000092
2011/2/21,83.08000183
2011/2/22,83.06600189
2011/2/23,82.76000214
2011/2/24,82.43800354
2011/2/25,82.04699707
2011/2/26,82.04699707
2011/2/27,82.04699707
2011/2/28,81.62200165
2011/3/1,81.8730011
2011/3/2,81.89800262
2011/3/3,81.82800293
2011/3/4,82.36699677
2011/3/5,82.36699677
2011/3/6,82.36699677
2011/3/7,82.34300232
2011/3/8,82.29199982
2011/3/9,82.80000305
2011/3/10,82.83300018
2011/3/11,82.91799927
2011/3/12,82.91799927
2011/3/13,82.91799927
2011/3/14,81.28399658
2011/3/15,81.81999969
2011/3/16,81.05599976
2011/3/17,79.12799835
2011/3/18,79.5
2011/3/19,79.5
2011/3/20,79.5
2011/3/21,81.01499939
2011/3/22,81.20899963
2011/3/23,81.03900146
2011/3/24,80.86699677
2011/3/25,81.01399994
2011/3/26,81.01399994
2011/3/27,81.01399994
2011/3/28,81.4489975
2011/3/29,81.76000214
2011/3/30,82.41100311
2011/3/31,83.15000153
2011/4/1,83.36000061
2011/4/2,83.36000061
2011/4/3,83.36000061
2011/4/4,84.22000122
2011/4/5,84.12999725
2011/4/6,85.16000366
2011/4/7,85.31999969
2011/4/8,84.95999908
2011/4/9,84.95999908
2011/4/10,84.95999908
2011/4/11,85.04000092
2011/4/12,84.62999725
2011/4/13,83.59999847
2011/4/14,83.78299713
2011/4/15,83.78299713
2011/4/16,83.78299713
2011/4/17,83.78299713
2011/4/18,83.14700317
2011/4/19,82.33399963
2011/4/20,82.58000183
2011/4/21,82.44000244
2011/4/22,81.89700317
2011/4/23,81.89700317
2011/4/24,81.89700317
2011/4/25,81.87000275
2011/4/26,81.83999634
2011/4/27,81.51100159
2011/4/28,82.20400238
2011/4/29,81.52999878
2011/4/30,81.52999878
2011/5/1,81.52999878
2011/5/2,81.22699738
2011/5/3,81.18000031
2011/5/4,80.96900177
2011/5/5,80.63999939
2011/5/6,80.41699982
2011/5/7,80.41699982
2011/5/8,80.41699982
2011/5/9,80.73400116
2011/5/10,80.24199677
2011/5/11,81.01100159
2011/5/12,81.01000214
2011/5/13,81.04000092
2011/5/14,81.04000092
2011/5/15,81.04000092
2011/5/16,80.81700134
2011/5/17,80.78199768
2011/5/18,81.42099762
2011/5/19,81.66100311
2011/5/20,81.71399689
2011/5/21,81.71399689
2011/5/22,81.71399689
2011/5/23,81.73999786
2011/5/24,81.95700073
2011/5/25,82.04799652
2011/5/26,82.02200317
2011/5/27,81.26999664
2011/5/28,81.26999664
2011/5/29,81.26999664
2011/5/30,80.83100128
2011/5/31,80.87999725
2011/6/1,81.45300293
2011/6/2,80.89399719
2011/6/3,80.97000122
2011/6/4,80.97000122
2011/6/5,80.97000122
2011/6/6,80.22000122
2011/6/7,80.12000275
2011/6/8,80.16999817
2011/6/9,79.88999939
2011/6/10,80.29000092
2011/6/11,80.29000092
2011/6/12,80.29000092
2011/6/13,80.33999634
2011/6/14,80.1760025
2011/6/15,80.54000092
2011/6/16,80.87999725
2011/6/17,80.57700348
2011/6/18,80.57700348
2011/6/19,80.57700348
2011/6/20,80.0759964
2011/6/21,80.23400116
2011/6/22,80.22100067
2011/6/23,80.38300323
2011/6/24,80.44000244
2011/6/25,80.44000244
2011/6/26,80.44000244
2011/6/27,80.45999908
2011/6/28,80.84999847
2011/6/29,81.08000183
2011/6/30,80.70999908
2011/7/1,80.59999847
2011/7/2,80.59999847
2011/7/3,80.59999847
2011/7/4,80.87999725
2011/7/5,80.73300171
2011/7/6,81.06999969
2011/7/7,80.93800354
2011/7/8,81.23000336
2011/7/9,81.23000336
2011/7/10,81.23000336
2011/7/11,80.65000153
2011/7/12,80.29000092
2011/7/13,79.31800079
2011/7/14,78.91999817
2011/7/15,79.18000031
2011/7/16,79.18000031
2011/7/17,79.18000031
2011/7/18,79.11299896
2011/7/19,79.05000305
2011/7/20,79.12599945
2011/7/21,78.7539978
2011/7/22,78.58399963
2011/7/23,78.58399963
2011/7/24,78.58399963
2011/7/25,78.37999725
2011/7/26,78.30000305
2011/7/27,77.91400146
2011/7/28,77.93000031
2011/7/29,77.73000336
2011/7/30,77.73000336
2011/7/31,77.73000336
2011/8/1,77.21299744
2011/8/2,77.45999908
2011/8/3,77.33499908
2011/8/4,77.11199951
2011/8/5,79.29000092
2011/8/6,79.29000092
2011/8/7,79.29000092
2011/8/8,78.2539978
2011/8/9,77.58499908
2011/8/10,77.05000305
2011/8/11,76.75900269
2011/8/12,76.86000061
2011/8/13,76.86000061
2011/8/14,76.86000061
2011/8/15,76.81999969
2011/8/16,76.83999634
2011/8/17,76.7539978
2011/8/18,76.54699707
2011/8/19,76.63700104
2011/8/20,76.63700104
2011/8/21,76.63700104
2011/8/22,76.78600311
2011/8/23,76.83200073
2011/8/24,76.66000366
2011/8/25,77.0530014
2011/8/26,77.43499756
2011/8/27,77.43499756
2011/8/28,77.43499756
2011/8/29,76.68199921
2011/8/30,76.93299866
2011/8/31,76.7009964
2011/9/1,76.73000336
2011/9/2,76.86000061
2011/9/3,76.86000061
2011/9/4,76.86000061
2011/9/5,76.90200043
2011/9/6,76.90200043
2011/9/7,77.61799622
2011/9/8,77.3010025
2011/9/9,77.50800323
2011/9/10,77.50800323
2011/9/11,77.50800323
2011/9/12,77.46299744
2011/9/13,77.18000031
2011/9/14,76.93199921
2011/9/15,76.67700195
2011/9/16,76.73400116
2011/9/17,76.73400116
2011/9/18,76.73400116
2011/9/19,76.91000366
2011/9/20,76.59600067
2011/9/21,76.46299744
2011/9/22,76.53800201
2011/9/23,76.30599976
2011/9/24,76.30599976
2011/9/25,76.30599976
2011/9/26,76.54000092
2011/9/27,76.33599854
2011/9/28,76.80799866
2011/9/29,76.54000092
2011/9/30,76.76499939
2011/10/1,76.76499939
2011/10/2,76.76499939
2011/10/3,77.19000244
2011/10/4,76.59200287
2011/10/5,76.76000214
2011/10/6,76.78199768
2011/10/7,76.65799713
2011/10/8,76.65799713
2011/10/9,76.65799713
2011/10/10,76.76999664
2011/10/11,76.66000366
2011/10/12,76.66699982
2011/10/13,77.18000031
2011/10/14,76.87999725
2011/10/15,76.87999725
2011/10/16,76.87999725
2011/10/17,77.22000122
2011/10/18,76.83100128
2011/10/19,76.77700043
2011/10/20,76.80000305
2011/10/21,76.86000061
2011/10/22,76.86000061
2011/10/23,76.86000061
2011/10/24,76.20999908
2011/10/25,76.13200378
2011/10/26,76.10900116
2011/10/27,76.18399811
2011/10/28,75.93000031
2011/10/29,75.93000031
2011/10/30,75.93000031
2011/10/31,75.73999786
2011/11/1,78.30799866
2011/11/2,78.30599976
2011/11/3,78.13899994
2011/11/4,78.0530014
2011/11/5,78.0530014
2011/11/6,78.0530014
2011/11/7,78.12999725
2011/11/8,78.07700348
2011/11/9,77.70800018
2011/11/10,77.75800323
2011/11/11,77.65200043
2011/11/12,77.65200043
2011/11/13,77.65200043
2011/11/14,77.15599823
2011/11/15,77.07900238
2011/11/16,77.05999756
2011/11/17,77.06099701
2011/11/18,76.95800018
2011/11/19,76.95800018
2011/11/20,76.95800018
2011/11/21,76.83899689
2011/11/22,76.90000153
2011/11/23,76.97000122
2011/11/24,77.27200317
2011/11/25,77.16600037
2011/11/26,77.16600037
2011/11/27,77.16600037
2011/11/28,77.66699982
2011/11/29,78.08100128
2011/11/30,77.95999908
2011/12/1,77.58300018
2011/12/2,77.75
2011/12/3,77.75
2011/12/4,77.75
2011/12/5,78.08000183
2011/12/6,77.81199646
2011/12/7,77.75
2011/12/8,77.67299652
2011/12/9,77.68000031
2011/12/10,77.68000031
2011/12/11,77.68000031
2011/12/12,77.61199951
2011/12/13,77.93900299
2011/12/14,77.96099854
2011/12/15,78.10800171
2011/12/16,77.83999634
2011/12/17,77.83999634
2011/12/18,77.83999634
2011/12/19,77.80999756
2011/12/20,78.01000214
2011/12/21,77.83999634
2011/12/22,78.06999969
2011/12/23,78.16000366
2011/12/24,78.16000366
2011/12/25,78.16000366
2011/12/26,78.08000183
2011/12/27,78.02999878
2011/12/28,77.87000275
2011/12/29,77.94599915
2011/12/30,77.65899658
2011/12/31,77.65899658
2012/1/1,77.65899658
2012/1/2,77.01999664
2012/1/3,76.93000031
2012/1/4,76.72200012
2012/1/5,76.70999908
2012/1/6,77.15100098
2012/1/7,77.15100098
2012/1/8,77.15100098
2012/1/9,76.91000366
2012/1/10,76.86000061
2012/1/11,76.84999847
2012/1/12,76.85800171
2012/1/13,76.77899933
2012/1/14,76.77899933
2012/1/15,76.77899933
2012/1/16,76.91000366
2012/1/17,76.81999969
2012/1/18,76.81999969
2012/1/19,76.76699829
2012/1/20,77.08000183
2012/1/21,77.08000183
2012/1/22,77.08000183
2012/1/23,76.95999908
2012/1/24,77
2012/1/25,77.68699646
2012/1/26,77.76999664
2012/1/27,77.45999908
2012/1/28,77.45999908
2012/1/29,77.45999908
2012/1/30,76.73200226
2012/1/31,76.36000061
2012/2/1,76.26999664
2012/2/2,76.18900299
2012/2/3,76.18000031
2012/2/4,76.18000031
2012/2/5,76.18000031
2012/2/6,76.5510025
2012/2/7,76.55000305
2012/2/8,76.79000092
2012/2/9,77.05999756
2012/2/10,77.63200378
2012/2/11,77.63200378
2012/2/12,77.63200378
2012/2/13,77.69999695
2012/2/14,77.51000214
2012/2/15,78.36000061
2012/2/16,78.48000336
2012/2/17,78.8239975
2012/2/18,78.8239975
2012/2/19,78.8239975
2012/2/20,79.78800201
2012/2/21,79.58599854
2012/2/22,79.83000183
2012/2/23,80.27999878
2012/2/24,79.93000031
2012/2/25,79.93000031
2012/2/26,79.93000031
2012/2/27,81.47100067
2012/2/28,80.46399689
2012/2/29,80.48000336
2012/3/1,81.27600098
2012/3/2,81.12000275
2012/3/3,81.12000275
2012/3/4,81.12000275
2012/3/5,81.6269989
2012/3/6,81.51799774
2012/3/7,80.66000366
2012/3/8,81.33799744
2012/3/9,81.58000183
2012/3/10,81.58000183
2012/3/11,81.58000183
2012/3/12,82.3730011
2012/3/13,82.36299896
2012/3/14,82.95999908
2012/3/15,83.83999634
2012/3/16,83.49199677
2012/3/17,83.49199677
2012/3/18,83.49199677
2012/3/19,83.44999695
2012/3/20,83.37000275
2012/3/21,83.65000153
2012/3/22,83.20300293
2012/3/23,82.51000214
2012/3/24,82.51000214
2012/3/25,82.51000214
2012/3/26,82.58899689
2012/3/27,82.98699951
2012/3/28,83.04799652
2012/3/29,82.83200073
2012/3/30,82.27300262
2012/3/31,82.27300262
2012/4/1,82.27300262
2012/4/2,82.87000275
2012/4/3,81.54000092
2012/4/4,82.83000183
2012/4/5,82.44000244
2012/4/6,82.26999664
2012/4/7,82.26999664
2012/4/8,82.26999664
2012/4/9,81.33000183
2012/4/10,81.64299774
2012/4/11,80.69400024
2012/4/12,81.00800323
2012/4/13,80.93000031
2012/4/14,80.93000031
2012/4/15,80.93000031
2012/4/16,80.90200043
2012/4/17,80.3809967
2012/4/18,81.05999756
2012/4/19,81.30000305
2012/4/20,81.60900116
2012/4/21,81.60900116
2012/4/22,81.60900116
2012/4/23,81.59999847
2012/4/24,81.08000183
2012/4/25,81.38999939
2012/4/26,81.30000305
2012/4/27,81.05799866
2012/4/28,81.05799866
2012/4/29,81.05799866
2012/4/30,80.34999847
2012/5/1,79.92099762
2012/5/2,80.20999908
2012/5/3,80.1210022
2012/5/4,80.20999908
2012/5/5,80.20999908
2012/5/6,80.20999908
2012/5/7,79.81800079
2012/5/8,79.91999817
2012/5/9,79.86000061
2012/5/10,79.70999908
2012/5/11,79.8690033
2012/5/12,79.8690033
2012/5/13,79.8690033
2012/5/14,80.02999878
2012/5/15,79.84999847
2012/5/16,80.32499695
2012/5/17,80.34999847
2012/5/18,79.40799713
2012/5/19,79.40799713
2012/5/20,79.40799713
2012/5/21,79.16999817
2012/5/22,79.41000366
2012/5/23,80.0039978
2012/5/24,79.41999817
2012/5/25,79.66000366
2012/5/26,79.66000366
2012/5/27,79.66000366
2012/5/28,79.58999634
2012/5/29,79.56099701
2012/5/30,79.5
2012/5/31,78.98200226
2012/6/1,78.52799988
2012/6/2,78.52799988
2012/6/3,78.52799988
2012/6/4,78.09999847
2012/6/5,78.36100006
2012/6/6,78.73000336
2012/6/7,79.26999664
2012/6/8,79.69000244
2012/6/9,79.69000244
2012/6/10,79.69000244
2012/6/11,79.55999756
2012/6/12,79.30699921
2012/6/13,79.52700043
2012/6/14,79.37200165
2012/6/15,79.42199707
2012/6/16,79.42199707
2012/6/17,79.42199707
2012/6/18,79.05200195
2012/6/19,79
2012/6/20,79.03399658
2012/6/21,79.42099762
2012/6/22,80.01999664
2012/6/23,80.01999664
2012/6/24,80.01999664
2012/6/25,80.55999756
2012/6/26,79.65000153
2012/6/27,79.45999908
2012/6/28,79.68499756
2012/6/29,79.31300354
2012/6/30,79.31300354
2012/7/1,79.31300354
2012/7/2,79.83899689
2012/7/3,79.44000244
2012/7/4,79.83999634
2012/7/5,79.94000244
2012/7/6,79.86000061
2012/7/7,79.86000061
2012/7/8,79.86000061
2012/7/9,79.47799683
2012/7/10,79.55799866
2012/7/11,79.34999847
2012/7/12,79.61000061
2012/7/13,79.30999756
2012/7/14,79.30999756
2012/7/15,79.30999756
2012/7/16,79.16999817
2012/7/17,78.81999969
2012/7/18,79.09600067
2012/7/19,78.7990036
2012/7/20,78.73999786
2012/7/21,78.73999786
2012/7/22,78.73999786
2012/7/23,78.44999695
2012/7/24,78.31099701
2012/7/25,78.10700226
2012/7/26,78.10299683
2012/7/27,78.3239975
2012/7/28,78.3239975
2012/7/29,78.3239975
2012/7/30,78.5
2012/7/31,78.10099792
2012/8/1,78.12000275
2012/8/2,78.37999725
2012/8/3,78.22000122
2012/8/4,78.22000122
2012/8/5,78.22000122
2012/8/6,78.61000061
2012/8/7,78.19999695
2012/8/8,78.61000061
2012/8/9,78.40000153
2012/8/10,78.61000061
2012/8/11,78.61000061
2012/8/12,78.61000061
2012/8/13,78.25
2012/8/14,78.33000183
2012/8/15,78.81500244
2012/8/16,78.98999786
2012/8/17,79.25
2012/8/18,79.25
2012/8/19,79.25
2012/8/20,79.51000214
2012/8/21,79.33000183
2012/8/22,79.24199677
2012/8/23,78.53900146
2012/8/24,78.59999847
2012/8/25,78.59999847
2012/8/26,78.59999847
2012/8/27,78.73000336
2012/8/28,78.75
2012/8/29,78.56999969
2012/8/30,78.72000122
2012/8/31,78.52999878
2012/9/1,78.52999878
2012/9/2,78.52999878
2012/9/3,78.29000092
2012/9/4,78.33899689
2012/9/5,78.47000122
2012/9/6,78.41999817
2012/9/7,78.88999939
2012/9/8,78.88999939
2012/9/9,78.88999939
2012/9/10,78.21900177
2012/9/11,78.22599792
2012/9/12,77.75
2012/9/13,77.83000183
2012/9/14,77.64800262
2012/9/15,77.64800262
2012/9/16,77.64800262
2012/9/17,78.33300018
2012/9/18,78.67299652
2012/9/19,78.76999664
2012/9/20,78.39700317
2012/9/21,78.19999695
2012/9/22,78.19999695
2012/9/23,78.19999695
2012/9/24,78.08000183
2012/9/25,77.86399841
2012/9/26,77.72799683
2012/9/27,77.69799805
2012/9/28,77.61000061
2012/9/29,77.61000061
2012/9/30,77.61000061
2012/10/1,77.95899963
2012/10/2,78.04100037
2012/10/3,78.21499634
2012/10/4,78.41500092
2012/10/5,78.48400116
2012/10/6,78.48400116
2012/10/7,78.48400116
2012/10/8,78.70200348
2012/10/9,78.28600311
2012/10/10,78.21900177
2012/10/11,78.07499695
2012/10/12,78.40200043
2012/10/13,78.40200043
2012/10/14,78.40200043
2012/10/15,78.46800232
2012/10/16,78.78900146
2012/10/17,78.82499695
2012/10/18,79.05999756
2012/10/19,79.30799866
2012/10/20,79.30799866
2012/10/21,79.30799866
2012/10/22,79.25700378
2012/10/23,79.98999786
2012/10/24,79.81999969
2012/10/25,79.83799744
2012/10/26,80.23500061
2012/10/27,80.23500061
2012/10/28,80.23500061
2012/10/29,79.65000153
2012/10/30,79.76399994
2012/10/31,79.68399811
2012/11/1,79.86000061
2012/11/2,80.22000122
2012/11/3,80.22000122
2012/11/4,80.22000122
2012/11/5,80.5
2012/11/6,80.16000366
2012/11/7,80.29000092
2012/11/8,79.97000122
2012/11/9,79.47899628
2012/11/10,79.47899628
2012/11/11,79.47899628
2012/11/12,79.45999908
2012/11/13,79.59799957
2012/11/14,79.45999908
2012/11/15,80.19999695
2012/11/16,81.12000275
2012/11/17,81.12000275
2012/11/18,81.12000275
2012/11/19,81.52600098
2012/11/20,81.34999847
2012/11/21,81.75499725
2012/11/22,82.5739975
2012/11/23,82.35900116
2012/11/24,82.35900116
2012/11/25,82.35900116
2012/11/26,82.54599762
2012/11/27,81.8730011
2012/11/28,82.08000183
2012/11/29,82.15000153
2012/11/30,82.15100098
2012/12/1,82.15100098
2012/12/2,82.15100098
2012/12/3,82.45600128
2012/12/4,82.13300323
2012/12/5,81.81600189
2012/12/6,82.43599701
2012/12/7,82.43000031
2012/12/8,82.43000031
2012/12/9,82.43000031
2012/12/10,82.55999756
2012/12/11,82.34999847
2012/12/12,82.51999664
2012/12/13,83.20999908
2012/12/14,83.66699982
2012/12/15,83.66699982
2012/12/16,83.66699982
2012/12/17,84.15799713
2012/12/18,83.90299988
2012/12/19,84.36100006
2012/12/20,84.22599792
2012/12/21,84.41999817
2012/12/22,84.41999817
2012/12/23,84.41999817
2012/12/24,84.41000366
2012/12/25,84.83999634
2012/12/26,85
2012/12/27,85.66799927
2012/12/28,86.50700378
2012/12/29,86.50700378
2012/12/30,86.50700378
2012/12/31,85.95999908
2013/1/1,86.72000122
2013/1/2,86.59999847
2013/1/3,87.27500153
2013/1/4,87.73999786
2013/1/5,87.73999786
2013/1/6,87.73999786
2013/1/7,88.19799805
2013/1/8,87.25299835
2013/1/9,86.86799622
2013/1/10,88.13300323
2013/1/11,89.2460022
2013/1/12,89.2460022
2013/1/13,89.2460022
2013/1/14,89.52300262
2013/1/15,89.45999908
2013/1/16,88.75
2013/1/17,88.62999725
2013/1/18,89.82099915
2013/1/19,89.82099915
2013/1/20,89.82099915
2013/1/21,90.18099976
2013/1/22,89.59999847
2013/1/23,88.52899933
2013/1/24,88.58000183
2013/1/25,90.55799866
2013/1/26,90.55799866
2013/1/27,90.55799866
2013/1/28,91.17900085
2013/1/29,90.45999908
2013/1/30,90.79000092
2013/1/31,91.02100372
2013/2/1,91.70700073
2013/2/2,91.70700073
2013/2/3,91.70700073
2013/2/4,92.76999664
2013/2/5,92.15299988
2013/2/6,93.56999969
2013/2/7,93.43499756
2013/2/8,93.63300323
2013/2/9,93.63300323
2013/2/10,93.63300323
2013/2/11,92.53500366
2013/2/12,94.19100189
2013/2/13,93.30500031
2013/2/14,93.2559967
2013/2/15,92.95700073
2013/2/16,92.95700073
2013/2/17,92.95700073
2013/2/18,93.72200012
2013/2/19,93.65000153
2013/2/20,93.70800018
2013/2/21,93.66000366
2013/2/22,93.15000153
2013/2/23,93.15000153
2013/2/24,93.15000153
2013/2/25,94.22000122
2013/2/26,92.39700317
2013/2/27,92.11000061
2013/2/28,92.3030014
2013/3/1,92.58200073
2013/3/2,92.58200073
2013/3/3,92.58200073
2013/3/4,93.56400299
2013/3/5,93.40100098
2013/3/6,93.28900146
2013/3/7,93.92700195
2013/3/8,94.9280014
2013/3/9,94.9280014
2013/3/10,94.9280014
2013/3/11,96.16999817
2013/3/12,96.6190033
2013/3/13,95.81999969
2013/3/14,96.01999664
2013/3/15,95.96199799
2013/3/16,95.96199799
2013/3/17,95.96199799
2013/3/18,94.88899994
2013/3/19,95.34300232
2013/3/20,95.05000305
2013/3/21,95.95500183
2013/3/22,94.91000366
2013/3/23,94.91000366
2013/3/24,94.91000366
2013/3/25,94.82800293
2013/3/26,93.96299744
2013/3/27,94.63500214
2013/3/28,94.31600189
2013/3/29,94.19000244
2013/3/30,94.19000244
2013/3/31,94.19000244
2013/4/1,94.28199768
2013/4/2,93.18000031
2013/4/3,93.36199951
2013/4/4,92.88899994
2013/4/5,96.43699646
2013/4/6,96.43699646
2013/4/7,96.43699646
2013/4/8,98.75099945
2013/4/9,99.27999878
2013/4/10,98.94999695
2013/4/11,99.66600037
2013/4/12,99.6210022
2013/4/13,99.6210022
2013/4/14,99.6210022
2013/4/15,98.40599823
2013/4/16,96.80000305
2013/4/17,97.61000061
2013/4/18,98.02899933
2013/4/19,98.20300293
2013/4/20,98.20300293
2013/4/21,98.20300293
2013/4/22,99.79699707
2013/4/23,99.16000366
2013/4/24,99.67700195
2013/4/25,99.41999817
2013/4/26,99.34200287
2013/4/27,99.34200287
2013/4/28,99.34200287
2013/4/29,97.84200287
2013/4/30,97.86399841
2013/5/1,97.26899719
2013/5/2,97.13200378
2013/5/3,97.94599915
2013/5/4,97.94599915
2013/5/5,97.94599915
2013/5/6,99.09999847
2013/5/7,99.34400177
2013/5/8,98.77600098
2013/5/9,98.87799835
2013/5/10,100.7649994
2013/5/11,100.7649994
2013/5/12,100.7649994
2013/5/13,101.9229965
2013/5/14,101.6669998
2013/5/15,102.2099991
2013/5/16,102.2580032
2013/5/17,102.1350021
2013/5/18,102.1350021
2013/5/19,102.1350021
2013/5/20,102.7009964
2013/5/21,102.1660004
2013/5/22,102.4420013
2013/5/23,103.1760025
2013/5/24,102.4100037
2013/5/25,102.4100037
2013/5/26,102.4100037
2013/5/27,101.060997
2013/5/28,101.1050034
2013/5/29,102.4459991
2013/5/30,100.9160004
2013/5/31,101.0999985
2013/6/1,101.0999985
2013/6/2,101.0999985
2013/6/3,100.4759979
2013/6/4,99.73799896
2013/6/5,100.25
2013/6/6,98.95200348
2013/6/7,97.32700348
2013/6/8,97.32700348
2013/6/9,97.32700348
2013/6/10,98.23799896
2013/6/11,98.84899902
2013/6/12,96.10199738
2013/6/13,95.92900085
2013/6/14,95.4940033
2013/6/15,95.4940033
2013/6/16,95.4940033
2013/6/17,94.24199677
2013/6/18,94.68000031
2013/6/19,95.51699829
2013/6/20,96.58999634
2013/6/21,97.14099884
2013/6/22,97.14099884
2013/6/23,97.14099884
2013/6/24,98.42299652
2013/6/25,97.53099823
2013/6/26,98.14700317
2013/6/27,97.76999664
2013/6/28,98.47599792
2013/6/29,98.47599792
2013/6/30,98.47599792
2013/7/1,99.37999725
2013/7/2,99.65699768
2013/7/3,100.7330017
2013/7/4,99.95600128
2013/7/5,100.2200012
2013/7/6,100.2200012
2013/7/7,100.2200012
2013/7/8,101.3860016
2013/7/9,100.8499985
2013/7/10,101.1529999
2013/7/11,98.5510025
2013/7/12,99.04000092
2013/7/13,99.04000092
2013/7/14,99.04000092
2013/7/15,99.1969986
2013/7/16,99.94599915
2013/7/17,99.16000366
2013/7/18,99.66000366
2013/7/19,100.5220032
2013/7/20,100.5220032
2013/7/21,100.5220032
2013/7/22,100.3889999
2013/7/23,99.3239975
2013/7/24,99.49700165
2013/7/25,100.4520035
2013/7/26,99.27500153
2013/7/27,99.27500153
2013/7/28,99.27500153
2013/7/29,97.95999908
2013/7/30,98.04299927
2013/7/31,98.01599884
2013/8/1,97.83300018
2013/8/2,99.41999817
2013/8/3,99.41999817
2013/8/4,99.41999817
2013/8/5,98.93499756
2013/8/6,98.23200226
2013/8/7,97.30799866
2013/8/8,96.56999969
2013/8/9,96.73999786
2013/8/10,96.73999786
2013/8/11,96.73999786
2013/8/12,96.04399872
2013/8/13,97.19999695
2013/8/14,98.15299988
2013/8/15,97.85299683
2013/8/16,97.05500031
2013/8/17,97.05500031
2013/8/18,97.05500031
2013/8/19,97.66699982
2013/8/20,97.57900238
2013/8/21,97.30999756
2013/8/22,97.80999756
2013/8/23,98.8789978
2013/8/24,98.8789978
2013/8/25,98.8789978
2013/8/26,98.70500183
2013/8/27,98.25800323
2013/8/28,96.89199829
2013/8/29,97.72799683
2013/8/30,98.29199982
2013/8/31,98.29199982
2013/9/1,98.29199982
2013/9/2,98.38500214
2013/9/3,99.56999969
2013/9/4,99.55400085
2013/9/5,99.72799683
2013/9/6,100.1159973
2013/9/7,100.1159973
2013/9/8,100.1159973
2013/9/9,99.97699738
2013/9/10,99.71900177
2013/9/11,100.2850037
2013/9/12,99.83000183
2013/9/13,99.57800293
2013/9/14,99.57800293
2013/9/15,99.57800293
2013/9/16,99.01499939
2013/9/17,99.06999969
2013/9/18,99.12799835
2013/9/19,98.20999908
2013/9/20,99.38999939
2013/9/21,99.38999939
2013/9/22,99.38999939
2013/9/23,99.27700043
2013/9/24,98.73999786
2013/9/25,98.74500275
2013/9/26,98.43499756
2013/9/27,98.90499878
2013/9/28,98.90499878
2013/9/29,98.90499878
2013/9/30,97.82700348
2013/10/1,98.40000153
2013/10/2,97.9260025
2013/10/3,97.30000305
2013/10/4,97.25900269
2013/10/5,97.25900269
2013/10/6,97.25900269
2013/10/7,97.29000092
2013/10/8,97.29000092
2013/10/9,96.90100098
2013/10/10,97.47899628
2013/10/11,98.18499756
2013/10/12,98.18499756
2013/10/13,98.18499756
2013/10/14,98.31400299
2013/10/15,98.65000153
2013/10/16,98.54399872
2013/10/17,98.94000244
2013/10/18,97.98999786
2013/10/19,97.98999786
2013/10/20,97.98999786
2013/10/21,97.92700195
2013/10/22,98.19400024
2013/10/23,98.13300323
2013/10/24,97.41999817
2013/10/25,97.38500214
2013/10/26,97.38500214
2013/10/27,97.38500214
2013/10/28,97.56999969
2013/10/29,97.62000275
2013/10/30,98.19400024
2013/10/31,98.50700378
2013/11/1,98.32099915
2013/11/2,98.32099915
2013/11/3,98.32099915
2013/11/4,98.69200134
2013/11/5,98.6269989
2013/11/6,98.45600128
2013/11/7,98.65000153
2013/11/8,98.17099762
2013/11/9,98.17099762
2013/11/10,98.17099762
2013/11/11,99.1989975
2013/11/12,99.13800049
2013/11/13,99.61699677
2013/11/14,99.21800232
2013/11/15,100.2399979
2013/11/16,100.2399979
2013/11/17,100.2399979
2013/11/18,100.3539963
2013/11/19,99.86299896
2013/11/20,100.1809998
2013/11/21,100.2070007
2013/11/22,101.3190002
2013/11/23,101.3190002
2013/11/24,101.3190002
2013/11/25,101.2900009
2013/11/26,101.3499985
2013/11/27,101.2340012
2013/11/28,102.2099991
2013/11/29,102.2919998
2013/11/30,102.2919998
2013/12/1,102.2919998
2013/12/2,102.4710007
2013/12/3,102.9329987
2013/12/4,102.3509979
2013/12/5,102.4039993
2013/12/6,101.7419968
2013/12/7,101.7419968
2013/12/8,101.7419968
2013/12/9,103.1309967
2013/12/10,103.2659988
2013/12/11,102.7979965
2013/12/12,102.5080032
2013/12/13,103.5400009
2013/12/14,103.5400009
2013/12/15,103.5400009
2013/12/16,103.2699966
2013/12/17,103.0270004
2013/12/18,102.6240005
2013/12/19,104.2129974
2013/12/20,104.276001
2013/12/21,104.276001
2013/12/22,104.276001
2013/12/23,104.0299988
2013/12/24,104.1760025
2013/12/25,104.3000031
2013/12/26,104.5240021
2013/12/27,104.8789978
2013/12/28,104.8789978
2013/12/29,104.8789978
2013/12/30,105.3199997
2013/12/31,104.9339981
2014/1/1,105.3000031
2014/1/2,105.3239975
2014/1/3,104.8330002
2014/1/4,104.8330002
2014/1/5,104.8330002
2014/1/6,104.9120026
2014/1/7,104.2099991
2014/1/8,104.711998
2014/1/9,104.8440018
2014/1/10,104.8300018
2014/1/11,104.8300018
2014/1/12,104.8300018
2014/1/13,103.9489975
2014/1/14,103.1159973
2014/1/15,104.1790009
2014/1/16,104.5709991
2014/1/17,104.2949982
2014/1/18,104.2949982
2014/1/19,104.2949982
2014/1/20,104.237999
2014/1/21,104.2249985
2014/1/22,104.2229996
2014/1/23,104.6350021
2014/1/24,103.3700027
2014/1/25,103.3700027
2014/1/26,103.3700027
2014/1/27,102.0500031
2014/1/28,102.6610031
2014/1/29,103.2310028
2014/1/30,102.3000031
2014/1/31,102.7580032
2014/2/1,102.7580032
2014/2/2,102.7580032
2014/2/3,102.1920013
2014/2/4,101.1419983
2014/2/5,101.689003
2014/2/6,101.4660034
2014/2/7,102.0390015
2014/2/8,102.0390015
2014/2/9,102.0390015
2014/2/10,102.5240021
2014/2/11,102.1330032
2014/2/12,102.5199966
2014/2/13,102.4690018
2014/2/14,102.1880035
2014/2/15,102.1880035
2014/2/16,102.1880035
2014/2/17,101.564003
2014/2/18,102.0619965
2014/2/19,102.3320007
2014/2/20,102.310997
2014/2/21,102.3119965
2014/2/22,102.3119965
2014/2/23,102.3119965
2014/2/24,102.5130005
2014/2/25,102.4820023
2014/2/26,102.1500015
2014/2/27,102.2990036
2014/2/28,102.1100006
2014/3/1,102.1100006
2014/3/2,102.1100006
2014/3/3,101.3050003
2014/3/4,101.4120026
2014/3/5,102.1780014
2014/3/6,102.3669968
2014/3/7,103.0319977
2014/3/8,103.0319977
2014/3/9,103.0319977
2014/3/10,103.1900024
2014/3/11,103.2360001
2014/3/12,102.8399963
2014/3/13,102.7829971
2014/3/14,101.7799988
2014/3/15,101.7799988
2014/3/16,101.7799988
2014/3/17,101.3300018
2014/3/18,101.8590012
2014/3/19,101.4400024
2014/3/20,102.4680023
2014/3/21,102.4069977
2014/3/22,102.4069977
2014/3/23,102.4069977
2014/3/24,102.2409973
2014/3/25,102.2070007
2014/3/26,102.2850037
2014/3/27,101.9029999
2014/3/28,102.1470032
2014/3/29,102.1470032
2014/3/30,102.1470032
2014/3/31,102.8889999
2014/4/1,103.2139969
2014/4/2,103.6330032
2014/4/3,103.8669968
2014/4/4,103.8960037
2014/4/5,103.8960037
2014/4/6,103.8960037
2014/4/7,103.3199997
2014/4/8,103.0690002
2014/4/9,101.9550018
2014/4/10,102.1070023
2014/4/11,101.3799973
2014/4/12,101.3799973
2014/4/13,101.3799973
2014/4/14,101.4420013
2014/4/15,101.9039993
2014/4/16,101.8769989
2014/4/17,102.2009964
2014/4/18,102.4430008
2014/4/19,102.4430008
2014/4/20,102.4430008
2014/4/21,102.5599976
2014/4/22,102.6699982
2014/4/23,102.6210022
2014/4/24,102.4800034
2014/4/25,102.302002
2014/4/26,102.302002
2014/4/27,102.302002
2014/4/28,102.1050034
2014/4/29,102.5159988
2014/4/30,102.564003
2014/5/1,102.2200012
2014/5/2,102.2659988
2014/5/3,102.2659988
2014/5/4,102.2659988
2014/5/5,102.1999969
2014/5/6,102.1399994
2014/5/7,101.6930008
2014/5/8,101.8720016
2014/5/9,101.5930023
2014/5/10,101.5930023
2014/5/11,101.5930023
2014/5/12,101.9000015
2014/5/13,102.1849976
2014/5/14,102.2320023
2014/5/15,101.8150024
2014/5/16,101.4990005
2014/5/17,101.4990005
2014/5/18,101.4990005
2014/5/19,101.5419998
2014/5/20,101.5
2014/5/21,101.262001
2014/5/22,101.4199982
2014/5/23,101.7649994
2014/5/24,101.7649994
2014/5/25,101.7649994
2014/5/26,101.961998
2014/5/27,101.8939972
2014/5/28,101.9769974
2014/5/29,101.7300034
2014/5/30,101.7200012
2014/5/31,101.7200012
2014/6/1,101.7200012
2014/6/2,101.8759995
2014/6/3,102.4199982
2014/6/4,102.5400009
2014/6/5,102.6809998
2014/6/6,102.4229965
2014/6/7,102.4229965
2014/6/8,102.4229965
2014/6/9,102.4800034
2014/6/10,102.4800034
2014/6/11,102.314003
2014/6/12,102
2014/6/13,101.6999969
2014/6/14,101.6999969
2014/6/15,101.6999969
2014/6/16,101.9670029
2014/6/17,101.8700027
2014/6/18,102.1740036
2014/6/19,101.8899994
2014/6/20,101.9300003
2014/6/21,101.9300003
2014/6/22,101.9300003
2014/6/23,102.0660019
2014/6/24,101.8700027
2014/6/25,101.9100037
2014/6/26,101.8000031
2014/6/27,101.637001
2014/6/28,101.637001
2014/6/29,101.637001
2014/6/30,101.4430008
2014/7/1,101.2900009
2014/7/2,101.5400009
2014/7/3,101.8300018
2014/7/4,102.1800003
2014/7/5,102.1800003
2014/7/6,102.1800003
2014/7/7,102.1100006
2014/7/8,101.8000031
2014/7/9,101.4599991
2014/7/10,101.5350037
2014/7/11,101.2829971
2014/7/12,101.2829971
2014/7/13,101.2829971
2014/7/14,101.3700027
2014/7/15,101.5199966
2014/7/16,101.6600037
2014/7/17,101.6299973
2014/7/18,101.2300034
2014/7/19,101.2300034
2014/7/20,101.2300034
2014/7/21,101.3399963
2014/7/22,101.4000015
2014/7/23,101.4700012
2014/7/24,101.5199966
2014/7/25,101.7600021
2014/7/26,101.7600021
2014/7/27,101.7600021
2014/7/28,101.7490005
2014/7/29,101.8099976
2014/7/30,102.0759964
2014/7/31,102.8399963
2014/8/1,102.7730026
2014/8/2,102.7730026
2014/8/3,102.7730026
2014/8/4,102.5630035
2014/8/5,102.5419998
2014/8/6,102.5889969
2014/8/7,102.112999
2014/8/8,102.1289978
2014/8/9,102.1289978
2014/8/10,102.1289978
2014/8/11,102.1549988
2014/8/12,102.2050018
2014/8/13,102.2819977
2014/8/14,102.4079971
2014/8/15,102.4960022
2014/8/16,102.4960022
2014/8/17,102.4960022
2014/8/18,102.4100037
2014/8/19,102.6100006
2014/8/20,102.9100037
2014/8/21,103.7009964
2014/8/22,103.848999
2014/8/23,103.848999
2014/8/24,103.848999
2014/8/25,104.2009964
2014/8/26,104.0699997
2014/8/27,104.0899963
2014/8/28,103.8779984
2014/8/29,103.6959991
2014/8/30,103.6959991
2014/8/31,103.6959991
2014/9/1,104.1679993
2014/9/2,104.3399963
2014/9/3,105.2369995
2014/9/4,104.8710022
2014/9/5,105.5820007
2014/9/6,105.5820007
2014/9/7,105.5820007
2014/9/8,105.1800003
2014/9/9,106.1600037
2014/9/10,106.1230011
2014/9/11,106.8259964
2014/9/12,107.1050034
2014/9/13,107.1050034
2014/9/14,107.1050034
2014/9/15,107.3300018
2014/9/16,107.1380005
2014/9/17,107.1500015
2014/9/18,108.5159988
2014/9/19,108.8000031
2014/9/20,108.8000031
2014/9/21,108.8000031
2014/9/22,108.9400024
2014/9/23,108.75
2014/9/24,108.5419998
2014/9/25,109.3160019
2014/9/26,108.6100006
2014/9/27,108.6100006
2014/9/28,108.6100006
2014/9/29,109.4110031
2014/9/30,109.3899994
2014/10/1,109.6600037
2014/10/2,109.0199966
2014/10/3,108.5230026
2014/10/4,108.5230026
2014/10/5,108.5230026
2014/10/6,109.802002
2014/10/7,108.8679962
2014/10/8,108.0719986
2014/10/9,108.1269989
2014/10/10,107.8300018
2014/10/11,107.8300018
2014/10/12,107.8300018
2014/10/13,107.3379974
2014/10/14,107.0630035
2014/10/15,107.314003
2014/10/16,105.9800034
2014/10/17,106.4049988
2014/10/18,106.4049988
2014/10/19,106.4049988
2014/10/20,107.1439972
2014/10/21,106.9100037
2014/10/22,107.0210037
2014/10/23,107.1480026
2014/10/24,108.1610031
2014/10/25,108.1610031
2014/10/26,108.1610031
2014/10/27,108.2020035
2014/10/28,107.8430023
2014/10/29,108.1119995
2014/10/30,108.8460007
2014/10/31,109.2129974
2014/11/1,109.2129974
2014/11/2,109.2129974
2014/11/3,112.8410034
2014/11/4,113.6480026
2014/11/5,113.4800034
2014/11/6,114.6549988
2014/11/7,115.1760025
2014/11/8,115.1760025
2014/11/9,115.1760025
2014/11/10,114.5329971
2014/11/11,114.7529984
2014/11/12,115.7210007
2014/11/13,115.5699997
2014/11/14,115.8239975
2014/11/15,115.8239975
2014/11/16,115.8239975
2014/11/17,116.8960037
2014/11/18,116.6460037
2014/11/19,116.8690033
2014/11/20,118.1480026
2014/11/21,118.2360001
2014/11/22,118.2360001
2014/11/23,118.2360001
2014/11/24,117.7440033
2014/11/25,118.4540024
2014/11/26,117.8010025
2014/11/27,117.6299973
2014/11/28,117.8399963
2014/11/29,117.8399963
2014/11/30,117.8399963
2014/12/1,118.8639984
2014/12/2,118.3079987
2014/12/3,119.1940002
2014/12/4,119.8610001
2014/12/5,119.8119965
2014/12/6,119.8119965
2014/12/7,119.8119965
2014/12/8,121.560997
2014/12/9,120.6500015
2014/12/10,119.3420029
2014/12/11,117.7089996
2014/12/12,119.0070038
2014/12/13,119.0070038
2014/12/14,119.0070038
2014/12/15,118.1650009
2014/12/16,117.7409973
2014/12/17,116.612999
2014/12/18,118.7959976
2014/12/19,118.9380035
2014/12/20,118.9380035
2014/12/21,118.9380035
2014/12/22,119.4970016
2014/12/23,120.1500015
2014/12/24,120.6900024
2014/12/25,120.4589996
2014/12/26,120.3700027
2014/12/27,120.3700027
2014/12/28,120.3700027
2014/12/29,120.4240036
2014/12/30,120.6320038
2014/12/31,119.4580002
2015/1/1,119.6729965
2015/1/2,119.8700027
2015/1/3,119.8700027
2015/1/4,119.8700027
2015/1/5,120.4339981
2015/1/6,119.4250031
2015/1/7,118.6729965
2015/1/8,119.2890015
2015/1/9,119.7919998
2015/1/10,119.7919998
2015/1/11,119.7919998
2015/1/12,118.211998
2015/1/13,118.3280029
2015/1/14,117.7949982
2015/1/15,117.3899994
2015/1/16,116.1299973
2015/1/17,116.1299973
2015/1/18,116.1299973
2015/1/19,117.5599976
2015/1/20,117.711998
2015/1/21,118.6490021
2015/1/22,117.8600006
2015/1/23,118.7509995
2015/1/24,118.7509995
2015/1/25,118.7509995
2015/1/26,117.3610001
2015/1/27,118.5199966
2015/1/28,117.7750015
2015/1/29,117.5920029
2015/1/30,118.2480011
2015/1/31,118.2480011
2015/2/1,118.2480011
2015/2/2,117.1839981
2015/2/3,117.5749969
2015/2/4,117.6460037
2015/2/5,117.288002
2015/2/6,117.5350037
2015/2/7,117.5350037
2015/2/8,117.5350037
2015/2/9,118.9700012
2015/2/10,118.5630035
2015/2/11,119.3580017
2015/2/12,120.1699982
2015/2/13,118.9160004
2015/2/14,118.9160004
2015/2/15,118.9160004
2015/2/16,118.5699997
2015/2/17,118.4919968
2015/2/18,119.2080002
2015/2/19,118.689003
2015/2/20,118.987999
2015/2/21,118.987999
2015/2/22,118.987999
2015/2/23,119.0759964
2015/2/24,118.9029999
2015/2/25,118.8919983
2015/2/26,118.8219986
2015/2/27,119.3769989
2015/2/28,119.3769989
2015/3/1,119.3769989
2015/3/2,119.8259964
2015/3/3,120.2040024
2015/3/4,119.637001
2015/3/5,119.651001
2015/3/6,120.0449982
2015/3/7,120.0449982
2015/3/8,120.0449982
2015/3/9,120.7389984
2015/3/10,121.4079971
2015/3/11,121.038002
2015/3/12,121.4110031
2015/3/13,121.3180008
2015/3/14,121.3180008
2015/3/15,121.3180008
2015/3/16,121.3430023
2015/3/17,121.3669968
2015/3/18,121.2799988
2015/3/19,120.064003
2015/3/20,120.762001
2015/3/21,120.762001
2015/3/22,120.762001
2015/3/23,120.0270004
2015/3/24,119.75
2015/3/25,119.7910004
2015/3/26,119.5179977
2015/3/27,119.1829987
2015/3/28,119.1829987
2015/3/29,119.1829987
2015/3/30,119.25
2015/3/31,120.0130005
2015/4/1,120.0220032
2015/4/2,119.5739975
2015/4/3,119.6969986
2015/4/4,119.6969986
2015/4/5,119.6969986
2015/4/6,118.822998
2015/4/7,119.4769974
2015/4/8,120.2900009
2015/4/9,120.0940018
2015/4/10,120.5500031
2015/4/11,120.5500031
2015/4/12,120.5500031
2015/4/13,120.2089996
2015/4/14,120.0589981
2015/4/15,119.4570007
2015/4/16,119.1429977
2015/4/17,119.0439987
2015/4/18,119.0439987
2015/4/19,119.0439987
2015/4/20,118.8180008
2015/4/21,119.1949997
2015/4/22,119.6330032
2015/4/23,119.9499969
2015/4/24,119.5709991
2015/4/25,119.5709991
2015/4/26,119.5709991
2015/4/27,118.927002
2015/4/28,119.1259995
2015/4/29,118.822998
2015/4/30,118.9700012
2015/5/1,119.4520035
2015/5/2,119.4520035
2015/5/3,119.4520035
2015/5/4,120.1360016
2015/5/5,120.0999985
2015/5/6,119.9219971
2015/5/7,119.3970032
2015/5/8,119.7089996
2015/5/9,119.7089996
2015/5/10,119.7089996
2015/5/11,119.7799988
2015/5/12,120.1309967
2015/5/13,119.8349991
2015/5/14,119.1600037
2015/5/15,119.1910019
2015/5/16,119.1910019
2015/5/17,119.1910019
2015/5/18,119.3300018
2015/5/19,119.9000015
2015/5/20,120.6520004
2015/5/21,121.211998
2015/5/22,121.0390015
2015/5/23,121.0390015
2015/5/24,121.0390015
2015/5/25,121.5709991
2015/5/26,121.5999985
2015/5/27,122.9860001
2015/5/28,123.7399979
2015/5/29,123.8199997
2015/5/30,123.8199997
2015/5/31,123.8199997
2015/6/1,124.1930008
2015/6/2,124.8470001
2015/6/3,124.0360031
2015/6/4,124.3040009
2015/6/5,124.3799973
2015/6/6,124.3799973
2015/6/7,124.3799973
2015/6/8,125.6289978
2015/6/9,124.5630035
2015/6/10,124.3389969
2015/6/11,122.8659973
2015/6/12,123.5810013
2015/6/13,123.5810013
2015/6/14,123.5810013
2015/6/15,123.2900009
2015/6/16,123.4199982
2015/6/17,123.439003
2015/6/18,123.5299988
2015/6/19,123.0019989
2015/6/20,123.0019989
2015/6/21,123.0019989
2015/6/22,122.7509995
2015/6/23,123.3789978
2015/6/24,123.8600006
2015/6/25,123.8509979
2015/6/26,123.5979996
2015/6/27,123.5979996
2015/6/28,123.5979996
2015/6/29,122.6119995
2015/6/30,122.6699982
2015/7/1,122.3860016
2015/7/2,123.3199997
2015/7/3,123.0589981
2015/7/4,123.0589981
2015/7/5,123.0589981
2015/7/6,122.4069977
2015/7/7,122.6110001
2015/7/8,122.4899979
2015/7/9,120.8619995
2015/7/10,121.6999969
2015/7/11,121.6999969
2015/7/12,121.6999969
2015/7/13,122.4960022
2015/7/14,123.5699997
2015/7/15,123.3199997
2015/7/16,123.8700027
2015/7/17,124.1490021
2015/7/18,124.1490021
2015/7/19,124.1490021
2015/7/20,124.1419983
2015/7/21,124.2939987
2015/7/22,123.8600006
2015/7/23,124.0680008
2015/7/24,123.8759995
2015/7/25,123.8759995
2015/7/26,123.8759995
2015/7/27,123.7630005
2015/7/28,123.2399979
2015/7/29,123.5759964
2015/7/30,123.9400024
2015/7/31,124.0709991
2015/8/1,124.0709991
2015/8/2,124.0709991
2015/8/3,124.0400009
2015/8/4,123.9449997
2015/8/5,124.2740021
2015/8/6,124.7300034
2015/8/7,124.7340012
2015/8/8,124.7340012
2015/8/9,124.7340012
2015/8/10,124.3000031
2015/8/11,124.612999
2015/8/12,125.0699997
2015/8/13,124.2549973
2015/8/14,124.362999
2015/8/15,124.362999
2015/8/16,124.362999
2015/8/17,124.3499985
2015/8/18,124.4380035
2015/8/19,124.3710022
2015/8/20,123.8970032
2015/8/21,123.4199982
2015/8/22,123.4199982
2015/8/23,123.4199982
2015/8/24,121.7320023
2015/8/25,118.8840027
2015/8/26,118.5400009
2015/8/27,120.0579987
2015/8/28,121.0029984
2015/8/29,121.0029984
2015/8/30,121.0029984
2015/8/31,121.2890015
2015/9/1,121.0889969
2015/9/2,119.7149963
2015/9/3,120.5800018
2015/9/4,120.0559998
2015/9/5,120.0559998
2015/9/6,120.0559998
2015/9/7,119.1640015
2015/9/8,119.4029999
2015/9/9,120.0889969
2015/9/10,120.2779999
2015/9/11,120.6190033
2015/9/12,120.6190033
2015/9/13,120.6190033
2015/9/14,120.7959976
2015/9/15,120.3600006
2015/9/16,120.4339981
2015/9/17,120.5230026
2015/9/18,120.0459976
2015/9/19,120.0459976
2015/9/20,120.0459976
2015/9/21,120.0009995
2015/9/22,120.4980011
2015/9/23,120.0800018
2015/9/24,120.1999969
2015/9/25,120.2399979
2015/9/26,120.2399979
2015/9/27,120.2399979
2015/9/28,120.3679962
2015/9/29,119.8399963
2015/9/30,119.8600006
2015/10/1,119.8590012
2015/10/2,119.8099976
2015/10/3,119.8099976
2015/10/4,119.8099976
2015/10/5,119.9950027
2015/10/6,120.4609985
2015/10/7,120.2399979
2015/10/8,119.9150009
2015/10/9,119.9290009
2015/10/10,119.9290009
2015/10/11,119.9290009
2015/10/12,120.1790009
2015/10/13,120.0110016
2015/10/14,119.7200012
2015/10/15,118.8300018
2015/10/16,119.0500031
2015/10/17,119.0500031
2015/10/18,119.0500031
2015/10/19,119.2699966
2015/10/20,119.5029984
2015/10/21,119.7799988
2015/10/22,119.8420029
2015/10/23,120.8600006
2015/10/24,120.8600006
2015/10/25,120.8600006
2015/10/26,121.2959976
2015/10/27,120.9489975
2015/10/28,120.4769974
2015/10/29,120.8600006
2015/10/30,121
2015/10/31,121
2015/11/1,121
2015/11/2,120.4950027
2015/11/3,120.788002
2015/11/4,121.0950012
2015/11/5,121.4899979
2015/11/6,121.6699982
2015/11/7,121.6699982
2015/11/8,121.6699982
2015/11/9,123.1999969
2015/11/10,123.0770035
2015/11/11,123.0839996
2015/11/12,122.7570038
2015/11/13,122.5599976
2015/11/14,122.5599976
2015/11/15,122.5599976
2015/11/16,122.3639984
2015/11/17,123.2659988
2015/11/18,123.4449997
2015/11/19,123.5250015
2015/11/20,122.9120026
2015/11/21,122.9120026
2015/11/22,122.9120026
2015/11/23,122.9229965
2015/11/24,122.9150009
2015/11/25,122.5049973
2015/11/26,122.6800003
2015/11/27,122.6340027
2015/11/28,122.6340027
2015/11/29,122.6340027
2015/11/30,122.8300018
2015/12/1,123.2099991
2015/12/2,122.9150009
2015/12/3,123.2259979
2015/12/4,122.6529999
2015/12/5,122.6529999
2015/12/6,122.6529999
2015/12/7,123.1900024
2015/12/8,123.2799988
2015/12/9,122.9120026
2015/12/10,121.6999969
2015/12/11,121.7099991
2015/12/12,121.7099991
2015/12/13,121.7099991
2015/12/14,120.8929977
2015/12/15,121.0899963
2015/12/16,121.6750031
2015/12/17,122.4629974
2015/12/18,122.4499969
2015/12/19,122.4499969
2015/12/20,122.4499969
2015/12/21,121.3000031
2015/12/22,121.2060013
2015/12/23,121.0299988
2015/12/24,120.9349976
2015/12/25,120.1699982
2015/12/26,120.1699982
2015/12/27,120.1699982
2015/12/28,120.2310028
2015/12/29,120.3499985
2015/12/30,120.5289993
2015/12/31,120.4499969
2016/1/1,120.288002
2016/1/2,120.288002
2016/1/3,120.288002
2016/1/4,120.310997
2016/1/5,119.4670029
2016/1/6,119.1019974
2016/1/7,118.6100006
2016/1/8,117.5400009
2016/1/9,117.5400009
2016/1/10,117.5400009
2016/1/11,117.0800018
2016/1/12,117.6500015
2016/1/13,117.8300018
2016/1/14,117.4250031
2016/1/15,118.2030029
2016/1/16,118.2030029
2016/1/17,118.2030029
2016/1/18,116.9899979
2016/1/19,117.3840027
2016/1/20,117.5650024
2016/1/21,117.1340027
2016/1/22,117.9240036
2016/1/23,117.9240036
2016/1/24,117.9240036
2016/1/25,118.5719986
2016/1/26,118.2279968
2016/1/27,118.3799973
2016/1/28,118.4670029
2016/1/29,118.9300003
2016/1/30,118.9300003
2016/1/31,118.9300003
2016/2/1,121.3399963
2016/2/2,120.8399963
2016/2/3,119.8560028
2016/2/4,118.1200027
2016/2/5,116.8659973
2016/2/6,116.8659973
2016/2/7,116.8659973
2016/2/8,116.9499969
2016/2/9,115.6679993
2016/2/10,115.1910019
2016/2/11,113.2519989
2016/2/12,112.4970016
2016/2/13,112.4970016
2016/2/14,112.4970016
2016/2/15,113.6699982
2016/2/16,114.3219986
2016/2/17,114.0800018
2016/2/18,114.2799988
2016/2/19,113.25
2016/2/20,113.25
2016/2/21,113.25
2016/2/22,112.4889984
2016/2/23,112.9710007
2016/2/24,111.8799973
2016/2/25,112.1009979
2016/2/26,113.1179962
2016/2/27,113.1179962
2016/2/28,113.1179962
2016/2/29,113.6600037
2016/3/1,112.4300003
2016/3/2,113.9300003
2016/3/3,113.4660034
2016/3/4,113.6699982
2016/3/5,113.6699982
2016/3/6,113.6699982
2016/3/7,113.8030014
2016/3/8,113.4520035
2016/3/9,112.6600037
2016/3/10,113.2529984
2016/3/11,112.8600006
2016/3/12,112.8600006
2016/3/13,112.8600006
2016/3/14,113.7779999
2016/3/15,113.8300018
2016/3/16,113.1050034
2016/3/17,112.7519989
2016/3/18,111.3499985
2016/3/19,111.3499985
2016/3/20,111.3499985
2016/3/21,111.4449997
2016/3/22,112.1389999
2016/3/23,112.2519989
2016/3/24,112.4000015
2016/3/25,112.8300018
2016/3/26,112.8300018
2016/3/27,112.8300018
2016/3/28,113.4499969
2016/3/29,113.3639984
2016/3/30,112.6800003
2016/3/31,112.3659973
2016/4/1,112.4800034
2016/4/2,112.4800034
2016/4/3,112.4800034
2016/4/4,111.7220001
2016/4/5,111.25
2016/4/6,110.3779984
2016/4/7,109.6989975
2016/4/8,108.427002
2016/4/9,108.427002
2016/4/10,108.427002
2016/4/11,108.310997
2016/4/12,107.9300003
2016/4/13,108.6399994
2016/4/14,109.4199982
2016/4/15,109.3160019
2016/4/16,109.3160019
2016/4/17,109.3160019
2016/4/18,108.0169983
2016/4/19,109.072998
2016/4/20,109.2399979
2016/4/21,109.8379974
2016/4/22,109.4369965
2016/4/23,109.4369965
2016/4/24,109.4369965
2016/4/25,111.435997
2016/4/26,111.1360016
2016/4/27,111.2300034
2016/4/28,111.5199966
2016/4/29,108.0759964
2016/4/30,108.0759964
2016/5/1,108.0759964
2016/5/2,106.4530029
2016/5/3,106.3960037
2016/5/4,106.6800003
2016/5/5,106.9199982
2016/5/6,107.2750015
2016/5/7,107.2750015
2016/5/8,107.2750015
2016/5/9,107.3600006
2016/5/10,108.3310013
2016/5/11,109.1940002
2016/5/12,108.4150009
2016/5/13,109.0999985
2016/5/14,109.0999985
2016/5/15,109.0999985
2016/5/16,108.6610031
2016/5/17,109.0800018
2016/5/18,108.9499969
2016/5/19,110.1399994
2016/5/20,109.8809967
2016/5/21,109.8809967
2016/5/22,109.8809967
2016/5/23,110.0500031
2016/5/24,109.3740005
2016/5/25,110.1699982
2016/5/26,110.1110001
2016/5/27,109.7129974
2016/5/28,109.7129974
2016/5/29,109.7129974
2016/5/30,110.7699966
2016/5/31,110.8410034
2016/6/1,110.6699982
2016/6/2,109.4769974
2016/6/3,108.8600006
2016/6/4,108.8600006
2016/6/5,108.8600006
2016/6/6,106.7210007
2016/6/7,107.4380035
2016/6/8,107.2539978
2016/6/9,106.7799988
2016/6/10,107.0899963
2016/6/11,107.0899963
2016/6/12,107.0899963
2016/6/13,106.5039978
2016/6/14,106.2259979
2016/6/15,106.086998
2016/6/16,105.8499985
2016/6/17,104.7429962
2016/6/18,104.7429962
2016/6/19,104.7429962
2016/6/20,104.6480026
2016/6/21,103.8239975
2016/6/22,104.6699982
2016/6/23,104.6500015
2016/6/24,104.8960037
2016/6/25,104.8960037
2016/6/26,104.8960037
2016/6/27,102.1269989
2016/6/28,101.8119965
2016/6/29,102.7009964
2016/6/30,102.7779999
2016/7/1,103.072998
2016/7/2,103.072998
2016/7/3,103.072998
2016/7/4,102.487999
2016/7/5,102.5179977
2016/7/6,101.1409988
2016/7/7,101.1500015
2016/7/8,100.7900009
2016/7/9,100.7900009
2016/7/10,100.7900009
2016/7/11,100.6920013
2016/7/12,102.5240021
2016/7/13,104.7559967
2016/7/14,104.0759964
2016/7/15,105.1910019
2016/7/16,105.1910019
2016/7/17,105.1910019
2016/7/18,105.4589996
2016/7/19,106.1460037
2016/7/20,106.137001
2016/7/21,107.2040024
2016/7/22,105.810997
2016/7/23,105.810997
2016/7/24,105.810997
2016/7/25,106.3259964
2016/7/26,105.5780029
2016/7/27,104.848999
2016/7/28,104.9509964
2016/7/29,104.7450027
2016/7/30,104.7450027
2016/7/31,104.7450027
2016/8/1,102.3320007
2016/8/2,102.3590012
2016/8/3,101.0680008
2016/8/4,101.336998
2016/8/5,101.1989975
2016/8/6,101.1989975
2016/8/7,101.1989975
2016/8/8,102.1449966
2016/8/9,102.288002
2016/8/10,101.9150009
2016/8/11,101.1330032
2016/8/12,101.8079987
2016/8/13,101.8079987
2016/8/14,101.8079987
2016/8/15,101.2829971
2016/8/16,101.2399979
2016/8/17,100.1999969
2016/8/18,99.90599823
2016/8/19,100.1119995
2016/8/20,100.1119995
2016/8/21,100.1119995
2016/8/22,100.5540009
2016/8/23,100.2509995
2016/8/24,100.310997
2016/8/25,100.552002
2016/8/26,100.5550003
2016/8/27,100.5550003
2016/8/28,100.5550003
2016/8/29,101.9199982
2016/8/30,101.8089981
2016/8/31,102.8679962
2016/9/1,103.302002
2016/9/2,103.2580032
2016/9/3,103.2580032
2016/9/4,103.2580032
2016/9/5,103.9339981
2016/9/6,103.5100021
2016/9/7,101.5250015
2016/9/8,101.8290024
2016/9/9,102.3059998
2016/9/10,102.3059998
2016/9/11,102.3059998
2016/9/12,102.4380035
2016/9/13,101.7509995
2016/9/14,102.5039978
2016/9/15,102.5479965
2016/9/16,102.0080032
2016/9/17,102.0080032
2016/9/18,102.0080032
2016/9/19,102.3069992
2016/9/20,101.8460007
2016/9/21,101.5469971
2016/9/22,100.3929977
2016/9/23,100.8310013
2016/9/24,100.8310013
2016/9/25,100.8310013
2016/9/26,100.8889999
2016/9/27,100.3590012
2016/9/28,100.4680023
2016/9/29,100.9349976
2016/9/30,101.1989975
2016/10/1,101.1989975
2016/10/2,101.1989975
2016/10/3,101.5630035
2016/10/4,101.8170013
2016/10/5,102.8799973
2016/10/6,103.4599991
2016/10/7,103.7649994
2016/10/8,103.7649994
2016/10/9,103.7649994
2016/10/10,103.0179977
2016/10/11,103.6969986
2016/10/12,103.3420029
2016/10/13,104.3040009
2016/10/14,103.7220001
2016/10/15,103.7220001
2016/10/16,103.7220001
2016/10/17,104.0390015
2016/10/18,103.8509979
2016/10/19,103.8649979
2016/10/20,103.3909988
2016/10/21,104.1090012
2016/10/22,104.1090012
2016/10/23,104.1090012
2016/10/24,103.9169998
2016/10/25,104.3209991
2016/10/26,104.1539993
2016/10/27,104.5630035
2016/10/28,105.2089996
2016/10/29,105.2089996
2016/10/30,105.2089996
2016/10/31,104.5650024
2016/11/1,104.8199997
2016/11/2,104.0920029
2016/11/3,103.3779984
2016/11/4,103.052002
2016/11/5,103.052002
2016/11/6,103.052002
2016/11/7,104.1949997
2016/11/8,104.4380035
2016/11/9,105.0299988
2016/11/10,105.8529968
2016/11/11,106.8560028
2016/11/12,106.8560028
2016/11/13,106.8560028
2016/11/14,106.8710022
2016/11/15,108.2020035
2016/11/16,109.038002
2016/11/17,108.7850037
2016/11/18,110.2559967
2016/11/19,110.2559967
2016/11/20,110.2559967
2016/11/21,110.9729996
2016/11/22,110.6500015
2016/11/23,111.0059967
2016/11/24,112.5820007
2016/11/25,113.2919998
2016/11/26,113.2919998
2016/11/27,113.2919998
2016/11/28,112.6520004
2016/11/29,111.6900024
2016/11/30,112.4700012
2016/12/1,114.6940002
2016/12/2,113.9089966
2016/12/3,113.9089966
2016/12/4,113.9089966
2016/12/5,113.5049973
2016/12/6,113.862999
2016/12/7,114.052002
2016/12/8,113.7129974
2016/12/9,114.0749969
2016/12/10,114.0749969
2016/12/11,114.0749969
2016/12/12,115.4120026
2016/12/13,115.0019989
2016/12/14,115.223999
2016/12/15,117.2109985
2016/12/16,118.2409973
2016/12/17,118.2409973
2016/12/18,118.2409973
2016/12/19,117.7910004
2016/12/20,117.0370026
2016/12/21,117.875
2016/12/22,117.6039963
2016/12/23,117.5419998
2016/12/24,117.5419998
2016/12/25,117.5419998
2016/12/26,117.3099976
2016/12/27,117.1920013
2016/12/28,117.4800034
2016/12/29,117.086998
2016/12/30,116.2669983
2016/12/31,116.2669983
2017/1/1,116.2669983
2017/1/2,116.7949982
2017/1/3,117.4950027
2017/1/4,117.6589966
2017/1/5,117.112999
2017/1/6,115.2649994
2017/1/7,115.2649994
2017/1/8,115.2649994
2017/1/9,117.1500015
2017/1/10,115.9850006
2017/1/11,115.8720016
2017/1/12,115.0979996
2017/1/13,114.6640015
2017/1/14,114.6640015
2017/1/15,114.6640015
2017/1/16,114.2269974
2017/1/17,114.1520004
2017/1/18,112.8779984
2017/1/19,114.762001
2017/1/20,114.9800034
2017/1/21,114.9800034
2017/1/22,114.9800034
2017/1/23,113.8099976
2017/1/24,112.7799988
2017/1/25,113.8399963
2017/1/26,113.2929993
2017/1/27,114.4550018
2017/1/28,114.4550018
2017/1/29,114.4550018
2017/1/30,114.6679993
2017/1/31,113.6500015
2017/2/1,112.7429962
2017/2/2,113.310997
2017/2/3,112.7890015
2017/2/4,112.7890015
2017/2/5,112.7890015
2017/2/6,112.6389999
2017/2/7,111.8270035
2017/2/8,112.387001
2017/2/9,111.9520035
2017/2/10,113.4339981
2017/2/11,113.4339981
2017/2/12,113.4339981
2017/2/13,113.9140015
2017/2/14,113.7050018
2017/2/15,114.3010025
2017/2/16,114.1119995
2017/2/17,113.3050003
2017/2/18,113.3050003
2017/2/19,113.3050003
2017/2/20,112.9110031
2017/2/21,113.2799988
2017/2/22,113.6689987
2017/2/23,113.4169998
2017/2/24,112.6819992
2017/2/25,112.6819992
2017/2/26,112.6819992
2017/2/27,112.1880035
2017/2/28,112.7450027
2017/3/1,113.0770035
2017/3/2,114.1210022
2017/3/3,114.3420029
2017/3/4,114.3420029
2017/3/5,114.3420029
2017/3/6,113.8470001
2017/3/7,113.9169998
2017/3/8,113.9260025
2017/3/9,114.4110031
2017/3/10,115.1490021
2017/3/11,115.1490021
2017/3/12,115.1490021
2017/3/13,114.7320023
2017/3/14,114.9150009
2017/3/15,114.6589966
2017/3/16,113.4020004
2017/3/17,113.3399963
2017/3/18,113.3399963
2017/3/19,113.3399963
2017/3/20,112.6740036
2017/3/21,112.572998
2017/3/22,111.5319977
2017/3/23,111.3690033
2017/3/24,111.0039978
2017/3/25,111.0039978
2017/3/26,111.0039978
2017/3/27,110.552002
2017/3/28,110.7710037
2017/3/29,111.2259979
2017/3/30,111.1539993
2017/3/31,111.776001
2017/4/1,111.776001
2017/4/2,111.776001
2017/4/3,111.2649994
2017/4/4,110.7089996
2017/4/5,110.8539963
2017/4/6,110.3809967
2017/4/7,110.8970032
2017/4/8,110.8970032
2017/4/9,110.8970032
2017/4/10,111.2249985
2017/4/11,110.7170029
2017/4/12,109.586998
2017/4/13,108.9020004
2017/4/14,109.1009979
2017/4/15,109.1009979
2017/4/16,109.1009979
2017/4/17,108.322998
2017/4/18,109.1119995
2017/4/19,108.5350037
2017/4/20,108.8339996
2017/4/21,109.375
2017/4/22,109.375
2017/4/23,109.375
2017/4/24,109.9779968
2017/4/25,109.6409988
2017/4/26,111.0459976
2017/4/27,111.1910019
2017/4/28,111.2259979
2017/4/29,111.2259979
2017/4/30,111.2259979
2017/5/1,111.302002
2017/5/2,111.8119965
2017/5/3,111.9690018
2017/5/4,112.7829971
2017/5/5,112.5370026
2017/5/6,112.5370026
2017/5/7,112.5370026
2017/5/8,112.6839981
2017/5/9,113.2300034
2017/5/10,113.697998
2017/5/11,114.3280029
2017/5/12,113.8089981
2017/5/13,113.8089981
2017/5/14,113.8089981
2017/5/15,113.2710037
2017/5/16,113.6419983
2017/5/17,112.6460037
2017/5/18,111.1259995
2017/5/19,111.401001
2017/5/20,111.401001
2017/5/21,111.401001
2017/5/22,111.2839966
2017/5/23,110.8909988
2017/5/24,111.9570007
2017/5/25,111.5240021
2017/5/26,111.7300034
2017/5/27,111.7300034
2017/5/28,111.7300034
2017/5/29,111.2559967
2017/5/30,111.1740036
2017/5/31,110.8389969
2017/6/1,110.7959976
2017/6/2,111.4369965
2017/6/3,111.4369965
2017/6/4,111.4369965
2017/6/5,110.4629974
2017/6/6,110.3809967
2017/6/7,109.5090027
2017/6/8,109.9000015
2017/6/9,109.8590012
2017/6/10,109.8590012
2017/6/11,109.8590012
2017/6/12,110.288002
2017/6/13,109.9209976
2017/6/14,110.0550003
2017/6/15,109.4459991
2017/6/16,110.9520035
2017/6/17,110.9520035
2017/6/18,110.9520035
2017/6/19,110.9540024
2017/6/20,111.6729965
2017/6/21,111.3339996
2017/6/22,111.3099976
2017/6/23,111.2900009
2017/6/24,111.2900009
2017/6/25,111.2900009
2017/6/26,111.2389984
2017/6/27,111.8580017
2017/6/28,112.1880035
2017/6/29,112.3539963
2017/6/30,112.0090027
2017/7/1,112.0090027
2017/7/2,112.0090027
2017/7/3,112.262001
2017/7/4,113.3860016
2017/7/5,112.961998
2017/7/6,113.1869965
2017/7/7,113.1490021
2017/7/8,113.1490021
2017/7/9,113.1490021
2017/7/10,113.9850006
2017/7/11,113.9850006
2017/7/12,113.7480011
2017/7/13,113.3349991
2017/7/14,113.4179993
2017/7/15,113.4179993
2017/7/16,113.4179993
2017/7/17,112.3970032
2017/7/18,112.5810013
2017/7/19,111.9950027
2017/7/20,111.8769989
2017/7/21,111.8850021
2017/7/22,111.8850021
2017/7/23,111.8850021
2017/7/24,110.9449997
2017/7/25,111.2320023
2017/7/26,112.0029984
2017/7/27,111.1279984
2017/7/28,111.0970001
2017/7/29,111.0970001
2017/7/30,111.0970001
2017/7/31,110.5100021
2017/8/1,110.3590012
2017/8/2,110.4319992
2017/8/3,110.7570038
2017/8/4,109.9000015
2017/8/5,109.9000015
2017/8/6,109.9000015
2017/8/7,110.7860031
2017/8/8,110.75
2017/8/9,110.1019974
2017/8/10,110.0490036
2017/8/11,109.1060028
2017/8/12,109.1060028
2017/8/13,109.1060028
2017/8/14,109.2300034
2017/8/15,109.9319992
2017/8/16,110.5960007
2017/8/17,109.9990005
2017/8/18,109.3280029
2017/8/19,109.3280029
2017/8/20,109.3280029
2017/8/21,109.3199997
2017/8/22,108.9440002
2017/8/23,109.7310028
2017/8/24,108.9100037
2017/8/25,109.5139999
2017/8/26,109.5139999
2017/8/27,109.5139999
2017/8/28,109.3460007
2017/8/29,108.7369995
2017/8/30,109.7900009
2017/8/31,110.4599991
2017/9/1,110.1289978
2017/9/2,110.1289978
2017/9/3,110.1289978
2017/9/4,109.7949982
2017/9/5,109.8099976
2017/9/6,108.6019974
2017/9/7,109.1340027
2017/9/8,108.2699966
2017/9/9,108.2699966
2017/9/10,108.2699966
2017/9/11,108.2310028
2017/9/12,109.3949966
2017/9/13,110.2259979
2017/9/14,110.5149994
2017/9/15,109.9189987
2017/9/16,109.9189987
2017/9/17,109.9189987
2017/9/18,111.1969986
2017/9/19,111.4960022
2017/9/20,111.5780029
2017/9/21,112.5459976
2017/9/22,112.4520035
2017/9/23,112.4520035
2017/9/24,112.4520035
2017/9/25,112.4440002
2017/9/26,111.7610016
2017/9/27,112.3769989
2017/9/28,112.8600006
2017/9/29,112.4670029
2017/9/30,112.4670029
2017/10/1,112.4670029
2017/10/2,112.6380005
2017/10/3,112.7699966
2017/10/4,112.8479996
2017/10/5,112.822998
2017/10/6,112.7740021
2017/10/7,112.7740021
2017/10/8,112.7740021
2017/10/9,112.5510025
2017/10/10,112.6579971
2017/10/11,112.3450012
2017/10/12,112.4339981
2017/10/13,112.2389984
2017/10/14,112.2389984
2017/10/15,112.2389984
2017/10/16,111.8820038
2017/10/17,112.1949997
2017/10/18,112.2129974
2017/10/19,113.0130005
2017/10/20,112.6800003
2017/10/21,112.6800003
2017/10/22,112.6800003
2017/10/23,114.0479965
2017/10/24,113.3399963
2017/10/25,113.9459991
2017/10/26,113.5579987
2017/10/27,114.1240005
2017/10/28,114.1240005
2017/10/29,114.1240005
2017/10/30,113.7389984
2017/10/31,112.9960022
2017/11/1,113.6500015
2017/11/2,114.1520004
2017/11/3,114.0159988
2017/11/4,114.0159988
2017/11/5,114.0159988
2017/11/6,114.1780014
2017/11/7,113.7710037
2017/11/8,113.7610016
2017/11/9,113.927002
2017/11/10,113.375
2017/11/11,113.375
2017/11/12,113.375
2017/11/13,113.685997
2017/11/14,113.5849991
2017/11/15,113.4020004
2017/11/16,113.4020004
2017/11/17,113.0279999
2017/11/18,113.0279999
2017/11/19,113.0279999
2017/11/20,112.038002
2017/11/21,112.5510025
2017/11/22,112.3410034
2017/11/23,111.3130035
2017/11/24,111.2539978
2017/11/25,111.2539978
2017/11/26,111.2539978
2017/11/27,111.6709976
2017/11/28,111.1699982
2017/11/29,111.6480026
2017/11/30,112.0019989
2017/12/1,112.5559998
2017/12/2,112.5559998
2017/12/3,112.5559998
2017/12/4,112.8639984
2017/12/5,112.4990005
2017/12/6,112.4639969
2017/12/7,112.2910004
2017/12/8,113.1729965
2017/12/9,113.1729965
2017/12/10,113.1729965
2017/12/11,113.5429993
2017/12/12,113.5400009
2017/12/13,113.5449982
2017/12/14,112.7819977
2017/12/15,112.3960037
2017/12/16,112.3960037
2017/12/17,112.3960037
2017/12/18,112.7160034
2017/12/19,112.5680008
2017/12/20,112.9830017
2017/12/21,113.2409973
2017/12/22,113.322998
2017/12/23,113.322998
2017/12/24,113.322998
2017/12/25,113.3079987
2017/12/26,113.3030014
2017/12/27,113.2030029
2017/12/28,113.2170029
2017/12/29,112.875
2017/12/30,112.875
2017/12/31,112.875
2018/1/1,112.6660004
2018/1/2,112.7699966
2018/1/3,112.2440033
2018/1/4,112.6070023
2018/1/5,112.7829971
2018/1/6,112.7829971
2018/1/7,112.7829971
2018/1/8,113.1539993
2018/1/9,113.1409988
2018/1/10,112.7549973
2018/1/11,111.4440002
2018/1/12,111.2939987
2018/1/13,111.2939987
2018/1/14,111.2939987
2018/1/15,111.0999985
2018/1/16,110.5810013
2018/1/17,110.3880005
2018/1/18,111.3759995
2018/1/19,111.026001
2018/1/20,111.026001
2018/1/21,111.026001
2018/1/22,110.6839981
2018/1/23,110.9660034
2018/1/24,110.1070023
2018/1/25,109.3259964
2018/1/26,109.7040024
2018/1/27,109.7040024
2018/1/28,109.7040024
2018/1/29,108.6389999
2018/1/30,108.9260025
2018/1/31,108.7320023
2018/2/1,109.2009964
2018/2/2,109.4059982
2018/2/3,109.4059982
2018/2/4,109.4059982
2018/2/5,110.0350037
2018/2/6,109.0950012
2018/2/7,109.6269989
2018/2/8,109.1959991
2018/2/9,108.5289993
2018/2/10,108.5289993
2018/2/11,108.5289993
2018/2/12,108.8000031
2018/2/13,108.6900024
2018/2/14,107.7639999
2018/2/15,106.586998
2018/2/16,106.1110001
2018/2/17,106.1110001
2018/2/18,106.1110001
2018/2/19,106.2610016
2018/2/20,106.7089996
2018/2/21,107.3809967
2018/2/22,107.5550003
2018/2/23,106.814003
2018/2/24,106.814003
2018/2/25,106.814003
2018/2/26,107.0739975
2018/2/27,107.0690002
2018/2/28,107.4260025
2018/3/1,106.6399994
2018/3/2,106.163002
2018/3/3,106.163002
2018/3/4,106.163002
2018/3/5,105.5559998
2018/3/6,106.25
2018/3/7,105.5370026
2018/3/8,106.185997
2018/3/9,106.4059982
2018/3/10,106.4059982
2018/3/11,106.4059982
2018/3/12,106.8909988
2018/3/13,106.2600021
2018/3/14,106.5080032
2018/3/15,106.1549988
2018/3/16,106.3089981
2018/3/17,106.3089981
2018/3/18,106.3089981
2018/3/19,105.9690018
2018/3/20,105.9960022
2018/3/21,106.4690018
2018/3/22,105.9290009
2018/3/23,104.9680023
2018/3/24,104.9680023
2018/3/25,104.9680023
2018/3/26,104.8590012
2018/3/27,105.5
2018/3/28,105.4929962
2018/3/29,106.8119965
2018/3/30,106.4789963
2018/3/31,106.4789963
2018/4/1,106.4789963
2018/4/2,106.3119965
2018/4/3,105.7990036
2018/4/4,106.435997
2018/4/5,106.7740021
2018/4/6,107.052002
2018/4/7,107.052002
2018/4/8,107.052002
2018/4/9,106.9680023
2018/4/10,106.7490005
2018/4/11,107.112999
2018/4/12,106.8290024
2018/4/13,107.2220001
2018/4/14,107.2220001
2018/4/15,107.2220001
2018/4/16,107.4980011
2018/4/17,107.0459976
2018/4/18,107.0159988
2018/4/19,107.3460007
2018/4/20,107.4319992
2018/4/21,107.4319992
2018/4/22,107.4319992
2018/4/23,107.8690033
2018/4/24,108.7610016
2018/4/25,108.8030014
2018/4/26,109.3639984
2018/4/27,109.3000031
2018/4/28,109.3000031
2018/4/29,109.3000031
2018/4/30,109.0979996
2018/5/1,109.322998
2018/5/2,109.8720016
2018/5/3,109.8270035
2018/5/4,109.0960007
2018/5/5,109.0960007
2018/5/6,109.0960007
2018/5/7,109.1460037
2018/5/8,108.9430008
2018/5/9,109.0240021
2018/5/10,109.8470001
2018/5/11,109.435997
2018/5/12,109.435997
2018/5/13,109.435997
2018/5/14,109.3379974
2018/5/15,109.7310028
2018/5/16,110.2969971
2018/5/17,110.3590012
2018/5/18,110.8280029
2018/5/19,110.8280029
2018/5/20,110.8280029
2018/5/21,110.8799973
2018/5/22,110.9779968
2018/5/23,110.7259979
2018/5/24,109.8690033
2018/5/25,109.3119965
2018/5/26,109.3119965
2018/5/27,109.3119965
2018/5/28,109.6230011
2018/5/29,109.3889999
2018/5/30,108.3939972
2018/5/31,108.711998
2018/6/1,108.7490005
2018/6/2,108.7490005
2018/6/3,108.7490005
2018/6/4,109.5979996
2018/6/5,109.9629974
2018/6/6,109.8590012
2018/6/7,110.125
2018/6/8,109.6940002
2018/6/9,109.6940002
2018/6/10,109.6940002
2018/6/11,109.4430008
2018/6/12,110.3860016
2018/6/13,110.4520035
2018/6/14,110.2419968
2018/6/15,110.6449966
2018/6/16,110.6449966
2018/6/17,110.6449966
2018/6/18,110.6169968
2018/6/19,110.1380005
2018/6/20,110.0709991
2018/6/21,110.3519974
2018/6/22,109.9520035
2018/6/23,109.9520035
2018/6/24,109.9520035
2018/6/25,109.9369965
2018/6/26,109.6429977
2018/6/27,110.0970001
2018/6/28,110.2149963
2018/6/29,110.4860001
2018/6/30,110.4860001
2018/7/1,110.4860001
2018/7/2,110.7099991
2018/7/3,110.8710022
2018/7/4,110.4079971
2018/7/5,110.5019989
2018/7/6,110.5790024
2018/7/7,110.5790024
2018/7/8,110.5790024
2018/7/9,110.4219971
2018/7/10,110.9530029
2018/7/11,110.8310013
2018/7/12,111.9580002
2018/7/13,112.6650009
2018/7/14,112.6650009
2018/7/15,112.6650009
2018/7/16,112.3990021
2018/7/17,112.3740005
2018/7/18,113.012001
2018/7/19,112.7910004
2018/7/20,112.362999
2018/7/21,112.362999
2018/7/22,112.362999
2018/7/23,111.0530014
2018/7/24,111.4599991
2018/7/25,111.2409973
2018/7/26,110.8450012
2018/7/27,111.1460037
2018/7/28,111.1460037
2018/7/29,111.1460037
2018/7/30,110.9339981
2018/7/31,110.9940033
2018/8/1,111.8079987
2018/8/2,111.6200027
2018/8/3,111.6900024
2018/8/4,111.6900024
2018/8/5,111.6900024
2018/8/6,111.2340012
2018/8/7,111.3399963
2018/8/8,111.3450012
2018/8/9,110.8919983
2018/8/10,111.0910034
2018/8/11,111.0910034
2018/8/12,111.0910034
2018/8/13,110.6289978
2018/8/14,110.6610031
2018/8/15,111.2460022
2018/8/16,110.5759964
2018/8/17,111.0039978
2018/8/18,111.0039978
2018/8/19,111.0039978
2018/8/20,110.4749985
2018/8/21,109.947998
2018/8/22,110.1340027
2018/8/23,110.5879974
2018/8/24,111.3669968
2018/8/25,111.3669968
2018/8/26,111.3669968
2018/8/27,111.2819977
2018/8/28,111.137001
2018/8/29,111.1620026
2018/8/30,111.711998
2018/8/31,110.9990005
2018/9/1,110.9990005
2018/9/2,110.9990005
2018/9/3,111.1439972
2018/9/4,111.0879974
2018/9/5,111.4609985
2018/9/6,111.4489975
2018/9/7,110.4950027
2018/9/8,110.4950027
2018/9/9,110.4950027
2018/9/10,110.9199982
2018/9/11,111.1480026
2018/9/12,111.6070023
2018/9/13,111.2200012
2018/9/14,112.012001
2018/9/15,112.012001
2018/9/16,112.012001
2018/9/17,111.9530029
2018/9/18,111.6900024
2018/9/19,112.2770004
2018/9/20,112.3170013
2018/9/21,112.4950027
2018/9/22,112.4950027
2018/9/23,112.4950027
2018/9/24,112.5240021
2018/9/25,112.7860031
2018/9/26,112.9690018
2018/9/27,112.7040024
2018/9/28,113.3570023
2018/9/29,113.3570023
2018/9/30,113.3570023
2018/10/1,113.7959976
2018/10/2,113.9459991
2018/10/3,113.5770035
2018/10/4,114.4860001
2018/10/5,113.8939972
2018/10/6,113.8939972
2018/10/7,113.8939972
2018/10/8,113.7149963
2018/10/9,113.0970001
2018/10/10,112.9980011
2018/10/11,112.0920029
2018/10/12,112.0800018
2018/10/13,112.0800018
2018/10/14,112.0800018
2018/10/15,112.1920013
2018/10/16,111.8410034
2018/10/17,112.3420029
2018/10/18,112.6279984
2018/10/19,112.1849976
2018/10/20,112.1849976
2018/10/21,112.1849976
2018/10/22,112.4800034
2018/10/23,112.7570038
2018/10/24,112.4440002
2018/10/25,112.012001
2018/10/26,112.3499985
2018/10/27,112.3499985
2018/10/28,112.3499985
2018/10/29,111.9079971
2018/10/30,112.3239975
2018/10/31,113.052002
2018/11/1,112.8509979
2018/11/2,112.7149963
2018/11/3,112.7149963
2018/11/4,112.7149963
2018/11/5,113.1389999
2018/11/6,113.2460022
2018/11/7,113.362999
2018/11/8,113.5469971
2018/11/9,113.9530029
2018/11/10,113.9530029
2018/11/11,113.9530029
2018/11/12,113.8460007
2018/11/13,113.6959991
2018/11/14,113.7890015
2018/11/15,113.564003
2018/11/16,113.5550003
2018/11/17,113.5550003
2018/11/18,113.5550003
2018/11/19,112.7300034
2018/11/20,112.4430008
2018/11/21,112.7030029
2018/11/22,113.0210037
2018/11/23,112.9779968
2018/11/24,112.9779968
2018/11/25,112.9779968
2018/11/26,112.9189987
2018/11/27,113.5039978
2018/11/28,113.7669983
2018/11/29,113.5550003
2018/11/30,113.4110031
2018/12/1,113.4110031
2018/12/2,113.4110031
2018/12/3,113.7630005
2018/12/4,113.586998
2018/12/5,112.6989975
2018/12/6,113.0510025
2018/12/7,112.689003
2018/12/8,112.689003
2018/12/9,112.689003
2018/12/10,112.5019989
2018/12/11,113.1809998
2018/12/12,113.3840027
2018/12/13,113.2850037
2018/12/14,113.5599976
2018/12/15,113.5599976
2018/12/16,113.5599976
2018/12/17,113.3899994
2018/12/18,112.8290024
2018/12/19,112.5240021
2018/12/20,112.4100037
2018/12/21,111.1709976
2018/12/22,111.1709976
2018/12/23,111.1709976
2018/12/24,111.0540009
2018/12/25,110.310997
2018/12/26,110.4020004
2018/12/27,111.2060013
2018/12/28,110.8550034
2018/12/29,110.8550034
2018/12/30,110.8550034
2018/12/31,110.3300018
2019/1/1,109.6299973
2019/1/2,109.6679993
2019/1/3,107.4410019
2019/1/4,107.8079987
2019/1/5,107.8079987
2019/1/6,107.8079987
2019/1/7,108.5220032
2019/1/8,108.6159973
2019/1/9,108.776001
2019/1/10,108.189003
2019/1/11,108.2979965
2019/1/12,108.2979965
2019/1/13,108.2979965
2019/1/14,108.4580002
2019/1/15,108.25
2019/1/16,108.6439972
2019/1/17,109.0370026
2019/1/18,109.1529999
2019/1/19,109.1529999
2019/1/20,109.1529999
2019/1/21,109.6610031
2019/1/22,109.6699982
2019/1/23,109.3550034
2019/1/24,109.4919968
2019/1/25,109.5970001
2019/1/26,109.5970001
2019/1/27,109.5970001
2019/1/28,109.4000015
2019/1/29,109.2539978
2019/1/30,109.4169998
2019/1/31,108.9810028
2019/2/1,108.8440018
2019/2/2,108.8440018
2019/2/3,108.8440018
2019/2/4,109.4380035
2019/2/5,109.9609985
2019/2/6,109.9410019
2019/2/7,109.973999
2019/2/8,109.7559967
2019/2/9,109.7559967
2019/2/10,109.7559967
2019/2/11,109.8099976
2019/2/12,110.4000015
2019/2/13,110.5149994
2019/2/14,110.9229965
2019/2/15,110.538002
2019/2/16,110.538002
2019/2/17,110.538002
2019/2/18,110.564003
2019/2/19,110.5910034
2019/2/20,110.5719986
2019/2/21,110.7649994
2019/2/22,110.7080002
2019/2/23,110.7080002
2019/2/24,110.7080002
2019/2/25,110.7720032
2019/2/26,111.0459976
2019/2/27,110.5559998
2019/2/28,110.8619995
2019/3/1,111.3570023
2019/3/2,111.3570023
2019/3/3,111.3570023
2019/3/4,111.9380035
2019/3/5,111.7770004
2019/3/6,111.8659973
2019/3/7,111.6230011
2019/3/8,111.6340027
2019/3/9,111.6340027
2019/3/10,111.6340027
2019/3/11,111.0800018
2019/3/12,111.3420029
2019/3/13,111.3059998
2019/3/14,111.1959991
2019/3/15,111.7529984
2019/3/16,111.7529984
2019/3/17,111.7529984
2019/3/18,111.560997
2019/3/19,111.3730011
2019/3/20,111.401001
2019/3/21,110.6600037
2019/3/22,110.8059998
2019/3/23,110.8059998
2019/3/24,110.8059998
2019/3/25,110.0810013
2019/3/26,110.0680008
2019/3/27,110.5540009
2019/3/28,110.4899979
2019/3/29,110.637001
2019/3/30,110.637001
2019/3/31,110.637001
2019/4/1,110.9950027
2019/4/2,111.4509964
2019/4/3,111.3050003
2019/4/4,111.3949966
2019/4/5,111.6579971
2019/4/6,111.6579971
2019/4/7,111.6579971
2019/4/8,111.7109985
2019/4/9,111.4560013
2019/4/10,111.1050034
2019/4/11,110.9850006
2019/4/12,111.6210022
2019/4/13,111.6210022
2019/4/14,111.6210022
2019/4/15,112.0279999
2019/4/16,111.9430008
2019/4/17,111.9929962
2019/4/18,112.0360031
2019/4/19,111.9889984
2019/4/20,111.9889984
2019/4/21,111.9889984
2019/4/22,111.9100037
2019/4/23,111.9290009
2019/4/24,111.8769989
2019/4/25,112.1299973
2019/4/26,111.5390015
2019/4/27,111.5390015
2019/4/28,111.5390015
2019/4/29,111.5930023
2019/4/30,111.677002
2019/5/1,111.3949966
2019/5/2,111.4520035
2019/5/3,111.4950027
2019/5/4,111.4950027
2019/5/5,111.4950027
2019/5/6,110.6230011
2019/5/7,110.8050003
2019/5/8,110.2570038
2019/5/9,110.0279999
2019/5/10,109.8069992
2019/5/11,109.8069992
2019/5/12,109.8069992
2019/5/13,109.6539993
2019/5/14,109.1539993
2019/5/15,109.6709976
2019/5/16,109.4749985
2019/5/17,109.8710022
2019/5/18,109.8710022
2019/5/19,109.8710022
2019/5/20,110.1600037
2019/5/21,110.0699997
2019/5/22,110.0699997
2019/5/23,110.2210007
2019/5/24,109.5579987
2019/5/25,109.5579987
2019/5/26,109.5579987
2019/5/27,109.401001
2019/5/28,109.5090027
2019/5/29,109.3460007
2019/5/30,109.5419998
2019/5/31,109.3570023
2019/6/1,109.3570023
2019/6/2,109.3570023
2019/6/3,108.211998
2019/6/4,108.0270004
2019/6/5,108.2539978
2019/6/6,108.3280029
2019/6/7,108.4540024
2019/6/8,108.4540024
2019/6/9,108.4540024
2019/6/10,108.4489975
2019/6/11,108.3590012
2019/6/12,108.473999
2019/6/13,108.487999
2019/6/14,108.3209991
2019/6/15,108.3209991
2019/6/16,108.3209991
2019/6/17,108.5759964
2019/6/18,108.5390015
2019/6/19,108.572998
2019/6/20,108.1149979
2019/6/21,107.2770004
2019/6/22,107.2770004
2019/6/23,107.2770004
2019/6/24,107.3119965
2019/6/25,107.3270035
2019/6/26,107.1660004
2019/6/27,107.737999
2019/6/28,107.7470016
2019/6/29,107.7470016
2019/6/30,107.7470016
2019/7/1,108.3820038
2019/7/2,108.3659973
2019/7/3,107.8050003
2019/7/4,107.7789993
2019/7/5,107.8079987
2019/7/6,107.8079987
2019/7/7,107.8079987
2019/7/8,108.473999
2019/7/9,108.7210007
2019/7/10,108.9240036
2019/7/11,108.3339996
2019/7/12,108.5879974
2019/7/13,108.5879974
2019/7/14,108.5879974
2019/7/15,107.8320007
2019/7/16,107.8889999
2019/7/17,108.2009964
2019/7/18,107.9369965
2019/7/19,107.401001
2019/7/20,107.401001
2019/7/21,107.401001
2019/7/22,107.8099976
2019/7/23,107.9039993
2019/7/24,108.2320023
2019/7/25,108.189003
2019/7/26,108.6660004
2019/7/27,108.6660004
2019/7/28,108.6660004
2019/7/29,108.6330032
2019/7/30,108.8659973
2019/7/31,108.5619965
2019/8/1,108.8199997
2019/8/2,107.4309998
2019/8/3,107.4309998
2019/8/4,107.4309998
2019/8/5,106.5770035
2019/8/6,105.5930023
2019/8/7,106.336998
2019/8/8,106.1210022
2019/8/9,105.8740005
2019/8/10,105.8740005
2019/8/11,105.8740005
2019/8/12,105.3820038
2019/8/13,105.3580017
2019/8/14,106.5899963
2019/8/15,105.9160004
2019/8/16,106.0830002
2019/8/17,106.0830002
2019/8/18,106.0830002
2019/8/19,106.4300003
2019/8/20,106.5739975
2019/8/21,106.2740021
2019/8/22,106.5970001
2019/8/23,106.4680023
2019/8/24,106.4680023
2019/8/25,106.4680023
2019/8/26,104.8519974
2019/8/27,105.9779968
2019/8/28,105.737999
2019/8/29,106.0699997
2019/8/30,106.4380035
2019/8/31,106.4380035
2019/9/1,106.4380035
2019/9/2,106.1279984
2019/9/3,106.1930008
2019/9/4,105.8610001
2019/9/5,106.3249969
2019/9/6,107.0719986
2019/9/7,107.0719986
2019/9/8,107.0719986
2019/9/9,106.9449997
2019/9/10,107.336998
2019/9/11,107.5999985
2019/9/12,108.0210037
2019/9/13,108.1760025
2019/9/14,108.1760025
2019/9/15,108.1760025
2019/9/16,107.7649994
2019/9/17,108.1610031
2019/9/18,108.086998
2019/9/19,108.4250031
2019/9/20,108.0410004
2019/9/21,108.0410004
2019/9/22,108.0410004
2019/9/23,107.6520004
2019/9/24,107.6139984
2019/9/25,107.163002
2019/9/26,107.6920013
2019/9/27,107.7559967
2019/9/28,107.7559967
2019/9/29,107.7559967
2019/9/30,107.9440002
2019/10/1,108.0690002
2019/10/2,107.7369995
2019/10/3,107.163002
2019/10/4,106.8259964
2019/10/5,106.8259964
2019/10/6,106.8259964
2019/10/7,106.7639999
2019/10/8,107.2509995
2019/10/9,106.9609985
2019/10/10,107.1780014
2019/10/11,107.8799973
2019/10/12,107.8799973
2019/10/13,107.8799973
2019/10/14,108.4589996
2019/10/15,108.3880005
2019/10/16,108.8170013
2019/10/17,108.677002
2019/10/18,108.5810013
2019/10/19,108.5810013
2019/10/20,108.5810013
2019/10/21,108.4079971
2019/10/22,108.6009979
2019/10/23,108.4830017
2019/10/24,108.6419983
2019/10/25,108.6060028
2019/10/26,108.6060028
2019/10/27,108.6060028
2019/10/28,108.7340012
2019/10/29,108.9639969
2019/10/30,108.8740005
2019/10/31,108.7890015
2019/11/1,107.9960022
2019/11/2,107.9960022
2019/11/3,107.9960022
2019/11/4,108.2200012
2019/11/5,108.6940002
2019/11/6,109.1460037
2019/11/7,108.913002
2019/11/8,109.2740021
2019/11/9,109.2740021
2019/11/10,109.2740021
2019/11/11,109.2259979
2019/11/12,109.0419998
2019/11/13,108.9929962
2019/11/14,108.7979965
2019/11/15,108.4919968
2019/11/16,108.4919968
2019/11/17,108.4919968
2019/11/18,108.6989975
2019/11/19,108.6620026
2019/11/20,108.4449997
2019/11/21,108.4779968
2019/11/22,108.5849991
2019/11/23,108.5849991
2019/11/24,108.5849991
2019/11/25,108.7300034
2019/11/26,108.9919968
2019/11/27,109.0970001
2019/11/28,109.3669968
2019/11/29,109.512001
2019/11/30,109.512001
2019/12/1,109.512001
2019/12/2,109.5350037
2019/12/3,109.0220032
2019/12/4,108.6529999
2019/12/5,108.8320007
2019/12/6,108.737999
2019/12/7,108.737999
2019/12/8,108.737999
2019/12/9,108.6269989
2019/12/10,108.5820007
2019/12/11,108.7639999
2019/12/12,108.5490036
2019/12/13,109.413002
2019/12/14,109.413002
2019/12/15,109.413002
2019/12/16,109.4000015
2019/12/17,109.5759964
2019/12/18,109.5159988
2019/12/19,109.5510025
2019/12/20,109.3830032
2019/12/21,109.3830032
2019/12/22,109.3830032
2019/12/23,109.4990005
2019/12/24,109.3820038
2019/12/25,109.3830032
2019/12/26,109.3690033
2019/12/27,109.5419998
2019/12/28,109.5419998
2019/12/29,109.5419998
2019/12/30,109.4280014
2019/12/31,108.8730011
2020/1/1,108.6809998
2020/1/2,108.7129974
2020/1/3,108.5429993
2020/1/4,108.5429993
2020/1/5,108.5429993
2020/1/6,107.9639969
2020/1/7,108.4059982
2020/1/8,108.0159988
2020/1/9,109.0309982
2020/1/10,109.5070038
2020/1/11,109.5070038
2020/1/12,109.5070038
2020/1/13,109.5660019
2020/1/14,109.9919968
2020/1/15,109.8539963
2020/1/16,109.8830032
2020/1/17,110.1750031
2020/1/18,110.1750031
2020/1/19,110.1750031
2020/1/20,110.1800003
2020/1/21,110.1729965
2020/1/22,109.9079971
2020/1/23,109.7279968
2020/1/24,109.552002
2020/1/25,109.552002
2020/1/26,109.552002
2020/1/27,108.802002
2020/1/28,108.9199982
2020/1/29,109.1320038
2020/1/30,108.9869995
2020/1/31,108.8769989
2020/2/1,108.8769989
2020/2/2,108.8769989
2020/2/3,108.3720016
2020/2/4,108.6119995
2020/2/5,109.4469986
2020/2/6,109.814003
2020/2/7,109.9680023
2020/2/8,109.9680023
2020/2/9,109.9680023
2020/2/10,109.6449966
2020/2/11,109.7659988
2020/2/12,109.8430023
2020/2/13,109.8460007
2020/2/14,109.7580032
2020/2/15,109.7580032
2020/2/16,109.7580032
2020/2/17,109.7910004
2020/2/18,109.8300018
2020/2/19,109.9189987
2020/2/20,111.2099991
2020/2/21,111.9540024
2020/2/22,111.9540024
2020/2/23,111.9540024
2020/2/24,111.5569992
2020/2/25,110.8570023
2020/2/26,110.2860031
2020/2/27,110.362999
2020/2/28,109.6600037
2020/2/29,109.6600037
2020/3/1,109.6600037
2020/3/2,107.6969986
2020/3/3,108.4869995
2020/3/4,107.0370026
2020/3/5,107.677002
2020/3/6,106.2480011
2020/3/7,106.2480011
2020/3/8,106.2480011
2020/3/9,103.9380035
2020/3/10,103.1119995
2020/3/11,105.026001
2020/3/12,104.5500031
2020/3/13,104.6100006
2020/3/14,104.6100006
2020/3/15,104.6100006
2020/3/16,106.6880035
2020/3/17,106.1750031
2020/3/18,107.3769989
2020/3/19,108.3600006
2020/3/20,111.2910004
2020/3/21,111.2910004
2020/3/22,111.2910004
2020/3/23,110.461998
2020/3/24,110.8270035
2020/3/25,111.1200027
2020/3/26,110.8759995
2020/3/27,109.1090012
2020/3/28,109.1090012
2020/3/29,109.1090012
2020/3/30,107.413002
2020/3/31,108.0350037
2020/4/1,107.5080032
2020/4/2,107.2570038
2020/4/3,108.0009995
2020/4/4,108.0009995
2020/4/5,108.0009995
2020/4/6,108.6930008
2020/4/7,109.1149979
2020/4/8,108.651001
2020/4/9,108.9219971
2020/4/10,108.560997
2020/4/11,108.560997
2020/4/12,108.560997
2020/4/13,108.3359985
2020/4/14,107.6230011
2020/4/15,107.1039963
2020/4/16,107.6090012
2020/4/17,107.9449997
2020/4/18,107.9449997
2020/4/19,107.9449997
2020/4/20,107.6699982
2020/4/21,107.6689987
2020/4/22,107.7210007
2020/4/23,107.8130035
2020/4/24,107.6669998
2020/4/25,107.6669998
2020/4/26,107.6669998
2020/4/27,107.4950027
2020/4/28,107.2829971
2020/4/29,106.7409973
2020/4/30,106.6100006
2020/5/1,107.2850037
2020/5/2,107.2850037
2020/5/3,107.2850037
2020/5/4,106.737999
2020/5/5,106.6969986
2020/5/6,106.4520035
2020/5/7,106.1910019
2020/5/8,106.3590012
2020/5/9,106.3590012
2020/5/10,106.3590012
2020/5/11,106.9189987
2020/5/12,107.5660019
2020/5/13,107.1380005
2020/5/14,106.9329987
2020/5/15,107.3649979
2020/5/16,107.3649979
2020/5/17,107.3649979
2020/5/18,107.2080002
2020/5/19,107.3809967
2020/5/20,107.8099976
2020/5/21,107.5910034
2020/5/22,107.6309967
2020/5/23,107.6309967
2020/5/24,107.6309967
2020/5/25,107.7350006
2020/5/26,107.6869965
2020/5/27,107.4909973
2020/5/28,107.7979965
2020/5/29,107.6429977
2020/5/30,107.6429977
2020/5/31,107.6429977
2020/6/1,107.7080002
2020/6/2,107.5479965
2020/6/3,108.8089981
2020/6/4,108.9990005
2020/6/5,109.1500015
2020/6/6,109.1500015
2020/6/7,109.1500015
2020/6/8,109.6340027
2020/6/9,108.4089966
2020/6/10,107.7969971
2020/6/11,106.9810028
2020/6/12,106.8030014
2020/6/13,106.8030014
2020/6/14,106.8030014
2020/6/15,107.310997
2020/6/16,107.4639969
2020/6/17,107.4100037
2020/6/18,106.8939972
2020/6/19,107.0059967
2020/6/20,107.0059967
2020/6/21,107.0059967
2020/6/22,106.8310013
2020/6/23,106.9029999
2020/6/24,106.4319992
2020/6/25,107.0439987
2020/6/26,107.1549988
2020/6/27,107.1549988
2020/6/28,107.1549988
2020/6/29,107.2180023
2020/6/30,107.5899963
2020/7/1,107.9889984
2020/7/2,107.3659973
2020/7/3,107.4970016
2020/7/4,107.4970016
2020/7/5,107.4970016
2020/7/6,107.5790024
2020/7/7,107.3590012
2020/7/8,107.5780029
2020/7/9,107.2829971
2020/7/10,107.2360001
2020/7/11,107.2360001
2020/7/12,107.2360001
2020/7/13,106.9100037
2020/7/14,107.276001
2020/7/15,107.2450027
2020/7/16,106.9169998
2020/7/17,107.2779999
2020/7/18,107.2779999
2020/7/19,107.2779999
2020/7/20,107.0899963
2020/7/21,107.1959991
2020/7/22,106.8320007
2020/7/23,107.1750031
2020/7/24,106.8379974
2020/7/25,106.8379974
2020/7/26,106.8379974
2020/7/27,105.9929962
2020/7/28,105.2610016
2020/7/29,105.1070023
2020/7/30,105.0319977
2020/7/31,104.6829987
2020/8/1,104.6829987
2020/8/2,104.6829987
2020/8/3,105.8659973
2020/8/4,106.0299988
2020/8/5,105.6139984
2020/8/6,105.5530014
2020/8/7,105.5810013
2020/8/8,105.5810013
2020/8/9,105.5810013
2020/8/10,105.8499985
2020/8/11,105.9919968
2020/8/12,106.5210037
2020/8/13,106.8219986
2020/8/14,106.9860001
2020/8/15,106.9860001
2020/8/16,106.9860001
2020/8/17,106.5540009
2020/8/18,105.9950027
2020/8/19,105.223999
2020/8/20,106.0790024
2020/8/21,105.6650009
2020/8/22,105.6650009
2020/8/23,105.6650009
2020/8/24,105.8769989
2020/8/25,105.9929962
2020/8/26,106.4049988
2020/8/27,105.8560028
2020/8/28,106.637001
2020/8/29,106.637001
2020/8/30,106.637001
2020/8/31,105.5350037
2020/9/1,106.0039978
2020/9/2,105.8960037
2020/9/3,106.2080002
2020/9/4,106.0859985
2020/9/5,106.0859985
2020/9/6,106.0859985
2020/9/7,106.310997
2020/9/8,106.3050003
2020/9/9,105.9680023
2020/9/10,106.2310028
2020/9/11,106.1429977
2020/9/12,106.1429977
2020/9/13,106.1429977
2020/9/14,106.1449966
2020/9/15,105.7149963
2020/9/16,105.3809967
2020/9/17,105.0619965
2020/9/18,104.697998
2020/9/19,104.697998
2020/9/20,104.697998
2020/9/21,104.5370026
2020/9/22,104.6900024
2020/9/23,105.0339966
2020/9/24,105.3040009
2020/9/25,105.4349976
2020/9/26,105.4349976
2020/9/27,105.4349976
2020/9/28,105.5739975
2020/9/29,105.4329987
2020/9/30,105.6640015
2020/10/1,105.4509964
2020/10/2,105.5429993
2020/10/3,105.5429993
2020/10/4,105.5429993
2020/10/5,105.5100021
2020/10/6,105.7070007
2020/10/7,105.6399994
2020/10/8,105.9649963
2020/10/9,106.0179977
2020/10/10,106.0179977
2020/10/11,106.0179977
2020/10/12,105.6320038
2020/10/13,105.3389969
2020/10/14,105.4700012
2020/10/15,105.1389999
2020/10/16,105.3600006
2020/10/17,105.3600006
2020/10/18,105.3600006
2020/10/19,105.427002
2020/10/20,105.4700012
2020/10/21,105.4769974
2020/10/22,104.6760025
2020/10/23,104.9209976
2020/10/24,104.9209976
2020/10/25,104.9209976
2020/10/26,104.6829987
2020/10/27,104.8320007
2020/10/28,104.5449982
2020/10/29,104.3150024
2020/10/30,104.5540009
2020/10/31,104.5540009
2020/11/1,104.5540009
2020/11/2,104.5800018
2020/11/3,104.7249985
2020/11/4,104.5459976
2020/11/5,104.4380035
2020/11/6,103.6029968
2020/11/7,103.6029968
2020/11/8,103.6029968
2020/11/9,103.2529984
2020/11/10,105.137001
2020/11/11,105.2600021
2020/11/12,105.4150009
2020/11/13,105.0899963
2020/11/14,105.0899963
2020/11/15,105.0899963
2020/11/16,104.6760025
2020/11/17,104.5410004
2020/11/18,104.1809998
2020/11/19,103.8939972
2020/11/20,103.8249969
2020/11/21,103.8249969
2020/11/22,103.8249969
2020/11/23,103.8170013
2020/11/24,104.5250015
2020/11/25,104.5130005
2020/11/26,104.4000015
2020/11/27,104.2419968
2020/11/28,104.2419968
2020/11/29,104.2419968
2020/11/30,104.0820007
2020/12/1,104.2990036
2020/12/2,104.3089981
2020/12/3,104.4580002
2020/12/4,103.822998
2020/12/5,103.822998
2020/12/6,103.822998
2020/12/7,104.197998
2020/12/8,103.9980011
2020/12/9,104.1350021
2020/12/10,104.2720032
2020/12/11,104.1819992
2020/12/12,104.1819992
2020/12/13,104.1819992
2020/12/14,103.939003
2020/12/15,104.0100021
2020/12/16,103.6340027
2020/12/17,103.4749985
2020/12/18,103.1309967
2020/12/19,103.1309967
2020/12/20,103.1309967
2020/12/21,103.4570007
2020/12/22,103.3399963
2020/12/23,103.5339966
2020/12/24,103.552002
2020/12/25,103.6529999
2020/12/26,103.6529999
2020/12/27,103.6529999
2020/12/28,103.5329971
2020/12/29,103.689003
2020/12/30,103.5589981
2020/12/31,103.1210022
2021/1/1,103.2259979
2021/1/2,103.2259979
2021/1/3,103.2259979
2021/1/4,103.2389984
2021/1/5,103.125
2021/1/6,102.6780014
2021/1/7,103.0240021
2021/1/8,103.7900009
2021/1/9,103.7900009
2021/1/10,103.7900009
2021/1/11,104.0910034
2021/1/12,104.1279984
2021/1/13,103.7519989
2021/1/14,103.836998
2021/1/15,103.8280029
2021/1/16,103.8280029
2021/1/17,103.8280029
2021/1/18,103.9079971
2021/1/19,103.7030029
2021/1/20,103.8970032
2021/1/21,103.5550003
2021/1/22,103.5059967
2021/1/23,103.5059967
2021/1/24,103.5059967
2021/1/25,103.7770004
2021/1/26,103.7600021
2021/1/27,103.6029968
2021/1/28,104.1429977
2021/1/29,104.2910004
2021/1/30,104.2910004
2021/1/31,104.2910004
2021/2/1,104.685997
2021/2/2,104.8809967
2021/2/3,105.0279999
2021/2/4,104.9950027
2021/2/5,105.5719986
2021/2/6,105.5719986
2021/2/7,105.5719986
2021/2/8,105.4000015
2021/2/9,105.2099991
2021/2/10,104.5749969
2021/2/11,104.6149979
2021/2/12,104.7409973
2021/2/13,104.7409973
2021/2/14,104.7409973
2021/2/15,105.0589981
2021/2/16,105.387001
2021/2/17,106.1029968
2021/2/18,105.8610001
2021/2/19,105.6520004
2021/2/20,105.6520004
2021/2/21,105.6520004
2021/2/22,105.5139999
2021/2/23,104.9840012
2021/2/24,105.2829971
2021/2/25,105.9440002
2021/2/26,106.3789978
2021/2/27,106.3789978
2021/2/28,106.3789978
2021/3/1,106.5029984
2021/3/2,106.8509979
2021/3/3,106.7580032
2021/3/4,107.0579987
2021/3/5,107.9550018
2021/3/6,107.9550018
2021/3/7,107.9550018
2021/3/8,108.4189987
2021/3/9,108.939003
2021/3/10,108.5770035
2021/3/11,108.4319992
2021/3/12,108.5550003
2021/3/13,108.5550003
2021/3/14,108.5550003
2021/3/15,109.1169968
2021/3/16,109.1340027
2021/3/17,109.0289993
2021/3/18,108.8909988
2021/3/19,108.9309998
2021/3/20,108.9309998
2021/3/21,108.9309998
2021/3/22,108.8710022
2021/3/23,108.776001
2021/3/24,108.5199966
2021/3/25,108.7900009
2021/3/26,109.1790009
2021/3/27,109.1790009
2021/3/28,109.1790009
2021/3/29,109.7910004
2021/3/30,109.8359985
2021/3/31,110.3050003
2021/4/1,110.75
2021/4/2,110.612999
2021/4/3,110.612999
2021/4/4,110.612999
2021/4/5,110.677002
2021/4/6,110.1930008
2021/4/7,109.7929993
2021/4/8,109.8519974
2021/4/9,109.3300018
2021/4/10,109.3300018
2021/4/11,109.3300018
2021/4/12,109.6940002
2021/4/13,109.3740005
2021/4/14,108.9240036
2021/4/15,108.8939972
2021/4/16,108.689003
2021/4/17,108.689003
2021/4/18,108.689003
2021/4/19,108.7190018
2021/4/20,108.0979996
2021/4/21,108.1330032
2021/4/22,108.0390015
2021/4/23,107.9779968
2021/4/24,107.9779968
2021/4/25,107.9779968
2021/4/26,107.8740005
2021/4/27,108.2020035
2021/4/28,108.75
2021/4/29,108.5049973
2021/4/30,108.9039993
2021/5/1,108.9039993
2021/5/2,108.9039993
2021/5/3,109.2829971
2021/5/4,109.086998
2021/5/5,109.3290024
2021/5/6,109.2190018
2021/5/7,109.0500031
2021/5/8,109.0500031
2021/5/9,109.0500031
2021/5/10,108.5719986
2021/5/11,108.8440018
2021/5/12,108.7149963
2021/5/13,109.6640015
2021/5/14,109.5159988
2021/5/15,109.5159988
2021/5/16,109.5159988
2021/5/17,109.4120026
2021/5/18,109.2419968
2021/5/19,108.8679962
2021/5/20,109.2730026
2021/5/21,108.8600006
2021/5/22,108.8600006
2021/5/23,108.8600006
2021/5/24,108.9189987
2021/5/25,108.8509979
2021/5/26,108.802002
2021/5/27,109.1699982
2021/5/28,109.8089981
2021/5/29,109.8089981
2021/5/30,109.8089981
2021/5/31,109.9069977
2021/6/1,109.4929962
2021/6/2,109.4929962
2021/6/3,109.5950012
2021/6/4,110.2659988
2021/6/5,110.2659988
2021/6/6,110.2659988
2021/6/7,109.6169968
2021/6/8,109.2740021
2021/6/9,109.4690018
2021/6/10,109.6100006
2021/6/11,109.4089966
2021/6/12,109.4089966
2021/6/13,109.4089966
2021/6/14,109.7089996
2021/6/15,110.0410004
2021/6/16,110.0839996
2021/6/17,110.7699966
2021/6/18,110.3249969
2021/6/19,110.3249969
2021/6/20,110.3249969
2021/6/21,110.2009964
2021/6/22,110.3740005
2021/6/23,110.6539993
2021/6/24,111.012001
2021/6/25,110.9209976
2021/6/26,110.9209976
2021/6/27,110.9209976
2021/6/28,110.8219986
2021/6/29,110.6029968
2021/6/30,110.5350037
2021/7/1,111.1240005
2021/7/2,111.5719986
2021/7/3,111.5719986
2021/7/4,111.5719986
2021/7/5,111.1350021
2021/7/6,110.9160004
2021/7/7,110.6019974
2021/7/8,110.6350021
2021/7/9,109.8010025
2021/7/10,109.8010025
2021/7/11,109.8010025
2021/7/12,110.2149963
2021/7/13,110.3249969
2021/7/14,110.5950012
2021/7/15,109.9840012
2021/7/16,109.7779999
2021/7/17,109.7779999
2021/7/18,109.7779999
2021/7/19,109.8740005
2021/7/20,109.5339966
2021/7/21,109.9199982
2021/7/22,110.2549973
2021/7/23,110.1399994
2021/7/24,110.1399994
2021/7/25,110.1399994
2021/7/26,110.5439987
2021/7/27,110.302002
2021/7/28,109.8059998
2021/7/29,109.8909988
2021/7/30,109.4089966
2021/7/31,109.4089966
2021/8/1,109.4089966
2021/8/2,109.7060013
2021/8/3,109.2689972
2021/8/4,108.9909973
2021/8/5,109.5289993
2021/8/6,109.7519989
2021/8/7,109.7519989
2021/8/8,109.7519989
2021/8/9,110.2590027
2021/8/10,110.3059998
2021/8/11,110.5979996
2021/8/12,110.3740005
2021/8/13,110.4029999
2021/8/14,110.4029999
2021/8/15,110.4029999
2021/8/16,109.6240005
2021/8/17,109.2969971
2021/8/18,109.5370026
2021/8/19,109.8420029
2021/8/20,109.7679977
2021/8/21,109.7679977
2021/8/22,109.7679977
2021/8/23,109.8399963
2021/8/24,109.6780014
2021/8/25,109.7300034
2021/8/26,109.9759979
2021/8/27,110.0479965
2021/8/28,110.0479965
2021/8/29,110.0479965
2021/8/30,109.8649979
2021/8/31,109.9440002
2021/9/1,110.0559998
2021/9/2,110.0960007
2021/9/3,109.9449997
2021/9/4,109.9449997
2021/9/5,109.9449997
2021/9/6,109.7639999
2021/9/7,109.8199997
2021/9/8,110.2959976
2021/9/9,110.2180023
2021/9/10,109.7809982
2021/9/11,109.7809982
2021/9/12,109.7809982
2021/9/13,109.9150009
2021/9/14,109.9940033
2021/9/15,109.7190018
2021/9/16,109.3830032
2021/9/17,109.6989975
2021/9/18,109.6989975
2021/9/19,109.6989975
2021/9/20,109.9710007
2021/9/21,109.4369965
2021/9/22,109.1490021
2021/9/23,109.8219986
2021/9/24,110.3259964
2021/9/25,110.3259964
2021/9/26,110.3259964
2021/9/27,110.7639999
2021/9/28,110.9639969
2021/9/29,111.5279999
2021/9/30,111.935997
2021/10/1,111.4609985
2021/10/2,111.4609985
2021/10/3,111.4609985
2021/10/4,110.9469986
2021/10/5,110.9680023
2021/10/6,111.4869995
2021/10/7,111.413002
2021/10/8,111.6620026
2021/10/9,111.6620026
2021/10/10,111.6620026
2021/10/11,112.2699966
2021/10/12,113.3880005
2021/10/13,113.5189972
2021/10/14,113.3010025
2021/10/15,113.8339996
2021/10/16,113.8339996
2021/10/17,113.8339996
2021/10/18,114.3239975
2021/10/19,114.2850037
2021/10/20,114.5429993
2021/10/21,114.3889999
2021/10/22,113.8499985
2021/10/23,113.8499985
2021/10/24,113.8499985
2021/10/25,113.6640015
2021/10/26,113.7649994
2021/10/27,114.1880035
2021/10/28,113.776001
2021/10/29,113.6159973
2021/10/30,113.6159973
2021/10/31,113.6159973
2021/11/1,114.2360001
2021/11/2,114.0940018
2021/11/3,113.961998
2021/11/4,114.0699997
2021/11/5,113.836998
2021/11/6,113.836998
2021/11/7,113.836998
2021/11/8,113.4749985
2021/11/9,113.2539978
2021/11/10,112.9120026
2021/11/11,113.9049988
2021/11/12,114.0429993
2021/11/13,114.0429993
2021/11/14,114.0429993
2021/11/15,113.9810028
2021/11/16,114.1320038
2021/11/17,114.9039993
2021/11/18,114.1900024
2021/11/19,114.2819977
2021/11/20,114.2819977
2021/11/21,114.2819977
2021/11/22,114.1380005
2021/11/23,114.7900009
2021/11/24,115.1409988
2021/11/25,115.4079971
2021/11/26,115.0690002
2021/11/27,115.0690002
2021/11/28,115.0690002
2021/11/29,113.7190018
2021/11/30,113.8040009
2021/12/1,113.2990036
2021/12/2,112.8820038
2021/12/3,113.0220032
2021/12/4,113.0220032
2021/12/5,113.0220032
2021/12/6,113.0419998
2021/12/7,113.4580002
2021/12/8,113.5250015
2021/12/9,113.6839981
2021/12/10,113.447998
2021/12/11,113.447998
2021/12/12,113.447998
2021/12/13,113.5009995
2021/12/14,113.5770035
2021/12/15,113.7429962
2021/12/16,114.1360016
2021/12/17,113.663002
2021/12/18,113.663002
2021/12/19,113.663002
2021/12/20,113.5179977
2021/12/21,113.6620026
2021/12/22,113.9940033
2021/12/23,114.1210022
2021/12/24,114.4580002
2021/12/25,114.4580002
2021/12/26,114.4580002
2021/12/27,114.3330002
2021/12/28,114.7919998
2021/12/29,114.7730026
2021/12/30,114.947998
2021/12/31,115.0630035
2022/1/1,115.0630035
2022/1/2,115.0630035
2022/1/3,115.1419983
2022/1/4,115.3280029
2022/1/5,116.1740036
2022/1/6,116.1279984
2022/1/7,115.8649979
2022/1/8,115.8649979
2022/1/9,115.8649979
2022/1/10,115.6179962
2022/1/11,115.2779999
2022/1/12,115.3310013
2022/1/13,114.6750031
2022/1/14,114.1179962
2022/1/15,114.1179962
2022/1/16,114.1179962
2022/1/17,114.3059998
2022/1/18,114.5709991
2022/1/19,114.5540009
2022/1/20,114.3470001
2022/1/21,113.9929962
2022/1/22,113.9929962
2022/1/23,113.9929962
2022/1/24,113.7850037
2022/1/25,114.0110016
2022/1/26,113.875
2022/1/27,114.7210007
2022/1/28,115.3519974
2022/1/29,115.3519974
2022/1/30,115.3519974
2022/1/31,115.262001
2022/2/1,115.1210022
2022/2/2,114.7360001
2022/2/3,114.3820038
2022/2/4,114.9570007
2022/2/5,114.9570007
2022/2/6,114.9570007
2022/2/7,115.223999
2022/2/8,115.0630035
2022/2/9,115.5309982
2022/2/10,115.6019974
2022/2/11,116.0469971
2022/2/12,116.0469971
2022/2/13,116.0469971
2022/2/14,115.5839996
2022/2/15,115.5360031
2022/2/16,115.6350021
2022/2/17,115.387001
2022/2/18,114.8659973
2022/2/19,114.8659973
2022/2/20,114.8659973
2022/2/21,114.9609985
2022/2/22,114.6090012
2022/2/23,115.0960007
2022/2/24,114.8980026
2022/2/25,115.5709991
2022/2/26,115.5709991
2022/2/27,115.5709991
2022/2/28,115.5849991
2022/3/1,115.0780029
2022/3/2,114.8330002
2022/3/3,115.5189972
2022/3/4,115.473999
2022/3/5,115.473999
2022/3/6,115.473999
2022/3/7,114.9499969
2022/3/8,115.3730011
2022/3/9,115.7220001
2022/3/10,115.9089966
2022/3/11,116.1790009
2022/3/12,116.1790009
2022/3/13,116.1790009
2022/3/14,117.5289993
2022/3/15,118.2180023
2022/3/16,118.2919998
2022/3/17,118.8700027
2022/3/18,118.4860001
2022/3/19,118.4860001
2022/3/20,118.4860001
2022/3/21,119.2630005
2022/3/22,119.5940018
2022/3/23,121.3399963
2022/3/24,121.1269989
2022/3/25,122.3460007
2022/3/26,122.3460007
2022/3/27,122.3460007
2022/3/28,122.2699966
2022/3/29,123.6600037
2022/3/30,123.125
2022/3/31,122.0210037
2022/4/1,121.7559967
2022/4/2,121.7559967
2022/4/3,121.7559967
2022/4/4,122.6100006
2022/4/5,122.8089981
2022/4/6,123.6559982
2022/4/7,123.7229996
2022/4/8,124.0960007
2022/4/9,124.0960007
2022/4/10,124.0960007
2022/4/11,124.3850021
2022/4/12,125.4720001
2022/4/13,125.4160004
2022/4/14,125.3769989
2022/4/15,126.1790009
2022/4/16,126.1790009
2022/4/17,126.1790009
2022/4/18,126.6179962
2022/4/19,127.0979996
2022/4/20,129.3329926
2022/4/21,128.0130005
2022/4/22,128.4080048
2022/4/23,128.4080048
2022/4/24,128.4080048
2022/4/25,128.6049957
2022/4/26,127.7440033
2022/4/27,127.2659988
2022/4/28,128.3939972
2022/4/29,130.8110046
2022/4/30,130.8110046
2022/5/1,130.8110046
2022/5/2,130.0110016
2022/5/3,130.1119995
2022/5/4,130.1159973
2022/5/5,129.2230072
2022/5/6,130.3300018
2022/5/7,130.3300018
2022/5/8,130.3300018
2022/5/9,130.7489929
2022/5/10,130.3769989
2022/5/11,130.3509979
2022/5/12,129.8350067
2022/5/13,128.5879974
2022/5/14,128.5879974
2022/5/15,128.5879974
2022/5/16,129.4320068
2022/5/17,128.9230042
2022/5/18,129.4539948
2022/5/19,127.9140015
2022/5/20,127.8320007
2022/5/21,127.8320007
2022/5/22,127.8320007
2022/5/23,127.9029999
2022/5/24,127.8460007
2022/5/25,126.7689972
2022/5/26,127.1520004
2022/5/27,127.0449982
2022/5/28,127.0449982
2022/5/29,127.0449982
2022/5/30,127.2850037
2022/5/31,127.7839966
2022/6/1,128.7359924
2022/6/2,130.121994
2022/6/3,129.9179993
2022/6/4,129.9179993
2022/6/5,129.9179993
2022/6/6,130.7070007
2022/6/7,132.1759949
2022/6/8,132.8470001
2022/6/9,134.4299927
2022/6/10,134.4179993
2022/6/11,134.4179993
2022/6/12,134.4179993
2022/6/13,134.8139954
2022/6/14,134.2250061
2022/6/15,135.2940063
2022/6/16,134.1150055
2022/6/17,132.4210052
2022/6/18,132.4210052
2022/6/19,132.4210052
2022/6/20,135.276001
2022/6/21,135.0870056
2022/6/22,136.2689972
2022/6/23,136.0240021
2022/6/24,134.8399963
2022/6/25,134.8399963
2022/6/26,134.8399963
2022/6/27,135.0619965
2022/6/28,135.4349976
2022/6/29,136.0469971
2022/6/30,136.5890045
2022/7/1,135.7859955
2022/7/2,135.7859955
2022/7/3,135.7859955
2022/7/4,135.0429993
2022/7/5,135.8399963
2022/7/6,135.5209961
2022/7/7,135.9660034
2022/7/8,135.9129944
2022/7/9,135.9129944
2022/7/10,135.9129944
2022/7/11,136.3009949
2022/7/12,137.3880005
2022/7/13,136.7259979
2022/7/14,137.628006
2022/7/15,138.9669952
2022/7/16,138.9669952
2022/7/17,138.9669952
2022/7/18,138.3139954
2022/7/19,138.2290039
2022/7/20,138.1909943
2022/7/21,138.3950043
2022/7/22,137.0980072
2022/7/23,137.0980072
2022/7/24,137.0980072
2022/7/25,136.3119965
2022/7/26,136.4309998
2022/7/27,136.9700012
2022/7/28,136.1109924
2022/7/29,134.3970032
2022/7/30,134.3970032
2022/7/31,134.3970032
2022/8/1,133.4069977
2022/8/2,131.5720062
2022/8/3,133.3789978
2022/8/4,133.9620056
2022/8/5,132.6210022
2022/8/6,132.6210022
2022/8/7,132.6210022
2022/8/8,135.0570068
2022/8/9,134.8399963
2022/8/10,135.1869965
2022/8/11,132.8300018
2022/8/12,132.9940033
2022/8/13,132.9940033
2022/8/14,132.9940033
2022/8/15,133.2879944
2022/8/16,133.1430054
2022/8/17,134.2769928
2022/8/18,134.9440002
2022/8/19,135.7949982
2022/8/20,135.7949982
2022/8/21,135.7949982
2022/8/22,137.0410004
2022/8/23,137.5460052
2022/8/24,136.7330017
2022/8/25,137.0809937
2022/8/26,136.5630035
2022/8/27,136.5630035
2022/8/28,136.5630035
2022/8/29,137.5200043
2022/8/30,138.595993
2022/8/31,138.7339935
2022/9/1,139.2960052
2022/9/2,140.0809937
2022/9/3,140.0809937
2022/9/4,140.0809937
2022/9/5,140.4869995
2022/9/6,140.4299927
2022/9/7,143.151001
2022/9/8,144.128006
2022/9/9,143.8560028
2022/9/10,143.8560028
2022/9/11,143.8560028
2022/9/12,142.595993
2022/9/13,142.5850067
2022/9/14,144.404007
2022/9/15,142.9230042
2022/9/16,143.3650055
2022/9/17,143.3650055
2022/9/18,143.3650055
2022/9/19,142.7649994
2022/9/20,143.2230072
2022/9/21,143.602005
2022/9/22,144.3159943
2022/9/23,142.2799988
2022/9/24,142.2799988
2022/9/25,142.2799988
2022/9/26,143.5110016
2022/9/27,144.4589996
2022/9/28,144.6909943
2022/9/29,144.397995
2022/9/30,144.4309998
2022/10/1,144.4309998
2022/10/2,144.4309998
2022/10/3,144.8159943
2022/10/4,144.5189972
2022/10/5,143.7870026
2022/10/6,144.4490051
2022/10/7,145.0390015
2022/10/8,145.0390015
2022/10/9,145.0390015
2022/10/10,145.4819946
2022/10/11,145.673996
2022/10/12,145.8699951
2022/10/13,146.7369995
2022/10/14,147.2929993
2022/10/15,147.2929993
2022/10/16,147.2929993
2022/10/17,148.6320038
2022/10/18,148.970993
2022/10/19,149.2089996
2022/10/20,149.8209991
2022/10/21,150.1759949
2022/10/22,150.1759949
2022/10/23,150.1759949
2022/10/24,147.8190002
2022/10/25,148.8869934
2022/10/26,147.9799957
2022/10/27,146.1340027
2022/10/28,146.2740021
2022/10/29,146.2740021
2022/10/30,146.2740021
2022/10/31,147.8119965
2022/11/1,148.7369995
2022/11/2,147.9149933
2022/11/3,147.8919983
2022/11/4,148.3930054
2022/11/5,148.3930054
2022/11/6,148.3930054
2022/11/7,146.8410034
2022/11/8,146.6239929
2022/11/9,145.2949982
2022/11/10,146.2089996
2022/11/11,141.7339935
2022/11/12,141.7339935
2022/11/13,141.7339935
2022/11/14,139.5529938
2022/11/15,140.1150055
2022/11/16,138.9649963
2022/11/17,139.3220062
2022/11/18,140.4120026
2022/11/19,140.4120026
2022/11/20,140.4120026
2022/11/21,140.253006
2022/11/22,142.0980072
2022/11/23,141.1549988
2022/11/24,139.2779999
2022/11/25,138.6029968
2022/11/26,138.6029968
2022/11/27,138.6029968
2022/11/28,139.1000061
2022/11/29,138.7189941
2022/11/30,138.7449951
2022/12/1,137.3589935
2022/12/2,135.1499939
2022/12/3,135.1499939
2022/12/4,135.1499939
2022/12/5,134.4750061
2022/12/6,136.6519928
2022/12/7,136.8860016
2022/12/8,136.3809967
2022/12/9,136.6139984
2022/12/10,136.6139984
2022/12/11,136.6139984
2022/12/12,136.7120056
2022/12/13,137.5039978
2022/12/14,135.5839996
2022/12/15,135.3480072
2022/12/16,137.7510071
2022/12/17,137.7510071
2022/12/18,137.7510071
2022/12/19,136.6900024
2022/12/20,136.9949951
2022/12/21,131.8919983
2022/12/22,132.3699951
2022/12/23,132.3569946
2022/12/24,132.3569946
2022/12/25,132.3569946
2022/12/26,132.7899933
2022/12/27,132.7640076
2022/12/28,133.4859924
2022/12/29,134.0339966
2022/12/30,132.9160004
2022/12/31,132.9160004
2023/1/1,132.9160004
2023/1/2,130.8450012
2023/1/3,130.7940063
2023/1/4,131.2480011
2023/1/5,132.2460022
2023/1/6,133.3070068
2023/1/7,133.3070068
2023/1/8,133.3070068
2023/1/9,131.8619995
2023/1/10,131.7290039
2023/1/11,132.1009979
2023/1/12,131.9019928
2023/1/13,129.1719971
2023/1/14,129.1719971
2023/1/15,129.1719971
2023/1/16,128.026001
2023/1/17,128.3209991
2023/1/18,128.2810059
2023/1/19,128.5390015
2023/1/20,128.3699951
2023/1/21,128.3699951
2023/1/22,128.3699951
2023/1/23,129.3540039
2023/1/24,130.5970001
2023/1/25,130.2389984
2023/1/26,129.2369995
2023/1/27,129.8000031
2023/1/28,129.8000031
2023/1/29,129.8000031
2023/1/30,129.8540039
2023/1/31,130.4790039
2023/2/1,130.1100006
2023/2/2,128.621994
2023/2/3,128.7460022
2023/2/4,128.7460022
2023/2/5,128.7460022
2023/2/6,132.0090027
2023/2/7,132.6230011
2023/2/8,131.0420074
2023/2/9,131.3869934
2023/2/10,131.5189972
2023/2/11,131.5189972
2023/2/12,131.5189972
2023/2/13,131.5509949
2023/2/14,132.3370056
2023/2/15,132.9909973
2023/2/16,133.9029999
2023/2/17,134.0740051
2023/2/18,134.0740051
2023/2/19,134.0740051
2023/2/20,134.3070068
2023/2/21,134.3359985
2023/2/22,134.9759979
2023/2/23,134.9320068
2023/2/24,134.628006
2023/2/25,134.628006
2023/2/26,134.628006
2023/2/27,136.3950043
2023/2/28,136.3170013
2023/3/1,136.3480072
2023/3/2,136.1940002
2023/3/3,136.7050018
2023/3/4,136.7050018
2023/3/5,136.7050018
2023/3/6,135.8600006
2023/3/7,135.9989929
2023/3/8,137.3910065
2023/3/9,137.2259979
2023/3/10,136.3950043
2023/3/11,136.3950043
2023/3/12,136.3950043
2023/3/13,134.9799957
2023/3/14,133.1139984
2023/3/15,134.3970032
2023/3/16,132.9290009
2023/3/17,133.3679962
2023/3/18,133.3679962
2023/3/19,133.3679962
2023/3/20,132.2839966
2023/3/21,131.3919983
2023/3/22,132.3480072
2023/3/23,131.1790009
2023/3/24,130.8650055
2023/3/25,130.8650055
2023/3/26,130.8650055
2023/3/27,130.845993
2023/3/28,131.2330017
2023/3/29,131.0460052
2023/3/30,132.576004
2023/3/31,133.201004
2023/4/1,133.201004
2023/4/2,133.201004
2023/4/3,133.3470001
2023/4/4,132.298996
2023/4/5,131.4850006
2023/4/6,130.9340057
2023/4/7,131.6690063
2023/4/8,131.6690063
2023/4/9,131.6690063
2023/4/10,132.0970001
2023/4/11,133.4689941
2023/4/12,133.5939941
2023/4/13,133.0850067
2023/4/14,132.4869995
2023/4/15,132.4869995
2023/4/16,132.4869995
2023/4/17,133.970993
2023/4/18,134.4250031
2023/4/19,134.0440063
2023/4/20,134.7039948
2023/4/21,133.9960022
2023/4/22,133.9960022
2023/4/23,133.9960022
2023/4/24,133.9609985
2023/4/25,134.0839996
2023/4/26,133.7109985
2023/4/27,133.4649963
2023/4/28,133.802002
2023/4/29,133.802002
2023/4/30,133.802002
2023/5/1,136.3860016
2023/5/2,137.5209961
2023/5/3,136.4660034
2023/5/4,134.5440063
2023/5/5,134.1790009
2023/5/6,134.1790009
2023/5/7,134.1790009
2023/5/8,135.1990051
2023/5/9,135.072998
2023/5/10,135.2879944
2023/5/11,134.0870056
2023/5/12,134.4980011
2023/5/13,134.4980011
2023/5/14,134.4980011
2023/5/15,135.8220062
2023/5/16,136.0449982
2023/5/17,136.4299927
2023/5/18,137.6139984
2023/5/19,138.6199951
2023/5/20,138.6199951
2023/5/21,138.6199951
2023/5/22,137.6920013
2023/5/23,138.6719971
2023/5/24,138.5980072
2023/5/25,139.2830048
2023/5/26,140.0169983
2023/5/27,140.0169983
2023/5/28,140.0169983
2023/5/29,140.8710022
2023/5/30,140.4409943
2023/5/31,139.7920074
2023/6/1,139.1269989
2023/6/2,138.7480011
2023/6/3,138.7480011
2023/6/4,138.7480011
2023/6/5,140.2070007
2023/6/6,139.3829956
2023/6/7,139.5269928
2023/6/8,139.8990021
2023/6/9,138.8630066
2023/6/10,138.8630066
2023/6/11,138.8630066
2023/6/12,139.3710022
2023/6/13,139.4600067
2023/6/14,140.177002
2023/6/15,139.977005
2023/6/16,140.2680054
2023/6/17,140.2680054
2023/6/18,140.2680054
2023/6/19,141.8670044
2023/6/20,141.8990021
2023/6/21,141.3350067
2023/6/22,141.6880035
2023/6/23,143.0299988
2023/6/24,143.0299988
2023/6/25,143.0299988
2023/6/26,143.5410004
2023/6/27,143.4600067
2023/6/28,143.8820038
2023/6/29,144.3890076
2023/6/30,144.7799988
2023/7/1,144.7799988
2023/7/2,144.7799988
2023/7/3,144.397995
2023/7/4,144.5839996
2023/7/5,144.4060059
2023/7/6,144.4889984
2023/7/7,143.951004
2023/7/8,143.951004
2023/7/9,143.951004
2023/7/10,142.2089996
2023/7/11,141.2969971
2023/7/12,140.1179962
2023/7/13,138.3150024
2023/7/14,138.0749969
2023/7/15,138.0749969
2023/7/16,138.0749969
2023/7/17,138.6820068
2023/7/18,138.7290039
2023/7/19,139.0269928
2023/7/20,139.5980072
2023/7/21,139.8639984
2023/7/22,139.8639984
2023/7/23,139.8639984
2023/7/24,141.75
2023/7/25,141.5220032
2023/7/26,140.9129944
2023/7/27,140.3670044
2023/7/28,138.8639984
2023/7/29,138.8639984
2023/7/30,138.8639984
2023/7/31,140.7579956
2023/8/1,142.322998
2023/8/2,142.9700012
2023/8/3,143.3439941
2023/8/4,142.5980072
2023/8/5,142.5980072
2023/8/6,142.5980072
2023/8/7,141.8760071
2023/8/8,142.5240021
2023/8/9,143.2779999
2023/8/10,143.727005
2023/8/11,144.8540039
2023/8/12,144.8540039
2023/8/13,144.8540039
2023/8/14,144.8170013
2023/8/15,145.4369965
2023/8/16,145.6080017
2023/8/17,146.3329926
2023/8/18,145.7140045
2023/8/19,145.7140045
2023/8/20,145.7140045
2023/8/21,145.3049927
2023/8/22,146.2380066
2023/8/23,145.7630005
2023/8/24,144.6730042
2023/8/25,146.0670013
2023/8/26,146.0670013
2023/8/27,146.0670013
2023/8/28,146.5310059
2023/8/29,146.4640045
2023/8/30,145.9880066
2023/8/31,146.098999
2023/9/1,145.4730072
2023/9/2,145.4730072
2023/9/3,145.4730072
2023/9/4,146.0570068
2023/9/5,146.5429993
2023/9/6,147.470993
2023/9/7,147.7089996
2023/9/8,147.3309937
2023/9/9,147.3309937
2023/9/10,147.3309937
2023/9/11,147.1130066
2023/9/12,146.6779938
2023/9/13,147.1580048
2023/9/14,147.345993
2023/9/15,147.4819946
2023/9/16,147.4819946
2023/9/17,147.4819946
2023/9/18,147.8679962
2023/9/19,147.6049957
2023/9/20,147.7420044
2023/9/21,148.3209991
2023/9/22,147.6439972
2023/9/23,147.6439972
2023/9/24,147.6439972
2023/9/25,148.4340057
2023/9/26,148.8110046
2023/9/27,149.0449982
2023/9/28,149.4980011
2023/9/29,149.3370056
2023/9/30,149.3370056
2023/10/1,149.3370056
2023/10/2,149.5399933
2023/10/3,149.8509979
2023/10/4,149.1920013
2023/10/5,148.9660034
2023/10/6,148.4629974
2023/10/7,148.4629974
2023/10/8,148.4629974
2023/10/9,149.1600037
2023/10/10,148.3269958
2023/10/11,148.628006
2023/10/12,149.0359955
2023/10/13,149.7899933
2023/10/14,149.7899933
2023/10/15,149.7899933
2023/10/16,149.5659943
2023/10/17,149.5780029
2023/10/18,149.7590027
2023/10/19,149.7420044
2023/10/20,149.802002
2023/10/21,149.802002
2023/10/22,149.802002
2023/10/23,149.8800049
2023/10/24,149.7689972
2023/10/25,149.8540039
2023/10/26,150.0980072
2023/10/27,150.3659973
2023/10/28,150.3659973
2023/10/29,150.3659973
2023/10/30,149.7330017
2023/10/31,149.1109924
2023/11/1,151.2940063
2023/11/2,150.5749969
2023/11/3,150.496994
2023/11/4,150.496994
2023/11/5,150.496994
2023/11/6,149.4490051
2023/11/7,149.9889984
2023/11/8,150.3959961
2023/11/9,150.8639984
2023/11/10,151.348999
2023/11/11,151.348999
2023/11/12,151.348999
2023/11/13,151.4689941
2023/11/14,151.6459961
2023/11/15,150.4850006
2023/11/16,151.2149963
2023/11/17,150.7050018
2023/11/18,150.7050018
2023/11/19,150.7050018
2023/11/20,149.9420013
2023/11/21,148.3619995
2023/11/22,148.1519928
2023/11/23,149.4600067
2023/11/24,149.6349945
2023/11/25,149.6349945
2023/11/26,149.6349945
2023/11/27,149.5709991
2023/11/28,148.4519958
2023/11/29,147.0630035
2023/11/30,147.0390015
2023/12/1,147.9989929
2023/12/2,147.9989929
2023/12/3,147.9989929
2023/12/4,146.3930054
2023/12/5,147.3269958
2023/12/6,147.1849976
2023/12/7,147.1840057
2023/12/8,144.2779999
2023/12/9,144.2779999
2023/12/10,144.2779999
2023/12/11,144.9830017
2023/12/12,146.0850067
2023/12/13,145.2799988
2023/12/14,142.772995
2023/12/15,142.279007
2023/12/16,142.279007
2023/12/17,142.279007
2023/12/18,142.3130035
2023/12/19,142.7220001
2023/12/20,143.8890076
2023/12/21,143.522995
2023/12/22,142.0700073
2023/12/23,142.0700073
2023/12/24,142.0700073
2023/12/25,142.3419952
2023/12/26,142.2299957
2023/12/27,142.4609985
2023/12/28,141.3990021
2023/12/29,141.4299927
2023/12/30,141.4299927
2023/12/31,141.4299927
2024/1/1,140.9519958
2024/1/2,141.1260071
2024/1/3,142.1549988
2024/1/4,142.9989929
2024/1/5,144.7649994
2024/1/6,144.7649994
2024/1/7,144.7649994
2024/1/8,144.7160034
2024/1/9,144.2299957
2024/1/10,144.4279938
2024/1/11,145.7339935
2024/1/12,145.0460052
2024/1/13,145.0460052
2024/1/14,145.0460052
2024/1/15,145.1490021
2024/1/16,145.7940063
2024/1/17,147.2460022
2024/1/18,148.1179962
2024/1/19,148.128006
2024/1/20,148.128006
2024/1/21,148.128006
2024/1/22,148.1210022
2024/1/23,148.1419983
2024/1/24,148.2510071
2024/1/25,147.5910034
2024/1/26,147.7230072
2024/1/27,147.7230072
2024/1/28,147.7230072
2024/1/29,148.1399994
2024/1/30,147.4680023
2024/1/31,147.3690033
2024/2/1,146.9960022
2024/2/2,146.451004
2024/2/3,146.451004
2024/2/4,146.451004
2024/2/5,148.5010071
2024/2/6,148.6399994
2024/2/7,147.8179932
2024/2/8,148.0859985
2024/2/9,149.2590027
2024/2/10,149.2590027
2024/2/11,149.2590027
2024/2/12,149.1670074
2024/2/13,149.4049988
2024/2/14,150.723999
2024/2/15,150.5440063
2024/2/16,149.9459991
2024/2/17,149.9459991
2024/2/18,149.9459991
2024/2/19,150.0910034
2024/2/20,150.2700043
2024/2/21,149.9389954
2024/2/22,150.3549957
2024/2/23,150.4830017
2024/2/24,150.4830017
2024/2/25,150.4830017
2024/2/26,150.4980011
2024/2/27,150.5659943
2024/2/28,150.4949951
2024/2/29,150.6560059
2024/3/1,150.0950012
2024/3/2,150.0950012
2024/3/3,150.0950012
2024/3/4,150.1049957
2024/3/5,150.4660034
2024/3/6,150.048996
2024/3/7,149.2689972
2024/3/8,147.8679962
2024/3/9,147.8679962
2024/3/10,147.8679962
2024/3/11,146.7740021
2024/3/12,146.7319946
2024/3/13,147.6190033
2024/3/14,147.6210022
2024/3/15,148.2960052
2024/3/16,148.2960052
2024/3/17,148.2960052
2024/3/18,148.9550018
2024/3/19,149.1439972
2024/3/20,151.0350037
2024/3/21,150.7599945
2024/3/22,151.6329956
2024/3/23,151.6329956
2024/3/24,151.6329956
2024/3/25,151.3049927
2024/3/26,151.3730011
2024/3/27,151.5299988
2024/3/28,151.2870026
2024/3/29,151.4400024
2024/3/30,151.4400024
2024/3/31,151.4400024
2024/4/1,151.397995
2024/4/2,151.5809937
2024/4/3,151.5399933
2024/4/4,151.5809937
2024/4/5,151.2920074
2024/4/6,151.2920074
2024/4/7,151.2920074
2024/4/8,151.6900024
2024/4/9,151.8430023
2024/4/10,151.7769928
2024/4/11,152.9640045
2024/4/12,153.1920013
2024/4/13,153.1920013
2024/4/14,153.1920013
2024/4/15,153.2830048
2024/4/16,154.2059937
2024/4/17,154.697998
2024/4/18,154.3419952
2024/4/19,154.6100006
2024/4/20,154.6100006
2024/4/21,154.6100006
2024/4/22,154.6399994
2024/4/23,154.8130035
2024/4/24,154.7440033
2024/4/25,155.2590027
2024/4/26,155.5970001
2024/4/27,155.5970001
2024/4/28,155.5970001
2024/4/29,158.223999
2024/4/30,156.3139954
2024/5/1,157.7220001
2024/5/2,155.7039948
2024/5/3,153.0449982
2024/5/4,153.0449982
2024/5/5,153.0449982
2024/5/6,153.5659943
2024/5/7,154.2369995
2024/5/8,154.7480011
2024/5/9,155.4190063
2024/5/10,155.3890076
2024/5/11,155.3890076
2024/5/12,155.3890076
2024/5/13,155.8179932
2024/5/14,156.2330017
2024/5/15,156.4980011
2024/5/16,154.2819977
2024/5/17,155.3789978
2024/5/18,155.3789978
2024/5/19,155.3789978
2024/5/20,155.7539978
2024/5/21,156.3699951
2024/5/22,156.2510071
2024/5/23,156.7039948
2024/5/24,156.9730072
2024/5/25,156.9730072
2024/5/26,156.9730072
2024/5/27,156.8699951
2024/5/28,156.8450012
2024/5/29,157.2619934
2024/5/30,157.6080017
2024/5/31,156.9530029
2024/6/1,156.9530029
2024/6/2,156.9530029
2024/6/3,157.1799927
2024/6/4,156.076004
2024/6/5,155.1239929
2024/6/6,155.9290009
2024/6/7,155.6970062
2024/6/8,155.6970062
2024/6/9,155.6970062
2024/6/10,156.8329926
2024/6/11,157.0399933
2024/6/12,157.1049957
2024/6/13,156.8000031
2024/6/14,157.128006
2024/6/15,157.128006
2024/6/16,157.128006
2024/6/17,157.5460052
2024/6/18,157.6999969
2024/6/19,157.8710022
2024/6/20,157.9579926
2024/6/21,158.9309998
2024/6/22,158.9309998
2024/6/23,158.9309998
2024/6/24,159.8609924
2024/6/25,159.6860046
2024/6/26,159.6860046
2024/6/27,160.6210022
2024/6/28,160.6869965
2024/6/29,160.6869965
2024/6/30,160.6869965
2024/7/1,160.9069977
2024/7/2,161.5119934
2024/7/3,161.5039978
2024/7/4,161.6210022
2024/7/5,161.3580017
2024/7/6,161.3580017
2024/7/7,161.3580017
2024/7/8,160.6380005
2024/7/9,160.8569946
2024/7/10,161.3309937
2024/7/11,161.6069946
2024/7/12,158.201004
2024/7/13,158.201004
2024/7/14,158.201004
2024/7/15,158.3130035
2024/7/16,158.1410065
2024/7/17,158.3500061
2024/7/18,155.6860046
2024/7/19,157.1499939
2024/7/20,157.1499939
2024/7/21,157.1499939
2024/7/22,157.4219971
2024/7/23,156.8910065
2024/7/24,155.7680054
2024/7/25,153.8910065
2024/7/26,153.6970062
2024/7/27,153.6970062
2024/7/28,153.6970062
2024/7/29,154.1390076
2024/7/30,153.8329926
2024/7/31,152.6699982
2024/8/1,149.7440033
2024/8/2,149.201004
2024/8/3,149.201004
2024/8/4,149.201004
2024/8/5,145.5839996
2024/8/6,145.7899933
2024/8/7,144.7319946
2024/8/8,146.1239929
2024/8/9,147.6690063
2024/8/10,147.6690063
2024/8/11,147.6690063
2024/8/12,147.0420074
2024/8/13,146.9819946
2024/8/14,146.970993
2024/8/15,147.253006
2024/8/16,149.2220001
2024/8/17,149.2220001
2024/8/18,149.2220001
2024/8/19,147.9559937
2024/8/20,146.6990051
2024/8/21,145.3470001
2024/8/22,145.1179962
2024/8/23,146.2019958
2024/8/24,146.2019958
2024/8/25,146.2019958
2024/8/26,144
2024/8/27,144.5160065
2024/8/28,143.9750061
2024/8/29,144.4329987
2024/8/30,144.8899994
2024/8/31,144.8899994
2024/9/1,144.8899994
2024/9/2,146.3809967
2024/9/3,146.7220001
2024/9/4,145.3529968
2024/9/5,143.3240051
2024/9/6,143.3930054
2024/9/7,143.3930054
2024/9/8,143.3930054
2024/9/9,142.4859924
2024/9/10,143.177002
2024/9/11,142.2339935
2024/9/12,142.5899963
2024/9/13,141.4989929
2024/9/14,141.4989929
2024/9/15,141.4989929
2024/9/16,140.7899933
2024/9/17,140.7899933
2024/9/18,142.0149994
2024/9/19,142.7100067
2024/9/20,142.8580017
2024/9/21,142.8580017
2024/9/22,142.8580017
2024/9/23,144.0039978
2024/9/24,143.6380005
2024/9/25,142.9629974
2024/9/26,144.6829987
2024/9/27,145.076004
2024/9/28,145.076004
2024/9/29,145.076004
2024/9/30,142.7830048
2024/10/1,143.7100067
2024/10/2,143.7359924
2024/10/3,146.5820007
2024/10/4,146.8399963
2024/10/5,146.8399963
2024/10/6,146.8399963
2024/10/7,148.8200073
2024/10/8,148.1459961
2024/10/9,148.1589966
2024/10/10,149.1600037
2024/10/11,148.7039948
2024/10/12,148.7039948
2024/10/13,148.7039948
2024/10/14,149.3339996
2024/10/15,149.6699982
2024/10/16,149.098999
2024/10/17,149.576004
2024/10/18,150.1000061
2024/10/19,150.1000061
2024/10/20,150.1000061
2024/10/21,149.6000061
2024/10/22,150.6049957
2024/10/23,151.1380005
2024/10/24,152.7689972
2024/10/25,151.7830048
2024/10/26,151.7830048
2024/10/27,151.7830048
2024/10/28,152.9519958
2024/10/29,153.1790009
2024/10/30,153.2740021
2024/10/31,153.2039948
2024/11/1,151.9799957
2024/11/2,151.9799957
2024/11/3,151.9799957
2024/11/4,152.2870026
2024/11/5,152.276001
2024/11/6,151.4349976
2024/11/7,154.3200073
2024/11/8,153.1799927
2024/11/9,153.1799927
2024/11/10,153.1799927
2024/11/11,152.904007
2024/11/12,153.4799957
2024/11/13,154.6549988
2024/11/14,155.4290009
2024/11/15,156.4680023
2024/11/16,156.4680023
2024/11/17,156.4680023
2024/11/18,154.6640015
2024/11/19,154.6170044
2024/11/20,154.7180023
2024/11/21,155.2949982
2024/11/22,154.2180023
2024/11/23,154.2180023
2024/11/24,154.2180023
2024/11/25,154.1459961
2024/11/26,154.378006
2024/11/27,153.0090027
2024/11/28,151.3359985
2024/11/29,151.173996
2024/11/30,151.173996
2024/12/1,151.173996
2024/12/2,149.897995
2024/12/3,149.5079956
2024/12/4,149.6470032
2024/12/5,150.5670013
2024/12/6,150.2070007
2024/12/7,150.2070007
2024/12/8,150.2070007
2024/12/9,150.0299988
2024/12/10,151.4080048
2024/12/11,151.8070068
2024/12/12,152.2449951
2024/12/13,152.5870056
2024/12/14,152.5870056
2024/12/15,152.5870056
2024/12/16,153.4530029
2024/12/17,154.0859985
2024/12/18,153.5720062
2024/12/19,154.6730042
2024/12/20,157.6439972
2024/12/21,157.6439972
2024/12/22,157.6439972
2024/12/23,156.5330048
2024/12/24,157.1649933
2024/12/25,157.1069946
2024/12/26,157.1329956
2024/12/27,157.7480011
2024/12/28,157.7480011
2024/12/29,157.7480011
2024/12/30,157.8730011
2024/12/31,156.9949951
2025/1/1,156.9949951
2025/1/2,157.7189941
2025/1/3,157.3619995
2025/1/4,157.3619995
2025/1/5,157.3619995
2025/1/6,157.4810028
2025/1/7,157.7429962
2025/1/8,158.2359924
2025/1/9,158.1920013
2025/1/10,158.0480042
2025/1/11,158.0480042
2025/1/12,158.0480042
2025/1/13,157.8869934
2025/1/14,157.3639984
2025/1/15,158.0500031
2025/1/16,156.2550049
2025/1/17,155.3560028
2025/1/18,155.3560028
2025/1/19,155.3560028
2025/1/20,156.3059998
2025/1/21,155.2489929
2025/1/22,155.7740021
2025/1/23,156.4400024
2025/1/24,156.1549988
2025/1/25,156.1549988
2025/1/26,156.1549988
2025/1/27,155.7440033
2025/1/28,154.9089966
2025/1/29,155.5590057
2025/1/30,155.1699982
2025/1/31,154.0970001
2025/2/1,154.0970001
2025/2/2,154.0970001
2025/2/3,155.3630066
2025/2/4,155.2769928
2025/2/5,154.1329956
2025/2/6,152.6060028
2025/2/7,151.1929932
2025/2/8,151.1929932
2025/2/9,151.1929932
2025/2/10,151.845993
2025/2/11,151.7590027
2025/2/12,152.7389984
2025/2/13,154.2550049
2025/2/14,152.9889984
2025/2/15,152.9889984
2025/2/16,152.9889984
2025/2/17,152.022995
2025/2/18,151.4440002
2025/2/19,151.9309998
2025/2/20,151.2200012
2025/2/21,149.4080048
2025/2/22,149.4080048
2025/2/23,149.4080048
2025/2/24,149.3869934
2025/2/25,149.8639984
2025/2/26,149.0780029
2025/2/27,148.8379974
2025/2/28,150.0119934
2025/3/1,150.0119934
2025/3/2,150.0119934
2025/3/3,150.7709961
2025/3/4,149.3049927
2025/3/5,149.798996
2025/3/6,148.897995
2025/3/7,148.1080017
2025/3/8,148.1080017
2025/3/9,148.1080017
2025/3/10,147.6080017
2025/3/11,147.0690002
2025/3/12,148.0420074
2025/3/13,148.279007
2025/3/14,147.9490051
2025/3/15,147.9490051
2025/3/16,147.9490051
2025/3/17,148.5980072
2025/3/18,149.3789978
2025/3/19,149.4519958
2025/3/20,148.4900055
2025/3/21,148.595993
2025/3/22,148.595993
2025/3/23,148.595993
2025/3/24,149.677002
2025/3/25,150.7740021
2025/3/26,149.9499969
2025/3/27,150.4730072
2025/3/28,150.8470001
2025/3/29,150.8470001
2025/3/30,150.8470001
2025/3/31,149.6170044
2025/4/1,149.9129944
2025/4/2,149.7830048
2025/4/3,147.871994
2025/4/4,146.2310028
2025/4/5,146.2310028
2025/4/6,146.2310028
2025/4/7,145.4329987
2025/4/8,147.7890015
2025/4/9,145.8450012
2025/4/10,147.3990021
2025/4/11,143.746994
2025/4/12,143.746994
2025/4/13,143.746994
2025/4/14,143.6959991
2025/4/15,143.220993
2025/4/16,143.1809998
2025/4/17,141.9279938
2025/4/18,141.9279938
2025/4/19,141.9279938
2025/4/20,141.9279938
2025/4/21,141.9279938
2025/4/22,140.8760071
2025/4/23,142.6880035
2025/4/24,143.2230072
2025/4/25,142.8789978
2025/4/26,142.8789978
2025/4/27,142.8789978
2025/4/28,143.8410034
2025/4/29,142.1779938
2025/4/30,142.298996
2025/5/1,143.0090027
2025/5/2,145.447998
2025/5/3,145.447998
2025/5/4,145.447998
2025/5/5,144.6239929
2025/5/6,143.654007
2025/5/7,143.0350037
2025/5/8,143.8480072
2025/5/9,146.0149994
2025/5/10,146.0149994
2025/5/11,146.0149994
2025/5/12,145.8119965
2025/5/13,148.3099976
2025/5/14,147.5279999
2025/5/15,146.6499939
2025/5/16,145.6130066
2025/5/17,145.6130066
2025/5/18,145.6130066
2025/5/19,145.2980042
2025/5/20,144.9750061
2025/5/21,144.3280029
2025/5/22,143.7550049
2025/5/23,143.8580017
2025/5/24,143.8580017
2025/5/25,143.8580017
2025/5/26,142.8670044
2025/5/27,142.6549988
2025/5/28,144.177002
2025/5/29,145.6970062
2025/5/30,143.779007
2025/5/31,143.779007
2025/6/1,143.779007
2025/6/2,143.8150024
2025/6/3,142.4519958
2025/6/4,143.8370056
2025/6/5,142.7319946
2025/6/6,143.5420074
2025/6/7,143.5420074
2025/6/8,143.5420074
2025/6/9,144.6909943
2025/6/10,144.5399933
2025/6/11,144.8379974
2025/6/12,144.2030029
2025/6/13,143.1940002
2025/6/14,143.1940002
2025/6/15,143.1940002
2025/6/16,144.0910034
2025/6/17,144.7290039
2025/6/18,145.3760071
2025/6/19,144.9550018
2025/6/20,145.2180023
2025/6/21,145.2180023
2025/6/22,145.2180023
2025/6/23,146.223999
2025/6/24,145.9279938
2025/6/25,144.9570007
2025/6/26,144.904007
2025/6/27,144.6940002
2025/6/28,144.6940002
2025/6/29,144.6940002
2025/6/30,144.5169983
2025/7/1,143.8000031
2025/7/2,143.4019928
2025/7/3,143.526001
2025/7/4,144.6820068
2025/7/5,144.6820068
2025/7/6,144.6820068
2025/7/7,144.4980011
2025/7/8,145.8919983
2025/7/9,146.848999
2025/7/10,146.1139984
2025/7/11,146.2879944
2025/7/12,146.2879944
2025/7/13,146.2879944
2025/7/14,147.2949982
2025/7/15,147.7920074
2025/7/16,148.7610016
2025/7/17,148.003006
2025/7/18,148.4420013
2025/7/19,148.4420013
2025/7/20,148.4420013
2025/7/21,148.4309998
2025/7/22,147.4089966
2025/7/23,146.7850037
2025/7/24,146.348999
2025/7/25,147.0050049
2025/7/26,147.0050049
2025/7/27,147.0050049
2025/7/28,147.8130035
2025/7/29,148.4790039
2025/7/30,148.4420013
2025/7/31,149.2259979
2025/8/1,150.7720032
2025/8/2,150.7720032
2025/8/3,150.7720032
2025/8/4,147.3430023
2025/8/5,146.7929993
2025/8/6,147.5599976
2025/8/7,147.1929932
2025/8/8,146.8370056
2025/8/9,146.8370056
2025/8/10,146.8370056
2025/8/11,147.6640015
2025/8/12,148.125
2025/8/13,147.7579956
2025/8/14,147.1199951
2025/8/15,147.6909943
2025/8/16,147.6909943
2025/8/17,147.6909943
2025/8/18,147.2640076
2025/8/19,147.9160004
2025/8/20,147.7310028
2025/8/21,147.3179932
2025/8/22,148.3860016
2025/8/23,148.3860016
2025/8/24,148.3860016
2025/8/25,147.2149963
2025/8/26,147.8220062
2025/8/27,147.4620056
2025/8/28,147.3159943
2025/8/29,146.7899933
2025/8/30,146.7899933
2025/8/31,146.7899933
2025/9/1,147.0970001
2025/9/2,147.0839996
2025/9/3,148.5480042
2025/9/4,147.9799957
2025/9/5,148.375
2025/9/6,148.375
2025/9/7,148.375
2025/9/8,148.3439941
2025/9/9,147.3639984
2025/9/10,147.3919983
2025/9/11,147.3320007
2025/9/12,147.223999
2025/9/13,147.223999
2025/9/14,147.223999
2025/9/15,147.6660004
2025/9/16,147.4049988
2025/9/17,146.4129944
2025/9/18,146.8910065
2025/9/19,147.9470062
2025/9/20,147.9470062
2025/9/21,147.9470062
2025/9/22,148.0950012
2025/9/23,147.7250061
2025/9/24,147.6130066
2025/9/25,148.7510071
2025/9/26,149.8609924
2025/9/27,149.8609924
2025/9/28,149.8609924
2025/9/29,149.4049988
2025/9/30,148.5950012
2025/10/1,147.996994
2025/10/2,147.0829926
2025/10/3,147.1499939
2025/10/4,147.1499939
2025/10/5,147.1499939
2025/10/6,149.6060028
2025/10/7,150.3309937
2025/10/8,152.0509949
2025/10/9,152.6799927
2025/10/10,152.9649963
2025/10/11,152.9649963
2025/10/12,152.9649963
2025/10/13,152.0559998
2025/10/14,152.4340057
2025/10/15,151.7310028
2025/10/16,150.973999
2025/10/17,150.1199951
2025/10/18,150.1199951
2025/10/19,150.1199951
2025/10/20,150.8999939
2025/10/21,150.7740021
2025/10/22,151.8930054
2025/10/23,151.9539948
2025/10/24,152.602005
2025/10/25,152.602005
2025/10/26,152.602005
2025/10/27,153.0610046
2025/10/28,152.6920013
2025/10/29,151.7310028
2025/10/30,152.7220001
2025/10/31,153.8999939
2025/11/1,153.8999939
2025/11/2,153.8999939
2025/11/3,154.1950073
2025/11/4,154.2039948
2025/11/5,153.5570068
2025/11/6,154.072998
2025/11/7,152.947998
2025/11/8,152.947998
2025/11/9,152.947998
2025/11/10,153.8170013
2025/11/11,154.1459961
2025/11/12,154.0749969
2025/11/13,154.7129974
2025/11/14,154.6329956
2025/11/15,154.6329956
2025/11/16,154.6329956
2025/11/17,154.5850067
2025/11/18,155.272995
2025/11/19,155.5480042
2025/11/20,156.9920044
2025/11/21,157.3690033
2025/11/22,157.3690033
2025/11/23,157.3690033
2025/11/24,156.6880035
2025/11/25,156.9389954
2025/11/26,156.2299957
2025/11/27,156.2389984
2025/11/28,156.2839966
2025/11/29,156.2839966
2025/11/30,156.2839966
2025/12/1,155.9279938
2025/12/2,155.5570068
2025/12/3,155.8070068
2025/12/4,155.1069946
2025/12/5,155.1419983
2025/12/6,155.1419983
2025/12/7,155.1419983
2025/12/8,155.3399963
2025/12/9,155.8439941
2025/12/10,156.8379974
2025/12/11,155.7899933
2025/12/12,155.5670013
2025/12/13,155.5670013
2025/12/14,155.5670013
2025/12/15,155.8880005
2025/12/16,155.0149994
2025/12/17,154.7779999
2025/12/18,155.4949951
2025/12/19,155.5859985
2025/12/20,155.5859985
2025/12/21,155.5859985
2025/12/22,157.6759949
2025/12/23,156.8769989
2025/12/24,156.1759949
2025/12/25,156.1759949
2025/12/26,156.0899963
2025/12/27,156.0899963
2025/12/28,156.0899963
2025/12/29,156.4629974
2025/12/30,156.0130005
2025/12/31,156.4129944
2026/1/1,156.4129944
2026/1/2,156.7310028
2026/1/3,156.7310028
2026/1/4,156.7310028
2026/1/5,156.9889984
2026/1/6,156.6260071
2026/1/7,156.6799927
2026/1/8,156.7310028
2026/1/9,156.8800049
2026/1/10,156.8800049
2026/1/11,156.8800049
2026/1/12,158.1490021
2026/1/13,157.9859924
2026/1/14,159.1790009
2026/1/15,158.4019928
2026/1/16,158.595993
2026/1/17,158.595993
2026/1/18,158.595993
2026/1/19,157.5350037
2026/1/20,158.177002
2026/1/21,158.1620026
2026/1/22,158.4559937
2026/1/23,158.5010071
2026/1/24,158.5010071
2026/1/25,158.5010071
2026/1/26,155.1660004
2026/1/27,154.3359985
2026/1/28,152.4530029
2026/1/29,153.095993
2026/1/30,153.1620026
2026/1/31,153.1620026
2026/2/1,153.1620026
2026/2/2,155.2019958
2026/2/3,155.4429932
2026/2/4,155.798996
2026/2/5,156.9170074
2026/2/6,156.7839966
2026/2/7,156.7839966
2026/2/8,156.7839966
2026/2/9,157.2440033
2026/2/10,156.1320038
2026/2/11,154.4819946
2026/2/12,153.2689972
2026/2/13,152.8209991
2026/2/14,152.8209991
2026/2/15,152.8209991
2026/2/16,152.779007
2026/2/17,153.6089935
2026/2/18,153.1490021
2026/2/19,154.6929932
2026/2/20,155.1600037
2026/2/21,155.1600037
2026/2/22,155.1600037
2026/2/23,154.3390045
2026/2/24,154.6349945
2026/2/25,155.8800049
2026/2/26,156.1999969
2026/2/27,155.8589935
2026/2/28,155.8589935
2026/3/1,155.8589935
2026/3/2,156.6329956
2026/3/3,157.2570038
2026/3/4,157.772995
2026/3/5,156.9830017
2026/3/6,157.5339966
2026/3/7,157.5339966
2026/3/8,157.5339966
2026/3/9,158.427002
2026/3/10,157.8480072
2026/3/11,158.1139984
2026/3/12,159.0749969
2026/3/13,159.2059937
2026/3/14,159.2059937
2026/3/15,159.2059937
2026/3/16,159.5679932
2026/3/17,159.1049957
2026/3/18,158.8890076
2026/3/19,159.7949982
2026/3/20,157.923996
2026/3/21,157.923996
2026/3/22,157.923996
2026/3/23,159.2339935
2026/3/24,158.4790039
2026/3/25,158.7180023
2026/3/26,159.3840027
2026/3/27,159.7039948
2026/3/28,159.7039948
2026/3/29,159.7039948
2026/3/30,160.2339935
2026/3/31,159.8410034
2026/4/1,158.5789948
2026/4/2,158.6880035
2026/4/3,159.4909973
2026/4/4,159.4909973
2026/4/5,159.4909973
2026/4/6,159.7799988
2026/4/7,159.6829987
2026/4/8,158.7160034
2026/4/9,158.6419983
2026/4/10,159.1119995
2026/4/11,159.1119995
2026/4/12,159.1119995
2026/4/13,159.6799927
2026/4/14,159.2140045
2026/4/15,158.7920074
2026/4/16,158.8090057
2026/4/17,159.1950073
2026/4/18,159.1950073
2026/4/19,159.1950073
2026/4/20,159.1609955
2026/4/21,158.8439941
2026/4/22,159.3730011
2026/4/23,159.4880066
2026/4/24,159.746994
2026/4/25,159.746994
2026/4/26,159.746994
2026/4/27,159.576004
2026/4/28,159.3569946
2026/4/29,159.552002
2026/4/30,160.1840057
2026/5/1,156.9779968
2026/5/2,156.9779968
2026/5/3,156.9779968
2026/5/4,156.845993
2026/5/5,157.1940002
2026/5/6,157.677002
2026/5/7,156.5079956
2026/5/8,156.8289948
2026/5/9,156.8289948
2026/5/10,156.8289948
2026/5/11,156.8580017
2026/5/12,157.2310028
2026/5/13,157.6710052
2026/5/14,157.8509979
2026/5/15,158.3820038
2026/5/16,158.3820038
2026/5/17,158.3820038
2026/5/18,158.8439941
2026/5/19,158.8609924
2026/5/20,159.0350037
2026/5/21,158.8880005
2026/5/22,159.0180054
2026/5/23,159.0180054
2026/5/24,159.0180054
2026/5/25,158.9459991
2026/5/26,158.9539948
2026/5/27,159.2429962
2026/5/28,159.5679932
2026/5/29,159.2700043
2026/5/30,159.2700043
2026/5/31,159.2700043
2026/6/1,159.3529968
2026/6/2,159.6360016
2026/6/3,159.9680023
2026/6/4,159.9400024
2026/6/5,159.9900055
2026/6/6,159.9900055
2026/6/7,159.9900055
2026/6/8,160.3269958
2026/6/9,160.173996
2026/6/10,160.3840027
2026/6/11,160.5269928
2026/6/12,160.1300049
2026/6/13,160.1300049
2026/6/14,160.1300049
2026/6/15,159.9550018
2026/6/16,160.2290039
2026/6/17,160.4190063
2026/6/18,160.6000061
2026/6/19,161.2890015
2026/6/20,161.2890015
2026/6/21,161.2890015
2026/6/22,161.4329987
2026/6/23,161.5700073
2026/6/24,161.598999
2026/6/25,161.7630005
2026/6/26,161.8049927
2026/6/27,161.8049927
2026/6/28,161.8049927
2026/6/29,161.7870026
2026/6/30,161.9230042
2026/7/1,162.628006
2026/7/2,162.5390015
2026/7/3,161.4490051
2026/7/4,161.4490051
2026/7/5,161.4490051
2026/7/6,161.4519958
2026/7/7,162.0879974
2026/7/8,162.3630066
2026/7/9,162.5390015
2026/7/10,162.3630066
2026/7/11,162.3630066
2026/7/12,162.3630066
2026/7/13,161.878006
2026/7/14,162.4290009
2026/7/15,162.1869965
2026/7/16,162.0720062
2026/7/17,162.3760071
2026/7/18,162.3760071
2026/7/19,162.3760071
2026/7/20,162.5119934
2026/7/21,162.4869995
2026/7/22,163.1860046
2026/7/23,163.0809937
2026/7/24,163.8320007
2026/7/25,163.8320007
2026/7/26,163.8320007
2026/7/27,163.6109924
2026/7/28,163.7709961
2026/7/29,163.8639984
2026/7/30,163.3000031
2026/7/31,160.1829987
2026/8/1,160.1829987
2026/8/2,160.1829987
2026/8/3,157.5820007
2026/8/4,157.529007
2026/8/5,157.6920013
2026/8/6,157.6000061
2026/8/7,158.4089966
2026/8/8,158.4089966
2026/8/9,158.4089966
2026/8/10,157.8910065
2026/8/11,159.1560059
2026/8/12,159.2649994
2026/8/13,159.3280029
2026/8/14,159.4259949
2026/8/15,159.3049927
